drop table if exists t;
create table t(a int, b int, c int, key(b), key(c));
explain format='hint' select /*+ inl_merge_join(t2) */ * from t t1 inner join t t2 on t1.b = t2.b and t1.c = 1;
hint
inl_merge_join(@`sel_1` `planner__core__physical_plan`.`t2`), use_index(@`sel_1` `planner__core__physical_plan`.`t1` `c`), no_order_index(@`sel_1` `planner__core__physical_plan`.`t1` `c`), use_index(@`sel_1` `planner__core__physical_plan`.`t2` `b`), order_index(@`sel_1` `planner__core__physical_plan`.`t2` `b`), inl_merge_join(`t2`)
explain format='hint' select /*+ inl_hash_join(t2) */ * from t t1 inner join t t2 on t1.b = t2.b and t1.c = 1;
hint
inl_hash_join(@`sel_1` `planner__core__physical_plan`.`t2`), use_index(@`sel_1` `planner__core__physical_plan`.`t1` `c`), no_order_index(@`sel_1` `planner__core__physical_plan`.`t1` `c`), use_index(@`sel_1` `planner__core__physical_plan`.`t2` `b`), no_order_index(@`sel_1` `planner__core__physical_plan`.`t2` `b`), inl_hash_join(`t2`)
drop table if exists t;
create table t(a int, b int, c int, index idx_a(a));
select extract(day_hour from 'ziy') as res from t order by res limit 1;
res
drop table if exists student, sc;
create table student(id int primary key auto_increment, name varchar(4) not null);
create table sc(id int primary key auto_increment, student_id int not null, course_id int not null, score int not null);
insert into student values (1,'s1'), (2,'s2');
insert into sc (student_id, course_id, score) values (1,1,59), (1,2,57), (1,3,76), (2,1,99), (2,2,100), (2,3,100);
select /*+ stream_agg() */ a.id, avg(b.score) as afs from student a join sc b on a.id = b.student_id where b.score < 60 group by a.id having count(b.course_id) >= 2;
id	afs
1	58.0000
drop table if exists t30965;
CREATE TABLE `t30965` ( `a` int(11) DEFAULT NULL, `b` int(11) DEFAULT NULL, `c` int(11) DEFAULT NULL, `d` int(11) GENERATED ALWAYS AS (`a` + 1) VIRTUAL, KEY `ib` (`b`));
insert into t30965 (a,b,c) value(3,4,5);
select count(*) from t30965 where d = 2 and b = 4 and a = 3 and c = 5;
count(*)
0
explain format = 'brief' select count(*) from t30965 where d = 2 and b = 4 and a = 3 and c = 5;
id	estRows	task	access object	operator info
StreamAgg	1.00	root		funcs:count(1)->Column#6
└─Selection	0.00	root		eq(planner__core__physical_plan.t30965.d, 2)
  └─IndexLookUp	0.00	root		
    ├─IndexRangeScan(Build)	10.00	cop[tikv]	table:t30965, index:ib(b)	range:[4,4], keep order:false, stats:pseudo
    └─Selection(Probe)	0.00	cop[tikv]		eq(planner__core__physical_plan.t30965.a, 3), eq(planner__core__physical_plan.t30965.c, 5)
      └─TableRowIDScan	10.00	cop[tikv]	table:t30965	keep order:false, stats:pseudo
drop table if exists t1;
CREATE TABLE `t1` ( `a` int(11) DEFAULT NULL, `b` int(11) DEFAULT NULL, `c` int(11) DEFAULT NULL);
insert into t1 (a,b,c) value(3,4,5);
explain format = 'brief' select * from (select * from t1 order by a) tmp;
id	estRows	task	access object	operator info
TableReader	10000.00	root		data:TableFullScan
└─TableFullScan	10000.00	cop[tikv]	table:t1	keep order:false, stats:pseudo
