drop table if exists t1;
create table t1 (da date default '1962-03-03 23:33:34', dt datetime default '1962-03-03', ti time default '2020-10-11 12:23:23', ts timestamp default '2020-10-13 12:23:23');
show create table t1;
Table	Create Table
t1	CREATE TABLE `t1` (
  `da` date DEFAULT '1962-03-03',
  `dt` datetime DEFAULT '1962-03-03 00:00:00',
  `ti` time DEFAULT '12:23:23',
  `ts` timestamp DEFAULT '2020-10-13 12:23:23'
) ENGINE=InnoDB DEFAULT CHARSET=utf8mb4 COLLATE=utf8mb4_bin
insert into t1 values();
select * from t1;
da	dt	ti	ts
1962-03-03	1962-03-03 00:00:00	12:23:23	2020-10-13 12:23:23
alter table t1 add column da1 date default '2020-03-27 20:20:20 123456';
show create table t1;
Table	Create Table
t1	CREATE TABLE `t1` (
  `da` date DEFAULT '1962-03-03',
  `dt` datetime DEFAULT '1962-03-03 00:00:00',
  `ti` time DEFAULT '12:23:23',
  `ts` timestamp DEFAULT '2020-10-13 12:23:23',
  `da1` date DEFAULT '2020-03-27'
) ENGINE=InnoDB DEFAULT CHARSET=utf8mb4 COLLATE=utf8mb4_bin
select * from t1;
da	dt	ti	ts	da1
1962-03-03	1962-03-03 00:00:00	12:23:23	2020-10-13 12:23:23	2020-03-27
alter table t1 change ts da2 date default '2020-10-10 20:20:20';
show create table t1;
Table	Create Table
t1	CREATE TABLE `t1` (
  `da` date DEFAULT '1962-03-03',
  `dt` datetime DEFAULT '1962-03-03 00:00:00',
  `ti` time DEFAULT '12:23:23',
  `da2` date DEFAULT '2020-10-10',
  `da1` date DEFAULT '2020-03-27'
) ENGINE=InnoDB DEFAULT CHARSET=utf8mb4 COLLATE=utf8mb4_bin
select * from t1;
da	dt	ti	da2	da1
1962-03-03	1962-03-03 00:00:00	12:23:23	2020-10-13	2020-03-27
drop table if exists t1, t2;
CREATE TABLE t1(id INTEGER PRIMARY KEY, authorId INTEGER AUTO_INCREMENT UNIQUE);
show create table t1;
Table	Create Table
t1	CREATE TABLE `t1` (
  `id` int(11) NOT NULL,
  `authorId` int(11) NOT NULL AUTO_INCREMENT,
  PRIMARY KEY (`id`) /*T![clustered_index] CLUSTERED */,
  UNIQUE KEY `authorId` (`authorId`)
) ENGINE=InnoDB DEFAULT CHARSET=utf8mb4 COLLATE=utf8mb4_bin
CREATE TABLE `t2`( `id` INTEGER PRIMARY KEY, `authorId` int(11) AUTO_INCREMENT, UNIQUE KEY `authorIdx` (`authorId`));
show create table t2;
Table	Create Table
t2	CREATE TABLE `t2` (
  `id` int(11) NOT NULL,
  `authorId` int(11) NOT NULL AUTO_INCREMENT,
  PRIMARY KEY (`id`) /*T![clustered_index] CLUSTERED */,
  UNIQUE KEY `authorIdx` (`authorId`)
) ENGINE=InnoDB DEFAULT CHARSET=utf8mb4 COLLATE=utf8mb4_bin
set @@sql_mode='';
drop table if exists t1;
create table t1(b tinyint default '11111111');
Error 1067 (42000): Invalid default value for 'b'
create table t1(b tinyint default '11abc');
Error 1067 (42000): Invalid default value for 'b'
create table t1(b datetime default '11abc');
Error 1067 (42000): Invalid default value for 'b'
create table t1(b date default '2024-10');
Error 1067 (42000): Invalid default value for 'b'
create table t1(a tinyint, b date default '2024-10-24 12:20');
alter table t1 add column(c tinyint default '11111111');
Error 1067 (42000): Invalid default value for 'c'
alter table t1 add column(c tinyint default '11abc');
Error 1067 (42000): Invalid default value for 'c'
alter table t1 add column(c datetime default '11abc');
Error 1067 (42000): Invalid default value for 'c'
alter table t1 add column d date default '2024-10';
Error 1067 (42000): Invalid default value for 'd'
drop table if exists t;
create table t(a decimal(0,0), b decimal(0));
show create table t;
Table	Create Table
t	CREATE TABLE `t` (
  `a` decimal(10,0) DEFAULT NULL,
  `b` decimal(10,0) DEFAULT NULL
) ENGINE=InnoDB DEFAULT CHARSET=utf8mb4 COLLATE=utf8mb4_bin
drop table if exists t;
create table t(a bit(2) default b'111');
Error 1067 (42000): Invalid default value for 'a'
create table t(a bit(65) default b'111');
Error 1439 (42000): Display width out of range for column 'a' (max = 64)
create table t(a bit(64) default b'1111111111111111111111111111111111111111111111111111111111111111');
drop table t;
create table t(a bit(3) default b'111');
drop table t;
create table t(a bit(3) default b'000111');
drop table t;
create table t(a bit(32) default b'1111111111111111111111111111111');
drop table if exists t;
create table t(col1 int, col2 int);
alter table t modify column col1 int no_null_index;
alter table t add index idx(col1, col2);
alter table t modify column col2 int no_null_index;
Error 8200 (HY000): Unsupported modify column: can't modify column to no_null_index with existing index
alter table t modify column col1 int no_null_index;
alter table t drop index idx;
alter table t modify column col2 int no_null_index;
alter table t add index idx(col1, col2);
show create table t;
Table	Create Table
t	CREATE TABLE `t` (
  `col1` int(11) DEFAULT NULL NO_NULL_INDEX,
  `col2` int(11) DEFAULT NULL NO_NULL_INDEX,
  KEY `idx` (`col1`,`col2`)
) ENGINE=InnoDB DEFAULT CHARSET=utf8mb4 COLLATE=utf8mb4_bin
drop table if exists t;
create table t(col1 int, col2 int);
alter table t change column col1 col1 int no_null_index;
alter table t add index idx(col1, col2);
alter table t change column col2 col3 int no_null_index;
Error 8200 (HY000): Unsupported modify column: can't modify column to no_null_index with existing index
alter table t change column col1 col3 int no_null_index;
alter table t drop index idx;
alter table t change column col2 col4 int no_null_index;
alter table t add index idx(col3, col4);
show create table t;
Table	Create Table
t	CREATE TABLE `t` (
  `col3` int(11) DEFAULT NULL NO_NULL_INDEX,
  `col4` int(11) DEFAULT NULL NO_NULL_INDEX,
  KEY `idx` (`col3`,`col4`)
) ENGINE=InnoDB DEFAULT CHARSET=utf8mb4 COLLATE=utf8mb4_bin
