drop table if exists test_gv_ddl, table_with_gen_col_blanks, table_with_gen_col_latin1, table_with_gen_col_string;
CREATE TABLE test_gv_ddl(a int, b int as (a+8) virtual, c int as (b + 2) stored);
DESC test_gv_ddl;
Field	Type	Null	Key	Default	Extra
a	int(11)	YES		NULL	
b	int(11)	YES		NULL	VIRTUAL GENERATED
c	int(11)	YES		NULL	STORED GENERATED
show create table test_gv_ddl;
Table	Create Table
test_gv_ddl	CREATE TABLE `test_gv_ddl` (
  `a` int(11) DEFAULT NULL,
  `b` int(11) GENERATED ALWAYS AS (`a` + 8) VIRTUAL,
  `c` int(11) GENERATED ALWAYS AS (`b` + 2) STORED
) ENGINE=InnoDB DEFAULT CHARSET=utf8mb4 COLLATE=utf8mb4_bin
create table table_with_gen_col_blanks (a int, b char(20) as (cast(
a
as  char)), c int as (a+100));
show create table table_with_gen_col_blanks;
Table	Create Table
table_with_gen_col_blanks	CREATE TABLE `table_with_gen_col_blanks` (
  `a` int(11) DEFAULT NULL,
  `b` char(20) GENERATED ALWAYS AS (cast(`a` as char)) VIRTUAL,
  `c` int(11) GENERATED ALWAYS AS (`a` + 100) VIRTUAL
) ENGINE=InnoDB DEFAULT CHARSET=utf8mb4 COLLATE=utf8mb4_bin
create table table_with_gen_col_latin1 (a int, b char(20) as (cast(
a
as  char charset latin1)), c int as (a+100));
show create table table_with_gen_col_latin1;
Table	Create Table
table_with_gen_col_latin1	CREATE TABLE `table_with_gen_col_latin1` (
  `a` int(11) DEFAULT NULL,
  `b` char(20) GENERATED ALWAYS AS (cast(`a` as char charset latin1)) VIRTUAL,
  `c` int(11) GENERATED ALWAYS AS (`a` + 100) VIRTUAL
) ENGINE=InnoDB DEFAULT CHARSET=utf8mb4 COLLATE=utf8mb4_bin
create table table_with_gen_col_string (first_name varchar(10), last_name varchar(10), full_name varchar(255) AS (CONCAT(first_name,' ',last_name)));
show create table table_with_gen_col_string;
Table	Create Table
table_with_gen_col_string	CREATE TABLE `table_with_gen_col_string` (
  `first_name` varchar(10) DEFAULT NULL,
  `last_name` varchar(10) DEFAULT NULL,
  `full_name` varchar(255) GENERATED ALWAYS AS (concat(`first_name`, _utf8mb4' ', `last_name`)) VIRTUAL
) ENGINE=InnoDB DEFAULT CHARSET=utf8mb4 COLLATE=utf8mb4_bin
alter table table_with_gen_col_string modify column full_name varchar(255) GENERATED ALWAYS AS (CONCAT(last_name,' ' ,first_name) ) VIRTUAL;
show create table table_with_gen_col_string;
Table	Create Table
table_with_gen_col_string	CREATE TABLE `table_with_gen_col_string` (
  `first_name` varchar(10) DEFAULT NULL,
  `last_name` varchar(10) DEFAULT NULL,
  `full_name` varchar(255) GENERATED ALWAYS AS (concat(`last_name`, _utf8mb4' ', `first_name`)) VIRTUAL
) ENGINE=InnoDB DEFAULT CHARSET=utf8mb4 COLLATE=utf8mb4_bin
create table test_gv_incorrect_pc(a double, b int as (lower(a, 2)));
Error 1582 (42000): Incorrect parameter count in the call to native function 'lower'
create table test_gv_incorrect_pc(a double, b int as (lower(a, 2)) stored);
Error 1582 (42000): Incorrect parameter count in the call to native function 'lower'
alter table test_gv_ddl drop column a;
Error 3108 (HY000): Column 'a' has a generated column dependency.
alter table test_gv_ddl change column a anew int;
Error 3108 (HY000): Column 'a' has a generated column dependency.
alter table test_gv_ddl modify column b bigint;
Error 3106 (HY000): 'Changing the STORED status' is not supported for generated columns.
alter table test_gv_ddl change column c cnew bigint as (a+100);
Error 3106 (HY000): 'Changing the STORED status' is not supported for generated columns.
alter table test_gv_ddl modify column b int as (c+100);
Error 3107 (HY000): Generated column can refer only to generated columns defined prior to it.
alter table test_gv_ddl change column b bnew int as (c+100);
Error 3108 (HY000): Column 'b' has a generated column dependency.
create table test_gv_ddl_bad (a int, b int as (c+8));
Error 1054 (42S22): Unknown column 'c' in 'generated column function'
create table test_gv_ddl_bad (a int, b int as (c+1), c int as (a+1));
Error 3107 (HY000): Generated column can refer only to generated columns defined prior to it.
create table test_gv_ddl_bad (a int, b int, c int as (a+b) primary key);
Error 3106 (HY000): 'Defining a virtual generated column as primary key' is not supported for generated columns.
create table test_gv_ddl_bad (a int, b int, c int as (a+b), primary key(c));
Error 3106 (HY000): 'Defining a virtual generated column as primary key' is not supported for generated columns.
create table test_gv_ddl_bad (a int, b int, c int as (a+b), primary key(a, c));
Error 3106 (HY000): 'Defining a virtual generated column as primary key' is not supported for generated columns.
alter table test_gv_ddl add column d int as (b+2) stored;
Error 3106 (HY000): 'Adding generated stored column through ALTER TABLE' is not supported for generated columns.
alter table test_gv_ddl modify column b int as (a + 8) stored;
Error 3106 (HY000): 'Changing the STORED status' is not supported for generated columns.
alter table test_gv_ddl add column z int as (lower(a, 2));
Error 1582 (42000): Incorrect parameter count in the call to native function 'lower'
alter table test_gv_ddl add column z int as (lower(a, 2)) stored;
Error 1582 (42000): Incorrect parameter count in the call to native function 'lower'
alter table test_gv_ddl modify column b int as (lower(a, 2));
Error 1582 (42000): Incorrect parameter count in the call to native function 'lower'
alter table test_gv_ddl change column b b int as (lower(a, 2));
Error 1582 (42000): Incorrect parameter count in the call to native function 'lower'
alter table test_gv_ddl modify column c bigint as (b+200) stored;
Error 3106 (HY000): 'modifying a stored column' is not supported for generated columns.
DESC test_gv_ddl;
Field	Type	Null	Key	Default	Extra
a	int(11)	YES		NULL	
b	int(11)	YES		NULL	VIRTUAL GENERATED
c	int(11)	YES		NULL	STORED GENERATED
alter table test_gv_ddl change column c cnew bigint;
DESC test_gv_ddl;
Field	Type	Null	Key	Default	Extra
a	int(11)	YES		NULL	
b	int(11)	YES		NULL	VIRTUAL GENERATED
cnew	bigint(20)	YES		NULL	
drop table if exists t;
CREATE TABLE t(c0 TEXT AS ('\\'));
insert into t values ();
select * from t;
c0
\
drop table if exists t;
CREATE TABLE t(c0 TEXT AS ('a\\b\\c\\'));
insert into t values ();
select * from t;
c0
a\b\c\
drop table if exists t;
create table t (a int default 1);
alter table t change a a int default 0.00;
show create table t;
Table	Create Table
t	CREATE TABLE `t` (
  `a` int(11) DEFAULT '0'
) ENGINE=InnoDB DEFAULT CHARSET=utf8mb4 COLLATE=utf8mb4_bin
drop table if exists t;
create table t (a int default 1.25);
alter table t change a a int default 2.8;
show create table t;
Table	Create Table
t	CREATE TABLE `t` (
  `a` int(11) DEFAULT '3'
) ENGINE=InnoDB DEFAULT CHARSET=utf8mb4 COLLATE=utf8mb4_bin
drop table if exists t;
create table t (a float default 1.25);
alter table t change a a float default '0012.32';
show create table t;
Table	Create Table
t	CREATE TABLE `t` (
  `a` float DEFAULT '12.32'
) ENGINE=InnoDB DEFAULT CHARSET=utf8mb4 COLLATE=utf8mb4_bin
drop table if exists t1;
create table t1 (a int, b int as (a+1), index idx(b));
insert into t1 set a=1;
alter table t1 modify column b int as (a+2);
Error 3106 (HY000): 'modifying an indexed column' is not supported for generated columns.
drop index idx on t1;
alter table t1 modify b int as (a+2);
select * from t1;
a	b
1	3
drop table t1;
create table t1 (a int, b int as (a+1), index idx(a, b));
insert into t1 set a=1;
alter table t1 modify column b int as (a+2);
Error 3106 (HY000): 'modifying an indexed column' is not supported for generated columns.
drop index idx on t1;
alter table t1 modify b int as (a+2);
select * from t1;
a	b
1	3
drop table t1;
create table t1 (a int, b int as (a+1) stored);
insert into t1 set a=1;
alter table t1 modify column b int as (a+2) stored;
Error 3106 (HY000): 'modifying a stored column' is not supported for generated columns.
drop table t1;
create table t1 (a int, b int as (a+1) stored);
insert into t1 set a=1;
alter table t1 modify column b bigint as (a+1) stored;
alter table t1 modify column b bigint as (a + 1) stored;
select * from t1;
a	b
1	2
drop table t1;
create table t1 (a int, b int as (a+1), index idx(b));
insert into t1 set a=1;
alter table t1 modify column b bigint as (a+1);
alter table t1 modify column b bigint as (a + 1);
select * from t1;
a	b
1	2
drop table t1;
create table t1 (a int, b int);
alter table t1 modify column b bigint as (a+1) stored;
Error 3106 (HY000): 'modifying a stored column' is not supported for generated columns.
drop table t1;
create table t1 (a int, b int as (a+1) stored);
insert into t1 set a=1;
alter table t1 modify column b int;
select * from t1;
a	b
1	2
drop table if exists text_default_text;
create table text_default_text(c1 text not null default '');
Error 1101 (42000): BLOB/TEXT/JSON column 'c1' can't have a default value
create table text_default_text(c1 text not null default 'scds');
Error 1101 (42000): BLOB/TEXT/JSON column 'c1' can't have a default value
drop table if exists text_default_json;
create table text_default_json(c1 json not null default '');
Error 1101 (42000): BLOB/TEXT/JSON column 'c1' can't have a default value
create table text_default_json(c1 json not null default 'dfew555');
Error 1101 (42000): BLOB/TEXT/JSON column 'c1' can't have a default value
drop table if exists text_default_blob;
create table text_default_blob(c1 blob not null default '');
Error 1101 (42000): BLOB/TEXT/JSON column 'c1' can't have a default value
create table text_default_blob(c1 blob not null default 'scds54');
Error 1101 (42000): BLOB/TEXT/JSON column 'c1' can't have a default value
set sql_mode='';
create table text_default_text(c1 text not null default '');
show create table text_default_text;
Table	Create Table
text_default_text	CREATE TABLE `text_default_text` (
  `c1` text NOT NULL
) ENGINE=InnoDB DEFAULT CHARSET=utf8mb4 COLLATE=utf8mb4_bin
create table text_default_blob(c1 blob not null default '');
show create table text_default_blob;
Table	Create Table
text_default_blob	CREATE TABLE `text_default_blob` (
  `c1` blob NOT NULL
) ENGINE=InnoDB DEFAULT CHARSET=utf8mb4 COLLATE=utf8mb4_bin
create table text_default_json(c1 json not null default '');
show create table text_default_json;
Table	Create Table
text_default_json	CREATE TABLE `text_default_json` (
  `c1` json NOT NULL DEFAULT 'null'
) ENGINE=InnoDB DEFAULT CHARSET=utf8mb4 COLLATE=utf8mb4_bin
set sql_mode=default;
drop table if exists t;
create table t(a varchar(10) charset binary);
alter table t modify column a varchar(10) charset utf8 collate utf8_bin;
Error 8200 (HY000): Unsupported modify charset from binary to utf8
alter table t modify column a varchar(10) charset utf8mb4 collate utf8mb4_bin;
Error 8200 (HY000): Unsupported modify charset from binary to utf8mb4
alter table t modify column a varchar(10) charset latin1 collate latin1_bin;
Error 8200 (HY000): Unsupported modify charset from binary to latin1
show create table t;
Table	Create Table
t	CREATE TABLE `t` (
  `a` varbinary(10) DEFAULT NULL
) ENGINE=InnoDB DEFAULT CHARSET=utf8mb4 COLLATE=utf8mb4_bin
drop database if exists ddl__column_modify2;
create database ddl__column_modify2;
use ddl__column_modify2;
create table ddl__column_modify2.test (a int auto_increment primary key, b int);
insert ddl__column_modify2.test values (1, 1);
update ddl__column_modify2.test set b = b + 1 where a = 1;
insert into ddl__column_modify2.test values (2, 2);
insert into ddl__column_modify2.test (a) values (3);
insert into ddl__column_modify2.test values (4, 4);
insert into ddl__column_modify2.test (a) values (5);
insert ddl__column_modify2.test values (6, 6);
alter table ddl__column_modify2.test add index idx1 (a, b);
admin check table test;
use ddl__column_modify;
drop table if exists test_rename_column;
create table test_rename_column (id int not null primary key auto_increment, col1 int);
alter table test_rename_column rename column col1 to col1;
show create table test_rename_column;
Table	Create Table
test_rename_column	CREATE TABLE `test_rename_column` (
  `id` int(11) NOT NULL AUTO_INCREMENT,
  `col1` int(11) DEFAULT NULL,
  PRIMARY KEY (`id`) /*T![clustered_index] CLUSTERED */
) ENGINE=InnoDB DEFAULT CHARSET=utf8mb4 COLLATE=utf8mb4_bin
alter table test_rename_column rename column col1 to col2;
show create table test_rename_column;
Table	Create Table
test_rename_column	CREATE TABLE `test_rename_column` (
  `id` int(11) NOT NULL AUTO_INCREMENT,
  `col2` int(11) DEFAULT NULL,
  PRIMARY KEY (`id`) /*T![clustered_index] CLUSTERED */
) ENGINE=InnoDB DEFAULT CHARSET=utf8mb4 COLLATE=utf8mb4_bin
alter table test_rename_column rename column non_exist_col to col3;
Error 1054 (42S22): Unknown column 'non_exist_col' in 'test_rename_column'
alter table test_rename_column rename column col2 to id;
Error 1060 (42S21): Duplicate column name 'id'
drop table test_rename_column;
create table test_rename_column (id int, col1 int generated always as (id + 1));
alter table test_rename_column rename column col1 to col2;
show create table test_rename_column;
Table	Create Table
test_rename_column	CREATE TABLE `test_rename_column` (
  `id` int(11) DEFAULT NULL,
  `col2` int(11) GENERATED ALWAYS AS (`id` + 1) VIRTUAL
) ENGINE=InnoDB DEFAULT CHARSET=utf8mb4 COLLATE=utf8mb4_bin
alter table test_rename_column rename column col2 to col1;
show create table test_rename_column;
Table	Create Table
test_rename_column	CREATE TABLE `test_rename_column` (
  `id` int(11) DEFAULT NULL,
  `col1` int(11) GENERATED ALWAYS AS (`id` + 1) VIRTUAL
) ENGINE=InnoDB DEFAULT CHARSET=utf8mb4 COLLATE=utf8mb4_bin
alter table test_rename_column rename column id to id1;
Error 3108 (HY000): Column 'id' has a generated column dependency.
drop table test_rename_column;
create table test_rename_column (id int, col1 int);
create view test_rename_column_view as select * from test_rename_column;
alter table test_rename_column rename column col1 to col2;
select * from test_rename_column_view;
Error 1356 (HY000): View 'ddl__column_modify.test_rename_column_view' references invalid table(s) or column(s) or function(s) or definer/invoker of view lack rights to use them
drop view test_rename_column_view;
drop table test_rename_column;
drop table if exists t;
create table t (a int);
alter table t rename column b to b;
Error 1054 (42S22): Unknown column 'b' in 't'
drop table if exists test2;
create table test2 (c1 int, c2 int, c3 int default 1, index (c1));
alter table test2 change c2 a int not null;
show create table test2;
Table	Create Table
test2	CREATE TABLE `test2` (
  `c1` int(11) DEFAULT NULL,
  `a` int(11) NOT NULL,
  `c3` int(11) DEFAULT '1',
  KEY `c1` (`c1`)
) ENGINE=InnoDB DEFAULT CHARSET=utf8mb4 COLLATE=utf8mb4_bin
drop table if exists test2;
create table test2 (c1 int, c2 int, c3 int default 1, index (c1));
insert into test2(c2) values (null);
alter table test2 change c2 a int not null;
Error 1265 (01000): Data truncated for column 'a' at row 1
alter table test2 change c1 a1 bigint not null;
Error 1265 (01000): Data truncated for column 'a1' at row 1
