set @@session.tidb_enable_table_partition = 'AUTO';
set @@session.tidb_enable_list_partition = OFF;
drop table if exists t;
create table t (id int) partition by list  (id) (
partition p0 values in (1,2),partition p1 values in (3,4));
show create table t;
Table	Create Table
t	CREATE TABLE `t` (
  `id` int(11) DEFAULT NULL
) ENGINE=InnoDB DEFAULT CHARSET=utf8mb4 COLLATE=utf8mb4_bin
alter table t add partition (
partition p4 values in (7),
partition p5 values in (8,9));
Error 1505 (HY000): Partition management on a not partitioned table is not possible
insert into t values (1),(3),(5),(100),(null);
set @@session.tidb_enable_table_partition = 'OFF';
set @@session.tidb_enable_list_partition = OFF;
drop table if exists t;
create table t (id int) partition by list  (id) (
partition p0 values in (1,2),partition p1 values in (3,4));
show create table t;
Table	Create Table
t	CREATE TABLE `t` (
  `id` int(11) DEFAULT NULL
) ENGINE=InnoDB DEFAULT CHARSET=utf8mb4 COLLATE=utf8mb4_bin
alter table t add partition (
partition p4 values in (7),
partition p5 values in (8,9));
Error 1505 (HY000): Partition management on a not partitioned table is not possible
insert into t values (1),(3),(5),(100),(null);
set @@session.tidb_enable_table_partition = 0;
set @@session.tidb_enable_list_partition = OFF;
drop table if exists t;
create table t (id int) partition by list  (id) (
partition p0 values in (1,2),partition p1 values in (3,4));
show create table t;
Table	Create Table
t	CREATE TABLE `t` (
  `id` int(11) DEFAULT NULL
) ENGINE=InnoDB DEFAULT CHARSET=utf8mb4 COLLATE=utf8mb4_bin
alter table t add partition (
partition p4 values in (7),
partition p5 values in (8,9));
Error 1505 (HY000): Partition management on a not partitioned table is not possible
insert into t values (1),(3),(5),(100),(null);
set @@session.tidb_enable_table_partition = 'ON';
set @@session.tidb_enable_list_partition = OFF;
drop table if exists t;
create table t (id int) partition by list  (id) (
partition p0 values in (1,2),partition p1 values in (3,4));
show create table t;
Table	Create Table
t	CREATE TABLE `t` (
  `id` int(11) DEFAULT NULL
) ENGINE=InnoDB DEFAULT CHARSET=utf8mb4 COLLATE=utf8mb4_bin
alter table t add partition (
partition p4 values in (7),
partition p5 values in (8,9));
Error 1505 (HY000): Partition management on a not partitioned table is not possible
insert into t values (1),(3),(5),(100),(null);
set @@session.tidb_enable_table_partition = default;
set @@session.tidb_enable_list_partition = default;
drop table if exists t;
create table t (a varchar(255) charset utf8mb4 collate utf8mb4_bin) partition by range columns (a)
(partition p0A values less than ("A"),
partition p1AA values less than ("AA"),
partition p2Aa values less than ("Aa"),
partition p3BB values less than ("BB"),
partition p4Bb values less than ("Bb"),
partition p5aA values less than ("aA"),
partition p6aa values less than ("aa"),
partition p7bB values less than ("bB"),
partition p8bb values less than ("bb"),
partition pMax values less than (MAXVALUE));
insert into t values ("A"),("a"),("b"),("B"),("aa"),("AA"),("aA"),("Aa"),("BB"),("Bb"),("bB"),("bb"),("AB"),("BA"),("Ab"),("Ba"),("aB"),("bA"),("ab"),("ba");
analyze table t;
explain format='brief' select * from t where a = "AA" collate utf8mb4_general_ci;
id	estRows	task	access object	operator info
TableReader	16.00	root	partition:all	data:Selection
└─Selection	16.00	cop[tikv]		eq(ddl__db_partition.t.a, "AA")
  └─TableFullScan	20.00	cop[tikv]	table:t	keep order:false
select * from t where a = "AA" collate utf8mb4_general_ci;
a
AA
Aa
aA
aa
explain format='brief' select * from t where a = "aa" collate utf8mb4_general_ci;
id	estRows	task	access object	operator info
TableReader	16.00	root	partition:all	data:Selection
└─Selection	16.00	cop[tikv]		eq(ddl__db_partition.t.a, "aa")
  └─TableFullScan	20.00	cop[tikv]	table:t	keep order:false
select * from t where a = "aa" collate utf8mb4_general_ci;
a
AA
Aa
aA
aa
explain format='brief' select * from t where a >= "aa" collate utf8mb4_general_ci;
id	estRows	task	access object	operator info
TableReader	16.00	root	partition:all	data:Selection
└─Selection	16.00	cop[tikv]		ge(ddl__db_partition.t.a, "aa")
  └─TableFullScan	20.00	cop[tikv]	table:t	keep order:false
select * from t where a >= "aa" collate utf8mb4_general_ci;
a
AA
AB
Aa
Ab
B
BA
BB
Ba
Bb
aA
aB
aa
ab
b
bA
bB
ba
bb
explain format='brief' select * from t where a > "aa" collate utf8mb4_general_ci;
id	estRows	task	access object	operator info
TableReader	16.00	root	partition:all	data:Selection
└─Selection	16.00	cop[tikv]		gt(ddl__db_partition.t.a, "aa")
  └─TableFullScan	20.00	cop[tikv]	table:t	keep order:false
select * from t where a > "aa" collate utf8mb4_general_ci;
a
AB
Ab
B
BA
BB
Ba
Bb
aB
ab
b
bA
bB
ba
bb
explain format='brief' select * from t where a <= "aa" collate utf8mb4_general_ci;
id	estRows	task	access object	operator info
TableReader	16.00	root	partition:all	data:Selection
└─Selection	16.00	cop[tikv]		le(ddl__db_partition.t.a, "aa")
  └─TableFullScan	20.00	cop[tikv]	table:t	keep order:false
select * from t where a <= "aa" collate utf8mb4_general_ci;
a
A
AA
Aa
a
aA
aa
explain format='brief' select * from t where a < "aa" collate utf8mb4_general_ci;
id	estRows	task	access object	operator info
TableReader	16.00	root	partition:all	data:Selection
└─Selection	16.00	cop[tikv]		lt(ddl__db_partition.t.a, "aa")
  └─TableFullScan	20.00	cop[tikv]	table:t	keep order:false
select * from t where a < "aa" collate utf8mb4_general_ci;
a
A
a
drop table t;
create table t (a varchar(255) charset utf8mb4 collate utf8mb4_general_ci) partition by range columns (a)
(partition p0 values less than ("A"),
partition p1 values less than ("aa"),
partition p2 values less than ("AAA"),
partition p3 values less than ("aaaa"),
partition p4 values less than ("B"),
partition p5 values less than ("bb"),
partition pMax values less than (MAXVALUE));
insert into t values ("A"),("a"),("b"),("B"),("aa"),("AA"),("aA"),("Aa"),("BB"),("Bb"),("bB"),("bb"),("AB"),("BA"),("Ab"),("Ba"),("aB"),("bA"),("ab"),("ba"),("ä"),("ÄÄÄ");
analyze table t;
explain format='brief' select * from t where a = "aa" collate utf8mb4_general_ci;
id	estRows	task	access object	operator info
TableReader	4.00	root	partition:p2	data:Selection
└─Selection	4.00	cop[tikv]		eq(ddl__db_partition.t.a, "aa")
  └─TableFullScan	22.00	cop[tikv]	table:t	keep order:false
select * from t where a = "aa" collate utf8mb4_general_ci;
a
AA
Aa
aA
aa
explain format='brief' select * from t where a = "aa" collate utf8mb4_bin;
id	estRows	task	access object	operator info
TableReader	17.60	root	partition:p2	data:Selection
└─Selection	17.60	cop[tikv]		eq(ddl__db_partition.t.a, "aa")
  └─TableFullScan	22.00	cop[tikv]	table:t	keep order:false
select * from t where a = "aa" collate utf8mb4_bin;
a
aa
explain format='brief' select * from t where a = "ä" collate utf8mb4_bin;
id	estRows	task	access object	operator info
TableReader	17.60	root	partition:p1	data:Selection
└─Selection	17.60	cop[tikv]		eq(ddl__db_partition.t.a, "ä")
  └─TableFullScan	22.00	cop[tikv]	table:t	keep order:false
select * from t where a = "ä" collate utf8mb4_bin;
a
ä
explain format='brief' select * from t where a = "b" collate utf8mb4_bin;
id	estRows	task	access object	operator info
TableReader	17.60	root	partition:p5	data:Selection
└─Selection	17.60	cop[tikv]		eq(ddl__db_partition.t.a, "b")
  └─TableFullScan	22.00	cop[tikv]	table:t	keep order:false
select * from t where a = "b" collate utf8mb4_bin;
a
b
explain format='brief' select * from t where a <= "b" collate utf8mb4_bin;
id	estRows	task	access object	operator info
TableReader	17.60	root	partition:all	data:Selection
└─Selection	17.60	cop[tikv]		le(ddl__db_partition.t.a, "b")
  └─TableFullScan	22.00	cop[tikv]	table:t	keep order:false
select * from t where a <= "b" collate utf8mb4_bin;
a
A
AA
AB
Aa
Ab
B
BA
BB
Ba
Bb
a
aA
aB
aa
ab
b
explain format='brief' select * from t where a < "b" collate utf8mb4_bin;
id	estRows	task	access object	operator info
TableReader	17.60	root	partition:all	data:Selection
└─Selection	17.60	cop[tikv]		lt(ddl__db_partition.t.a, "b")
  └─TableFullScan	22.00	cop[tikv]	table:t	keep order:false
select * from t where a < "b" collate utf8mb4_bin;
a
A
AA
AB
Aa
Ab
B
BA
BB
Ba
Bb
a
aA
aB
aa
ab
explain format='brief' select * from t where a >= "b" collate utf8mb4_bin;
id	estRows	task	access object	operator info
TableReader	17.60	root	partition:all	data:Selection
└─Selection	17.60	cop[tikv]		ge(ddl__db_partition.t.a, "b")
  └─TableFullScan	22.00	cop[tikv]	table:t	keep order:false
select * from t where a >= "b" collate utf8mb4_bin;
a
b
bA
bB
ba
bb
ÄÄÄ
ä
explain format='brief' select * from t where a > "b" collate utf8mb4_bin;
id	estRows	task	access object	operator info
TableReader	17.60	root	partition:all	data:Selection
└─Selection	17.60	cop[tikv]		gt(ddl__db_partition.t.a, "b")
  └─TableFullScan	22.00	cop[tikv]	table:t	keep order:false
select * from t where a > "b" collate utf8mb4_bin;
a
bA
bB
ba
bb
ÄÄÄ
ä
drop table if exists t;
set @@session.tidb_enable_list_partition = ON;
create table t (a int) partition by list (a) (partition p1 values in (null, 6), partition p2 values in (7,null));
Error 1495 (HY000): Multiple definition of same constant in list partitioning
create table t (id int) partition by list  (id) (
partition p0 values in (1,2),
partition p1 values in (3,4),
partition p3 values in (5,null)
);
alter table t add partition (
partition p4 values in (7),
partition p5 values in (8,9));
alter table t add partition (partition p6 values in (null, 6));
Error 1495 (HY000): Multiple definition of same constant in list partitioning
alter table t add partition (partition pDef values in (default, 6));
alter table t add partition (partition pDef2 values in (10, default));
Error 8200 (HY000): Unsupported ADD List partition, already contains DEFAULT partition. Please use REORGANIZE PARTITION instead
alter table t add partition (partition pDef2 values in (10));
Error 8200 (HY000): Unsupported ADD List partition, already contains DEFAULT partition. Please use REORGANIZE PARTITION instead
show create table t;
Table	Create Table
t	CREATE TABLE `t` (
  `id` int(11) DEFAULT NULL
) ENGINE=InnoDB DEFAULT CHARSET=utf8mb4 COLLATE=utf8mb4_bin
PARTITION BY LIST (`id`)
(PARTITION `p0` VALUES IN (1,2),
 PARTITION `p1` VALUES IN (3,4),
 PARTITION `p3` VALUES IN (5,NULL),
 PARTITION `p4` VALUES IN (7),
 PARTITION `p5` VALUES IN (8,9),
 PARTITION `pDef` VALUES IN (DEFAULT,6))
select partition_name,partition_ordinal_position,partition_method,partition_expression,partition_description,partition_comment,tidb_placement_policy_name from information_schema.partitions where table_name = 't' and table_schema ='ddl__db_partition';
partition_name	partition_ordinal_position	partition_method	partition_expression	partition_description	partition_comment	tidb_placement_policy_name
p0	1	LIST	`id`	1,2		NULL
p1	2	LIST	`id`	3,4		NULL
p3	3	LIST	`id`	5,NULL		NULL
p4	4	LIST	`id`	7		NULL
p5	5	LIST	`id`	8,9		NULL
pDef	6	LIST	`id`	DEFAULT,6		NULL
alter table t reorganize partition pDef into (partition p_6 values in (6));
alter table t add partition (partition p4 values in (7));
Error 1517 (HY000): Duplicate partition name p4
alter table t add partition (partition p6 values less than (7));
Error 1480 (HY000): Only RANGE PARTITIONING can use VALUES LESS THAN in partition definition
alter table t add partition (partition p6 values in (null));
Error 1495 (HY000): Multiple definition of same constant in list partitioning
alter table t add partition (partition p6 values in (7));
Error 1495 (HY000): Multiple definition of same constant in list partitioning
alter table t add partition (partition p6 values in ('a'));
Error 1697 (HY000): VALUES value for partition 'p6' must have type INT
alter table t add partition (partition p5 values in (10),partition p6 values in (7));
Error 1517 (HY000): Duplicate partition name p5
drop table if exists t;
create table t (a bigint unsigned) partition by list columns (a) (partition p0 values in (1));
alter table t add partition (partition p1 values in (-1));
Error 1654 (HY000): Partition column values of incorrect type
drop table if exists t;
create table t (a varchar(2)) partition by list columns (a) (partition p0 values in ('a','b'));
alter table t add partition (partition p1 values in ('abc'));
Error 1654 (HY000): Partition column values of incorrect type
drop table if exists t;
create table t (a tinyint) partition by list columns (a) (partition p0 values in (1,2,3));
alter table t add partition (partition p1 values in (65536));
Error 1654 (HY000): Partition column values of incorrect type
drop table if exists t;
create table t (a bigint) partition by list columns (a) (partition p0 values in (1,2,3));
alter table t add partition (partition p1 values in (18446744073709551615));
Error 1654 (HY000): Partition column values of incorrect type
drop table if exists t;
create table t (a char) partition by list columns (a) (partition p0 values in ('a','b'));
alter table t add partition (partition p1 values in ('abc'));
Error 1654 (HY000): Partition column values of incorrect type
drop table if exists t;
create table t (a datetime) partition by list columns (a) (partition p0 values in ('2020-11-30 12:00:00'));
alter table t add partition (partition p1 values in ('2020-11-31 12:00:00'));
Error 1654 (HY000): Partition column values of incorrect type
set @@session.tidb_enable_list_partition = default;
drop table if exists t;
set @@session.tidb_enable_list_partition = ON;
create table t (id int, name varchar(10)) partition by list columns (id,name) (
partition p0 values in ((1,'a'),(2,'b')),
partition p1 values in ((3,'a'),(4,'b')),
partition p3 values in ((5,null))
);
create table t (a int) partition by list (a) (partition p0 values in (default), partition p1 values in (maxvalue));
Error 1064 (42000): You have an error in your SQL syntax; check the manual that corresponds to your TiDB version for the right syntax to use line 1 column 112 near "maxvalue));" 
alter table t add partition (
partition p4 values in ((7,'a')),
partition p5 values in ((8,'a')));
alter table t add partition (
partition pDef values in (10, default));
Error 1653 (HY000): Inconsistency in usage of column lists for partitioning
alter table t add partition (
partition pDef values in ((10, default)));
Error 1064 (42000): You have an error in your SQL syntax; check the manual that corresponds to your TiDB version for the right syntax to use line 2 column 40 near ")));" 
alter table t add partition (
partition pDef values in (default, 10));
Error 1653 (HY000): Inconsistency in usage of column lists for partitioning
alter table t add partition (
partition pDef values in ((default, 10)));
Error 1064 (42000): You have an error in your SQL syntax; check the manual that corresponds to your TiDB version for the right syntax to use line 2 column 36 near ", 10)));" 
alter table t add partition (
partition pDef values in ((9,'a'), (default, 10, 'q'));
Error 1064 (42000): You have an error in your SQL syntax; check the manual that corresponds to your TiDB version for the right syntax to use line 2 column 45 near ", 10, 'q'));" 
alter table t add partition (
partition pDef values in ((9,'a'), (10, default, 'q'));
Error 1064 (42000): You have an error in your SQL syntax; check the manual that corresponds to your TiDB version for the right syntax to use line 2 column 49 near ", 'q'));" 
alter table t add partition (
partition pDef values in (default));
alter table t add partition (
partition pDef2 values in (default));
Error 8200 (HY000): Unsupported ADD List partition, already contains DEFAULT partition. Please use REORGANIZE PARTITION instead
alter table t add partition (partition p6 values in ((9,'d')));
Error 8200 (HY000): Unsupported ADD List partition, already contains DEFAULT partition. Please use REORGANIZE PARTITION instead
alter table t add partition (partition p6 values in (default));
Error 8200 (HY000): Unsupported ADD List partition, already contains DEFAULT partition. Please use REORGANIZE PARTITION instead
alter table t drop partition pDef;
alter table t add partition (partition pDef default);
alter table t drop partition pDef;
alter table t add partition (
partition pDef values in ((9, 'c'), default));
alter table t add partition (
partition pDef values in ((9, 'c'), (default)));
Error 1064 (42000): You have an error in your SQL syntax; check the manual that corresponds to your TiDB version for the right syntax to use line 2 column 46 near ")));" 
alter table t drop partition pDef;
alter table t add partition (
partition pDef values in (default, (9,'c')));
alter table t drop partition pDef;
alter table t add partition (
partition pDef values in ((9,'d'), default));
alter table t drop partition pDef;
alter table t add partition (
partition pDef values in (default, (9,'c'), (10, 'd')));
alter table t drop partition pDef;
alter table t add partition (
partition pDef values in ((9,'d'), default, (10, 'd')));
alter table t add partition (
partition pDef values in ((9,'a'), (10, default, 'q'));
Error 1064 (42000): You have an error in your SQL syntax; check the manual that corresponds to your TiDB version for the right syntax to use line 2 column 49 near ", 'q'));" 
show create table t;
Table	Create Table
t	CREATE TABLE `t` (
  `id` int(11) DEFAULT NULL,
  `name` varchar(10) DEFAULT NULL
) ENGINE=InnoDB DEFAULT CHARSET=utf8mb4 COLLATE=utf8mb4_bin
PARTITION BY LIST COLUMNS(`id`,`name`)
(PARTITION `p0` VALUES IN ((1,'a'),(2,'b')),
 PARTITION `p1` VALUES IN ((3,'a'),(4,'b')),
 PARTITION `p3` VALUES IN ((5,NULL)),
 PARTITION `p4` VALUES IN ((7,'a')),
 PARTITION `p5` VALUES IN ((8,'a')),
 PARTITION `pDef` VALUES IN ((9,'d'),DEFAULT,(10,'d')))
select partition_name,partition_ordinal_position,partition_method,partition_expression,partition_description,partition_comment,tidb_placement_policy_name from information_schema.partitions where table_name = 't' and table_schema = 'ddl__db_partition';
partition_name	partition_ordinal_position	partition_method	partition_expression	partition_description	partition_comment	tidb_placement_policy_name
p0	1	LIST COLUMNS	`id`,`name`	(1,'a'),(2,'b')		NULL
p1	2	LIST COLUMNS	`id`,`name`	(3,'a'),(4,'b')		NULL
p3	3	LIST COLUMNS	`id`,`name`	(5,NULL)		NULL
p4	4	LIST COLUMNS	`id`,`name`	(7,'a')		NULL
p5	5	LIST COLUMNS	`id`,`name`	(8,'a')		NULL
pDef	6	LIST COLUMNS	`id`,`name`	(9,'d'),DEFAULT,(10,'d')		NULL
show create table t;
Table	Create Table
t	CREATE TABLE `t` (
  `id` int(11) DEFAULT NULL,
  `name` varchar(10) DEFAULT NULL
) ENGINE=InnoDB DEFAULT CHARSET=utf8mb4 COLLATE=utf8mb4_bin
PARTITION BY LIST COLUMNS(`id`,`name`)
(PARTITION `p0` VALUES IN ((1,'a'),(2,'b')),
 PARTITION `p1` VALUES IN ((3,'a'),(4,'b')),
 PARTITION `p3` VALUES IN ((5,NULL)),
 PARTITION `p4` VALUES IN ((7,'a')),
 PARTITION `p5` VALUES IN ((8,'a')),
 PARTITION `pDef` VALUES IN ((9,'d'),DEFAULT,(10,'d')))
alter table t reorganize partition pDef into (partition pd VALUES IN ((9,'d'),(10,'d')));
alter table t add partition (partition p4 values in ((7,'b')));
Error 1517 (HY000): Duplicate partition name p4
alter table t add partition (partition p6 values less than ((7,'a')));
Error 1480 (HY000): Only RANGE PARTITIONING can use VALUES LESS THAN in partition definition
alter table t add partition (partition p6 values in ((5,null)));
Error 1495 (HY000): Multiple definition of same constant in list partitioning
alter table t add partition (partition p6 values in (('a','a')));
Error 1654 (HY000): Partition column values of incorrect type
drop table t;
CREATE TABLE `t` (
`id` int(11) DEFAULT NULL,
`name` varchar(10) DEFAULT NULL
) ENGINE=InnoDB DEFAULT CHARSET=utf8mb4 COLLATE=utf8mb4_bin
PARTITION BY LIST COLUMNS(`id`,`name`)
(PARTITION `p0` VALUES IN ((1,'a'),(2,'b')),
PARTITION `p1` VALUES IN ((3,'a'),(4,'b')),
PARTITION `p3` VALUES IN ((5,NULL)),
PARTITION `p4` VALUES IN ((7,'a')),
PARTITION `p5` VALUES IN ((8,'a')),
PARTITION `pDef` VALUES IN ((9,'d'),DEFAULT,(10,'d')));
select partition_name,partition_ordinal_position,partition_method,partition_expression,partition_description,partition_comment,tidb_placement_policy_name from information_schema.partitions where table_name = 't' and table_schema = 'ddl__db_partition';
partition_name	partition_ordinal_position	partition_method	partition_expression	partition_description	partition_comment	tidb_placement_policy_name
p0	1	LIST COLUMNS	`id`,`name`	(1,'a'),(2,'b')		NULL
p1	2	LIST COLUMNS	`id`,`name`	(3,'a'),(4,'b')		NULL
p3	3	LIST COLUMNS	`id`,`name`	(5,NULL)		NULL
p4	4	LIST COLUMNS	`id`,`name`	(7,'a')		NULL
p5	5	LIST COLUMNS	`id`,`name`	(8,'a')		NULL
pDef	6	LIST COLUMNS	`id`,`name`	(9,'d'),DEFAULT,(10,'d')		NULL
set @@session.tidb_enable_list_partition = OFF;
alter table t drop partition pDef;
alter table t add partition (partition pDef);
Error 1479 (HY000): Syntax : LIST PARTITIONING requires definition of VALUES IN for each partition
alter table t add partition (partition pDef default);
select partition_name,partition_ordinal_position,partition_method,partition_expression,partition_description,partition_comment,tidb_placement_policy_name from information_schema.partitions where table_name = 't' and table_schema = 'ddl__db_partition';
partition_name	partition_ordinal_position	partition_method	partition_expression	partition_description	partition_comment	tidb_placement_policy_name
p0	1	LIST COLUMNS	`id`,`name`	(1,'a'),(2,'b')		NULL
p1	2	LIST COLUMNS	`id`,`name`	(3,'a'),(4,'b')		NULL
p3	3	LIST COLUMNS	`id`,`name`	(5,NULL)		NULL
p4	4	LIST COLUMNS	`id`,`name`	(7,'a')		NULL
p5	5	LIST COLUMNS	`id`,`name`	(8,'a')		NULL
pDef	6	LIST COLUMNS	`id`,`name`	DEFAULT		NULL
alter table t reorganize partition pDef into (partition pDef VALUES IN (DEFAULT,(9,'c')));
select partition_name,partition_ordinal_position,partition_method,partition_expression,partition_description,partition_comment,tidb_placement_policy_name from information_schema.partitions where table_name = 't' and table_schema = 'ddl__db_partition';
partition_name	partition_ordinal_position	partition_method	partition_expression	partition_description	partition_comment	tidb_placement_policy_name
p0	1	LIST COLUMNS	`id`,`name`	(1,'a'),(2,'b')		NULL
p1	2	LIST COLUMNS	`id`,`name`	(3,'a'),(4,'b')		NULL
p3	3	LIST COLUMNS	`id`,`name`	(5,NULL)		NULL
p4	4	LIST COLUMNS	`id`,`name`	(7,'a')		NULL
p5	5	LIST COLUMNS	`id`,`name`	(8,'a')		NULL
pDef	6	LIST COLUMNS	`id`,`name`	DEFAULT,(9,'c')		NULL
set @@session.tidb_enable_list_partition = default;
drop table if exists t;
create table t (a int, b varchar(255), unique key (a), key (b)) partition by list (a) (partition p0 values in (0,4), partition p1 values in (1, null, default), partition p2 values in (2,7,10));
insert into t values (1, "1"), (2, "2"), (3,'3'), (null, "null"), (4, "4"), (11, "11");
analyze table t;
select partition_name, partition_method, partition_expression, partition_description, table_rows from information_schema.partitions where table_schema = 'ddl__db_partition' and table_name = 't';
partition_name	partition_method	partition_expression	partition_description	table_rows
p0	LIST	`a`	0,4	1
p1	LIST	`a`	1,NULL,DEFAULT	4
p2	LIST	`a`	2,7,10	1
show create table t;
Table	Create Table
t	CREATE TABLE `t` (
  `a` int(11) DEFAULT NULL,
  `b` varchar(255) DEFAULT NULL,
  UNIQUE KEY `a` (`a`),
  KEY `b` (`b`)
) ENGINE=InnoDB DEFAULT CHARSET=utf8mb4 COLLATE=utf8mb4_bin
PARTITION BY LIST (`a`)
(PARTITION `p0` VALUES IN (0,4),
 PARTITION `p1` VALUES IN (1,NULL,DEFAULT),
 PARTITION `p2` VALUES IN (2,7,10))
set @@tidb_partition_prune_mode = 'dynamic';
select * from t where a = 4;
a	b
4	4
select * from t where a is null;
a	b
NULL	null
select * from t where a = 3;
a	b
3	3
explain format = 'brief' select * from t where a = 4;
id	estRows	task	access object	operator info
Point_Get	1.00	root	table:t, partition:p0, index:a(a)	
explain format = 'brief' select * from t where a is null;
id	estRows	task	access object	operator info
TableReader	1.00	root	partition:p1	data:Selection
└─Selection	1.00	cop[tikv]		isnull(ddl__db_partition.t.a)
  └─TableFullScan	6.00	cop[tikv]	table:t	keep order:false
explain format = 'brief' select * from t where a = 3;
id	estRows	task	access object	operator info
Point_Get	1.00	root	table:t, partition:p1, index:a(a)	
set @@tidb_partition_prune_mode = 'static';
select * from t where a = 4;
a	b
4	4
select * from t where a is null;
a	b
NULL	null
select * from t where a = 3;
a	b
3	3
explain format = 'brief' select * from t where a = 4;
id	estRows	task	access object	operator info
Point_Get	1.00	root	table:t, partition:p0, index:a(a)	
explain format = 'brief' select * from t where a is null;
id	estRows	task	access object	operator info
TableReader	1.00	root		data:Selection
└─Selection	1.00	cop[tikv]		isnull(ddl__db_partition.t.a)
  └─TableFullScan	4.00	cop[tikv]	table:t, partition:p1	keep order:false
explain format = 'brief' select * from t where a = 3;
id	estRows	task	access object	operator info
Point_Get	1.00	root	table:t, partition:p1, index:a(a)	
alter table t reorganize partition p0 into (partition p0 values in (0));
Error 1526 (HY000): Table has no partition for value 4
drop table t;
CREATE TABLE t (a VARCHAR(100),b INT) PARTITION BY LIST COLUMNS (a) (PARTITION p1 VALUES IN ('a', 'b', 'DEFAULT'),PARTITION pDef DEFAULT);
set @@tidb_partition_prune_mode = default;
drop table if exists t;
create table t (b int, a varchar(255)) partition by list columns (a) (partition p0 values in (0,4), partition p1 values in (1, null, default), partition p2 values in (2,7,10));
show create table t;
Table	Create Table
t	CREATE TABLE `t` (
  `b` int(11) DEFAULT NULL,
  `a` varchar(255) DEFAULT NULL
) ENGINE=InnoDB DEFAULT CHARSET=utf8mb4 COLLATE=utf8mb4_bin
PARTITION BY LIST COLUMNS(`a`)
(PARTITION `p0` VALUES IN ('0','4'),
 PARTITION `p1` VALUES IN ('1',NULL,DEFAULT),
 PARTITION `p2` VALUES IN ('2','7','10'))
insert into t values (1, "1"), (2, "2"), (3,'3'), (null, null), (4, "4"), (11, "11");
analyze table t;
select * from t partition(p0);
b	a
4	4
select * from t partition(p1);
b	a
NULL	NULL
1	1
11	11
3	3
select partition_name, partition_method, partition_expression, partition_description, table_rows from information_schema.partitions where table_schema = 'ddl__db_partition' and table_name = 't';
partition_name	partition_method	partition_expression	partition_description	table_rows
p0	LIST COLUMNS	`a`	'0','4'	1
p1	LIST COLUMNS	`a`	'1',NULL,DEFAULT	4
p2	LIST COLUMNS	`a`	'2','7','10'	1
set @@tidb_partition_prune_mode = 'dynamic';
explain format = 'brief' select * from t where a is null;
id	estRows	task	access object	operator info
TableReader	1.00	root	partition:p1	data:Selection
└─Selection	1.00	cop[tikv]		isnull(ddl__db_partition.t.a)
  └─TableFullScan	6.00	cop[tikv]	table:t	keep order:false
select * from t where a is null;
b	a
NULL	NULL
select * from t where a = 4;
b	a
4	4
explain format = 'brief' select * from t where a = 4;
id	estRows	task	access object	operator info
TableReader	4.80	root	partition:p0,p1,p2	data:Selection
└─Selection	4.80	cop[tikv]		eq(cast(ddl__db_partition.t.a, double BINARY), 4)
  └─TableFullScan	6.00	cop[tikv]	table:t	keep order:false
select * from t where a = 3;
b	a
3	3
explain format = 'brief' select * from t where a = 3;
id	estRows	task	access object	operator info
TableReader	4.80	root	partition:p0,p1,p2	data:Selection
└─Selection	4.80	cop[tikv]		eq(cast(ddl__db_partition.t.a, double BINARY), 3)
  └─TableFullScan	6.00	cop[tikv]	table:t	keep order:false
explain format = 'brief' select * from t where a = "3";
id	estRows	task	access object	operator info
TableReader	1.00	root	partition:p1	data:Selection
└─Selection	1.00	cop[tikv]		eq(ddl__db_partition.t.a, "3")
  └─TableFullScan	6.00	cop[tikv]	table:t	keep order:false
select * from t where a = "3";
b	a
3	3
select * from t where a = "4";
b	a
4	4
explain format = 'brief' select * from t where a = "4";
id	estRows	task	access object	operator info
TableReader	1.00	root	partition:p0	data:Selection
└─Selection	1.00	cop[tikv]		eq(ddl__db_partition.t.a, "4")
  └─TableFullScan	6.00	cop[tikv]	table:t	keep order:false
explain format = 'brief' select * from t where a between "3" and "4";
id	estRows	task	access object	operator info
TableReader	2.00	root	partition:p0,p1	data:Selection
└─Selection	2.00	cop[tikv]		ge(ddl__db_partition.t.a, "3"), le(ddl__db_partition.t.a, "4")
  └─TableFullScan	6.00	cop[tikv]	table:t	keep order:false
select * from t where a between "3" and "4";
b	a
3	3
4	4
explain format = 'brief' select * from t where a >= "3" and a <= "4";
id	estRows	task	access object	operator info
TableReader	2.00	root	partition:p0,p1	data:Selection
└─Selection	2.00	cop[tikv]		ge(ddl__db_partition.t.a, "3"), le(ddl__db_partition.t.a, "4")
  └─TableFullScan	6.00	cop[tikv]	table:t	keep order:false
select * from t where a >= "3" and a <= "4";
b	a
3	3
4	4
set @@tidb_partition_prune_mode = 'static';
select * from t where a is null;
b	a
NULL	NULL
explain format = 'brief' select * from t where a is null;
id	estRows	task	access object	operator info
TableReader	1.00	root		data:Selection
└─Selection	1.00	cop[tikv]		isnull(ddl__db_partition.t.a)
  └─TableFullScan	4.00	cop[tikv]	table:t, partition:p1	keep order:false
select * from t where a = 4;
b	a
4	4
select * from t where a = "4";
b	a
4	4
explain format = 'brief' select * from t where a = "4";
id	estRows	task	access object	operator info
TableReader	1.00	root		data:Selection
└─Selection	1.00	cop[tikv]		eq(ddl__db_partition.t.a, "4")
  └─TableFullScan	1.00	cop[tikv]	table:t, partition:p0	keep order:false
select * from t where a = 3;
b	a
3	3
select * from t where a = "3";
b	a
3	3
explain format = 'brief' select * from t where a = "3";
id	estRows	task	access object	operator info
TableReader	1.00	root		data:Selection
└─Selection	1.00	cop[tikv]		eq(ddl__db_partition.t.a, "3")
  └─TableFullScan	4.00	cop[tikv]	table:t, partition:p1	keep order:false
explain format = 'brief' select * from t where a between "3" and "4";
id	estRows	task	access object	operator info
PartitionUnion	2.00	root		
├─TableReader	1.00	root		data:Selection
│ └─Selection	1.00	cop[tikv]		ge(ddl__db_partition.t.a, "3"), le(ddl__db_partition.t.a, "4")
│   └─TableFullScan	1.00	cop[tikv]	table:t, partition:p0	keep order:false
└─TableReader	1.00	root		data:Selection
  └─Selection	1.00	cop[tikv]		ge(ddl__db_partition.t.a, "3"), le(ddl__db_partition.t.a, "4")
    └─TableFullScan	4.00	cop[tikv]	table:t, partition:p1	keep order:false
select * from t where a between "3" and "4";
b	a
3	3
4	4
explain format = 'brief' select * from t where a >= "3" and a <= "4";
id	estRows	task	access object	operator info
PartitionUnion	2.00	root		
├─TableReader	1.00	root		data:Selection
│ └─Selection	1.00	cop[tikv]		ge(ddl__db_partition.t.a, "3"), le(ddl__db_partition.t.a, "4")
│   └─TableFullScan	1.00	cop[tikv]	table:t, partition:p0	keep order:false
└─TableReader	1.00	root		data:Selection
  └─Selection	1.00	cop[tikv]		ge(ddl__db_partition.t.a, "3"), le(ddl__db_partition.t.a, "4")
    └─TableFullScan	4.00	cop[tikv]	table:t, partition:p1	keep order:false
select * from t where a >= "3" and a <= "4";
b	a
3	3
4	4
alter table t reorganize partition p0 into (partition p0 values in (0));
Error 1526 (HY000): Table has no partition for value from column_list
set @@tidb_partition_prune_mode = default;
drop table if exists t;
create table t (a int) partition by range (a) (partition p0 values less than (default));
Error 1064 (42000): You have an error in your SQL syntax; check the manual that corresponds to your TiDB version for the right syntax to use line 1 column 86 near "));" 
create table t (a int) partition by range (a) (partition p0 values less than ("default"));
Error 1697 (HY000): VALUES value for partition 'p0' must have type INT
create table t (a varchar(55)) partition by range columns (a) (partition p0 values less than ("default"));
drop table t;
create table t (a varchar(55)) partition by range columns (a) (partition p0 values less than (default));
Error 1064 (42000): You have an error in your SQL syntax; check the manual that corresponds to your TiDB version for the right syntax to use line 1 column 102 near "));" 
create table t (a varchar(55)) partition by range columns (a) (partition p0 default);
Error 1480 (HY000): Only LIST PARTITIONING can use VALUES IN in partition definition
create table t (a varchar(55)) partition by list columns (a) (partition p0 default);
insert into t values ('Hi');
show create table t;
Table	Create Table
t	CREATE TABLE `t` (
  `a` varchar(55) DEFAULT NULL
) ENGINE=InnoDB DEFAULT CHARSET=utf8mb4 COLLATE=utf8mb4_bin
PARTITION BY LIST COLUMNS(`a`)
(PARTITION `p0` DEFAULT)
drop table t;
create table t (a int) partition by list (a) (partition p0 default);
insert into t values (2);
show create table t;
Table	Create Table
t	CREATE TABLE `t` (
  `a` int(11) DEFAULT NULL
) ENGINE=InnoDB DEFAULT CHARSET=utf8mb4 COLLATE=utf8mb4_bin
PARTITION BY LIST (`a`)
(PARTITION `p0` DEFAULT)
drop table t;
create table t (a int) partition by list (a) (partition p0 values in ());
Error 1064 (42000): You have an error in your SQL syntax; check the manual that corresponds to your TiDB version for the right syntax to use line 1 column 71 near "));" 
drop table if exists t;
set @@session.tidb_enable_list_partition = ON;
create table t (id int) partition by list  (id) (
partition p0 values in (1,2),
partition p1 values in (3,4),
partition p3 values in (5,null)
);
insert into t values (1),(3),(5),(null);
alter table t drop partition p1;
select * from t order by id;
id
NULL
1
5
show create table t;
Table	Create Table
t	CREATE TABLE `t` (
  `id` int(11) DEFAULT NULL
) ENGINE=InnoDB DEFAULT CHARSET=utf8mb4 COLLATE=utf8mb4_bin
PARTITION BY LIST (`id`)
(PARTITION `p0` VALUES IN (1,2),
 PARTITION `p3` VALUES IN (5,NULL))
alter table t drop partition p10;
Error 1507 (HY000): Error in list of partitions to DROP
alter table t drop partition p3;
select * from t;
id
1
alter table t drop partition p0;
Error 1508 (HY000): Cannot remove all partitions, use DROP TABLE instead
set @@session.tidb_enable_list_partition = default;
drop table if exists t;
set @@session.tidb_enable_list_partition = ON;
create table t (id int, name varchar(10)) partition by list columns (id,name) (
partition p0 values in ((1,'a'),(2,'b')),
partition p1 values in ((3,'a'),(4,'b')),
partition p3 values in ((5,'a'),(null,null)),
partition pDef values in (default)
);
insert into t values (1,'a'),(3,'a'),(5,'a'),(null,null),(9,9);
alter table t drop partition p1;
alter table t drop partition pDef;
select * from t;
id	name
NULL	NULL
1	a
5	a
show create table t;
Table	Create Table
t	CREATE TABLE `t` (
  `id` int(11) DEFAULT NULL,
  `name` varchar(10) DEFAULT NULL
) ENGINE=InnoDB DEFAULT CHARSET=utf8mb4 COLLATE=utf8mb4_bin
PARTITION BY LIST COLUMNS(`id`,`name`)
(PARTITION `p0` VALUES IN ((1,'a'),(2,'b')),
 PARTITION `p3` VALUES IN ((5,'a'),(NULL,NULL)))
alter table t drop partition p10;
Error 1507 (HY000): Error in list of partitions to DROP
alter table t drop partition p3;
select * from t;
id	name
1	a
alter table t drop partition p0;
Error 1508 (HY000): Cannot remove all partitions, use DROP TABLE instead
set @@session.tidb_enable_list_partition = default;
drop table if exists employees;
create table employees (
id int not null,
hired date not null
)
partition by range( year(hired) ) (
partition p1 values less than (1991),
partition p2 values less than (1996),
partition p3 values less than (2001)
);
alter table employees add partition (
partition p4 values less than (2010),
partition p5 values less than MAXVALUE
);
show create table employees;
Table	Create Table
employees	CREATE TABLE `employees` (
  `id` int(11) NOT NULL,
  `hired` date NOT NULL
) ENGINE=InnoDB DEFAULT CHARSET=utf8mb4 COLLATE=utf8mb4_bin
PARTITION BY RANGE (YEAR(`hired`))
(PARTITION `p1` VALUES LESS THAN (1991),
 PARTITION `p2` VALUES LESS THAN (1996),
 PARTITION `p3` VALUES LESS THAN (2001),
 PARTITION `p4` VALUES LESS THAN (2010),
 PARTITION `p5` VALUES LESS THAN (MAXVALUE))
drop table if exists table1;
create table table1(a int);
alter table table1 add partition (
partition p1 values less than (2010),
partition p2 values less than maxvalue
);
Error 1505 (HY000): Partition management on a not partitioned table is not possible
create table table_MustBeDefined (
id int not null,
hired date not null
)
partition by range( year(hired) ) (
partition p1 values less than (1991),
partition p2 values less than (1996),
partition p3 values less than (2001)
);
alter table table_MustBeDefined add partition;
Error 1492 (HY000): For RANGE partitions each partition must be defined
drop table if exists table2;
create table table2 (
id int not null,
hired date not null
) partition by range( year(hired) ) (
partition p1 values less than (1991),
partition p2 values less than maxvalue
);
alter table table2 add partition (
partition p3 values less than (2010)
);
Error 1481 (HY000): MAXVALUE can only be used in last partition definition
drop table if exists table3;
create table table3 (
id int not null,
hired date not null
)
partition by range( year(hired) ) (
partition p1 values less than (1991),
partition p2 values less than (2001)
);
alter table table3 add partition (
partition p3 values less than (1993)
);
Error 1493 (HY000): VALUES LESS THAN value must be strictly increasing for each partition
alter table table3 add partition (
partition p1 values less than (1993)
);
Error 1517 (HY000): Duplicate partition name p1
alter table table3 add partition (
partition p1 values less than (1993),
partition p1 values less than (1995)
);
Error 1517 (HY000): Duplicate partition name p1
alter table table3 add partition (
partition p4 values less than (1993),
partition p1 values less than (1995),
partition p5 values less than maxvalue
);
Error 1517 (HY000): Duplicate partition name p1
alter table table3 add partition (partition p6);
Error 1479 (HY000): Syntax : RANGE PARTITIONING requires definition of VALUES LESS THAN for each partition
alter table table3 add partition (partition p7 values in (2018));
Error 1480 (HY000): Only LIST PARTITIONING can use VALUES IN in partition definition
alter table table3 add partition partitions 4;
Error 1492 (HY000): For RANGE partitions each partition must be defined
alter table table3 add partition (partition p3 values less than (2001 + 10));
CREATE TABLE tt5 (
c3 bigint(20) NOT NULL
) ENGINE=InnoDB DEFAULT CHARSET=utf8mb4 COLLATE=utf8mb4_bin
PARTITION BY RANGE ( c3 ) (
PARTITION p0 VALUES LESS THAN (-3),
PARTITION p1 VALUES LESS THAN (-2)
);
ALTER TABLE tt5 add partition ( partition p2 values less than (-1) );
ALTER TABLE tt5 add partition ( partition p3 values less than (5-1) );
drop table if exists t;
create table t (a datetime) partition by range columns (a) (partition p1 values less than ('2019-06-01'), partition p2 values less than ('2019-07-01'));
alter table t add partition ( partition p3 values less than ('2019-07-01'));
Error 1493 (HY000): VALUES LESS THAN value must be strictly increasing for each partition
alter table t add partition ( partition p3 values less than ('2019-08-01'));
drop table if exists t;
create table t (
col date not null default '2000-01-01')
partition by range columns (col) (
PARTITION p0 VALUES LESS THAN ('20190905'),
PARTITION p1 VALUES LESS THAN ('20190906')
);
alter table t add partition (partition p2 values less than (20190907));
Error 1654 (HY000): Partition column values of incorrect type
drop table if exists employees;
create table employees (
id int not null,
hired int not null
)
partition by range( hired ) (
partition p1 values less than (1991),
partition p2 values less than (1996),
partition p3 values less than (2001)
);
alter table employees drop partition p3;
show create table employees;
Table	Create Table
employees	CREATE TABLE `employees` (
  `id` int(11) NOT NULL,
  `hired` int(11) NOT NULL
) ENGINE=InnoDB DEFAULT CHARSET=utf8mb4 COLLATE=utf8mb4_bin
PARTITION BY RANGE (`hired`)
(PARTITION `p1` VALUES LESS THAN (1991),
 PARTITION `p2` VALUES LESS THAN (1996))
drop table if exists table1;
create table table1 (a int);
alter table table1 drop partition p10;
Error 1505 (HY000): Partition management on a not partitioned table is not possible
drop table if exists table2;
create table table2 (
id int not null,
hired date not null
)
partition by range( year(hired) ) (
partition p1 values less than (1991),
partition p2 values less than (1996),
partition p3 values less than (2001)
);
alter table table2 drop partition p10;
Error 1507 (HY000): Error in list of partitions to DROP
drop table if exists table3;
create table table3 (
id int not null
)
partition by range( id ) (
partition p1 values less than (1991)
);
alter table table3 drop partition p1;
Error 1508 (HY000): Cannot remove all partitions, use DROP TABLE instead
drop table if exists table4;
create table table4 (
id int not null
)
partition by range( id ) (
partition p1 values less than (10),
partition p2 values less than (20),
partition p3 values less than MAXVALUE
);
alter table table4 drop partition p2;
show create table table4;
Table	Create Table
table4	CREATE TABLE `table4` (
  `id` int(11) NOT NULL
) ENGINE=InnoDB DEFAULT CHARSET=utf8mb4 COLLATE=utf8mb4_bin
PARTITION BY RANGE (`id`)
(PARTITION `p1` VALUES LESS THAN (10),
 PARTITION `p3` VALUES LESS THAN (MAXVALUE))
drop table if exists tr;
create table tr(
id int, name varchar(50),
purchased date
)
partition by range( year(purchased) ) (
partition p0 values less than (1990),
partition p1 values less than (1995),
partition p2 values less than (2000),
partition p3 values less than (2005),
partition p4 values less than (2010),
partition p5 values less than (2015)
);
INSERT INTO tr VALUES
(1, 'desk organiser', '2003-10-15'),
(2, 'alarm clock', '1997-11-05'),
(3, 'chair', '2009-03-10'),
(4, 'bookcase', '1989-01-10'),
(5, 'exercise bike', '2014-05-09'),
(6, 'sofa', '1987-06-05'),
(7, 'espresso maker', '2011-11-22'),
(8, 'aquarium', '1992-08-04'),
(9, 'study desk', '2006-09-16'),
(10, 'lava lamp', '1998-12-25');
select * from tr where purchased between '1995-01-01' and '1999-12-31';
id	name	purchased
2	alarm clock	1997-11-05
10	lava lamp	1998-12-25
alter table tr drop partition p2;
select * from tr where purchased between '1995-01-01' and '1999-12-31';
id	name	purchased
select * from tr where purchased between '2010-01-01' and '2014-12-31';
id	name	purchased
5	exercise bike	2014-05-09
7	espresso maker	2011-11-22
alter table tr drop partition p5;
select * from tr where purchased between '2010-01-01' and '2014-12-31';
id	name	purchased
alter table tr drop partition p4;
select * from tr where purchased between '2005-01-01' and '2009-12-31';
id	name	purchased
drop table if exists table4;
create table table4 (
id int not null
)
partition by range( id ) (
partition Par1 values less than (1991),
partition pAR2 values less than (1992),
partition Par3 values less than (1995),
partition PaR5 values less than (1996)
);
alter table table4 drop partition Par2;
alter table table4 drop partition PAR5;
alter table table4 drop partition PAR0;
Error 1507 (HY000): Error in list of partitions to DROP
CREATE TABLE t1 (a int(11), b varchar(64)) PARTITION BY HASH(a) PARTITIONS 3;
alter table t1 drop partition p2;
Error 1512 (HY000): DROP PARTITION can only be used on RANGE/LIST partitions
drop table if exists employees;
create table employees (
hired int not null
)
partition by range( hired ) (
partition p1 values less than (1991),
partition p2 values less than (1996),
partition p3 values less than (2001),
partition p4 values less than (2006),
partition p5 values less than (2011)
);
INSERT INTO employees VALUES (1990), (1995), (2000), (2005), (2010);
alter table employees drop partition p1, p2;
select * from employees;
hired
2000
2005
2010
alter table employees truncate partition p3, p4;
select * from employees;
hired
2010
drop table if exists t1, t1p;
CREATE TABLE t1 (
d date NOT NULL ,
name varchar(10)  NOT NULL,
UNIQUE KEY (d,name)
);
CREATE TABLE t1p (
d date NOT NULL ,
name varchar(10)  NOT NULL,
UNIQUE KEY (d,name)
)
PARTITION BY RANGE COLUMNS(d)
(PARTITION p202307 VALUES LESS THAN ('2023-08-01'),
PARTITION p202308 VALUES LESS THAN ('2023-09-01'),
PARTITION p202309 VALUES LESS THAN ('2023-10-01'),
PARTITION p202310 VALUES LESS THAN ('2023-11-01'),
PARTITION p202311 VALUES LESS THAN ('2023-12-01'),
PARTITION p202312 VALUES LESS THAN ('2024-01-01'),
PARTITION pfuture VALUES LESS THAN (MAXVALUE));
insert into t1 values ("2023-08-06","0000");
alter table t1p exchange partition p202307 with table t1 with validation;
Error 1737 (HY000): Found a row that does not match the partition
insert into t1 values ("2023-08-06","0001");
drop database if exists db_one;
drop database if exists db_two;
create database db_one;
create database db_two;
set @@global.tidb_enable_check_constraint = 1;
create table db_one.nt (a int check (a > 75) not ENFORCED, b int check (b > 50) ENFORCED);
insert into db_one.nt values (60, 60);
create table db_two.pt (a int check (a < 75) ENFORCED, b int check (b < 75 or b > 100) ENFORCED) partition by range (a) (partition p0 values less than (50), partition p1 values less than (100) );
alter table db_two.pt exchange partition p1 with table db_one.nt;
drop table db_one.nt, db_two.pt;
set @@global.tidb_enable_check_constraint = 1;
create table db_one.nt (a int check (a > 75) not ENFORCED, b int check (b > 50) ENFORCED);
insert into db_one.nt values (80, 60);
create table db_two.pt (a int check (a < 75) ENFORCED, b int check (b < 75 or b > 100) ENFORCED) partition by range (a) (partition p0 values less than (50), partition p1 values less than (100) );
alter table db_two.pt exchange partition p1 with table db_one.nt;
Error 1737 (HY000): Found a row that does not match the partition
set @@global.tidb_enable_check_constraint = 0;
alter table db_two.pt exchange partition p1 with table db_one.nt;
drop table db_one.nt, db_two.pt;
set @@global.tidb_enable_check_constraint = 1;
create table db_one.nt (a int check (a > 75) not ENFORCED, b int check (b > 50) ENFORCED);
insert into db_one.nt values (60, 80);
create table db_two.pt (a int check (a < 75) ENFORCED, b int check (b < 75 or b > 100) ENFORCED) partition by range (a) (partition p0 values less than (50), partition p1 values less than (100) );
alter table db_two.pt exchange partition p1 with table db_one.nt;
Error 1737 (HY000): Found a row that does not match the partition
set @@global.tidb_enable_check_constraint = 0;
alter table db_two.pt exchange partition p1 with table db_one.nt;
drop table db_one.nt, db_two.pt;
set @@global.tidb_enable_check_constraint = 1;
create table db_one.nt (a int check (a > 75) not ENFORCED, b int check (b > 50) ENFORCED);
insert into db_one.nt values (80, 80);
create table db_two.pt (a int check (a < 75) ENFORCED, b int check (b < 75 or b > 100) ENFORCED) partition by range (a) (partition p0 values less than (50), partition p1 values less than (100) );
alter table db_two.pt exchange partition p1 with table db_one.nt;
Error 1737 (HY000): Found a row that does not match the partition
set @@global.tidb_enable_check_constraint = 0;
alter table db_two.pt exchange partition p1 with table db_one.nt;
drop table db_one.nt, db_two.pt;
set @@global.tidb_enable_check_constraint = 1;
create table db_one.nt (a int check (a > 75) not ENFORCED, b int check (b > 50) ENFORCED);
insert into db_one.nt values (60, 120);
create table db_two.pt (a int check (a < 75) ENFORCED, b int check (b < 75 or b > 100) ENFORCED) partition by range (a) (partition p0 values less than (50), partition p1 values less than (100) );
alter table db_two.pt exchange partition p1 with table db_one.nt;
drop table db_one.nt, db_two.pt;
set @@global.tidb_enable_check_constraint = 1;
create table db_one.nt (a int check (a > 75) not ENFORCED, b int check (b > 50) ENFORCED);
insert into db_one.nt values (80, 120);
create table db_two.pt (a int check (a < 75) ENFORCED, b int check (b < 75 or b > 100) ENFORCED) partition by range (a) (partition p0 values less than (50), partition p1 values less than (100) );
alter table db_two.pt exchange partition p1 with table db_one.nt;
Error 1737 (HY000): Found a row that does not match the partition
set @@global.tidb_enable_check_constraint = 0;
alter table db_two.pt exchange partition p1 with table db_one.nt;
drop table db_one.nt, db_two.pt;
set @@global.tidb_enable_check_constraint = 1;
create table db_one.nt (a int check (a > 75) not ENFORCED, b int check (b > 50) ENFORCED);
create table db_two.pt (a int check (a < 75) ENFORCED, b int check (b < 75 or b > 100) ENFORCED) partition by range (a) (partition p0 values less than (50), partition p1 values less than (100) );
insert into db_two.pt values (60, 60);
alter table db_two.pt exchange partition p1 with table db_one.nt;
drop table db_one.nt, db_two.pt;
set @@global.tidb_enable_check_constraint = 1;
create table db_one.nt (a int check (a > 75) not ENFORCED, b int check (b > 50) ENFORCED);
create table db_two.pt (a int check (a < 75) ENFORCED, b int check (b < 75 or b > 100) ENFORCED) partition by range (a) (partition p0 values less than (50), partition p1 values less than (100) );
insert into db_two.pt values (60, 50);
alter table db_two.pt exchange partition p1 with table db_one.nt;
Error 1737 (HY000): Found a row that does not match the partition
set @@global.tidb_enable_check_constraint = 0;
alter table db_two.pt exchange partition p1 with table db_one.nt;
drop table db_one.nt, db_two.pt;
set @@global.tidb_enable_check_constraint = 1;
create table db_one.nt (a int check (a > 75) not ENFORCED, b int check (b > 50) ENFORCED);
create table db_two.pt (a int check (a < 75) ENFORCED, b int check (b < 75 or b > 100) ENFORCED) partition by range (a) (partition p0 values less than (50), partition p1 values less than (100) );
insert into db_two.pt values (30, 50);
alter table db_two.pt exchange partition p1 with table db_one.nt;
drop table db_one.nt, db_two.pt;
set @@global.tidb_enable_check_constraint = 1;
create table db_one.nt (a int check (a > 75) not ENFORCED, b int check (b > 50) ENFORCED);
insert into db_one.nt values (60, 60);
create table db_two.pt (a int check (a < 75) ENFORCED, b int check (b < 75 or b > 100) ENFORCED) partition by range (a) (partition p0 values less than (50), partition p1 values less than (100) );
insert into db_two.pt values (70, 70);
alter table db_two.pt exchange partition p1 with table db_one.nt;
drop table db_one.nt, db_two.pt;
set @@global.tidb_enable_check_constraint = 1;
create table db_one.nt (a int check (a > 75) not ENFORCED, b int check (b > 50) ENFORCED);
insert into db_one.nt values (60, 60);
create table db_two.pt (a int check (a < 75) ENFORCED, b int check (b < 75 or b > 100) ENFORCED) partition by range (a) (partition p0 values less than (50), partition p1 values less than (100) );
insert into db_two.pt values (70, 70);
insert into db_two.pt values (30, 50);
alter table db_two.pt exchange partition p1 with table db_one.nt;
drop table db_one.nt, db_two.pt;
set @@global.tidb_enable_check_constraint = 1;
create table db_one.nt (a int check (a > 75) not ENFORCED, b int check (b > 50) ENFORCED);
insert into db_one.nt values (60, 60);
insert into db_one.nt values (60, 120);
create table db_two.pt (a int check (a < 75) ENFORCED, b int check (b < 75 or b > 100) ENFORCED) partition by range (a) (partition p0 values less than (50), partition p1 values less than (100) );
insert into db_two.pt values (70, 70);
insert into db_two.pt values (30, 50);
alter table db_two.pt exchange partition p1 with table db_one.nt;
drop table db_one.nt, db_two.pt;
set @@global.tidb_enable_check_constraint = 1;
create table db_one.nt (a int check (a > 75) not ENFORCED, b int check (b > 50) ENFORCED);
insert into db_one.nt values (60, 60);
insert into db_one.nt values (80, 120);
create table db_two.pt (a int check (a < 75) ENFORCED, b int check (b < 75 or b > 100) ENFORCED) partition by range (a) (partition p0 values less than (50), partition p1 values less than (100) );
insert into db_two.pt values (70, 70);
insert into db_two.pt values (30, 50);
alter table db_two.pt exchange partition p1 with table db_one.nt;
Error 1737 (HY000): Found a row that does not match the partition
set @@global.tidb_enable_check_constraint = 0;
alter table db_two.pt exchange partition p1 with table db_one.nt;
drop table db_one.nt, db_two.pt;
set @@global.tidb_enable_check_constraint = 1;
create table db_one.nt (a int check (a > 75) not ENFORCED, b int check (b > 50) ENFORCED);
insert into db_one.nt values (60, 60);
create table db_two.pt (a int check (a < 75) ENFORCED, b int check (b < 75 or b > 100) ENFORCED) partition by range (a) (partition p0 values less than (50), partition p1 values less than (100) );
insert into db_two.pt values (70, 70);
insert into db_two.pt values (30, 50);
insert into db_two.pt values (60, 50);
alter table db_two.pt exchange partition p1 with table db_one.nt;
Error 1737 (HY000): Found a row that does not match the partition
set @@global.tidb_enable_check_constraint = 0;
alter table db_two.pt exchange partition p1 with table db_one.nt;
drop table db_one.nt, db_two.pt;
set @@global.tidb_enable_check_constraint = 1;
create table db_one.nt (a int check (a > 75) not ENFORCED, b int check (b > 50) ENFORCED);
insert into db_one.nt values (60, 60);
insert into db_one.nt values (60, 80);
create table db_two.pt (a int check (a < 75) ENFORCED, b int check (b < 75 or b > 100) ENFORCED) partition by range (a) (partition p0 values less than (50), partition p1 values less than (100) );
insert into db_two.pt values (70, 70);
insert into db_two.pt values (30, 50);
alter table db_two.pt exchange partition p1 with table db_one.nt;
Error 1737 (HY000): Found a row that does not match the partition
set @@global.tidb_enable_check_constraint = 0;
alter table db_two.pt exchange partition p1 with table db_one.nt;
drop table db_one.nt, db_two.pt;
set @@global.tidb_enable_check_constraint = default;
drop placement policy if exists rule1;
drop placement policy if exists rule2;
drop table if exists t1, t1p;
CREATE PLACEMENT POLICY rule1 FOLLOWERS=1;
CREATE PLACEMENT POLICY rule2 FOLLOWERS=2;
CREATE TABLE t1 (
d date NOT NULL ,
name varchar(10)  NOT NULL,
UNIQUE KEY (d,name)
) PLACEMENT POLICY="rule1";
CREATE TABLE t1p (
d date NOT NULL ,
name varchar(10)  NOT NULL,
UNIQUE KEY (d,name)
) PLACEMENT POLICY="rule2"
PARTITION BY RANGE COLUMNS(d)
(PARTITION p202307 VALUES LESS THAN ('2023-08-01'),
PARTITION p202308 VALUES LESS THAN ('2023-09-01'),
PARTITION p202309 VALUES LESS THAN ('2023-10-01'),
PARTITION p202310 VALUES LESS THAN ('2023-11-01'),
PARTITION p202311 VALUES LESS THAN ('2023-12-01'),
PARTITION p202312 VALUES LESS THAN ('2024-01-01'),
PARTITION pfuture VALUES LESS THAN (MAXVALUE));
alter table t1p exchange partition p202307 with table t1;
Error 1736 (HY000): Tables have different definitions
insert into t1 values ("2023-08-06","0000");
drop table t1, t1p;
drop placement policy rule1;
drop placement policy rule2;
drop table if exists pt;
create table pt (a int primary key auto_increment) partition by range(a) (
partition p0 values less than (3),
partition p1 values less than (6),
PARTITION p2 values less than (9)
);
select @@tidb_enable_exchange_partition;
@@tidb_enable_exchange_partition
1
create table nt(a int primary key auto_increment);
alter table pt exchange partition p0 with table nt;
show warnings;
Level	Code	Message
Warning	1105	after the exchange, please analyze related table of the exchange to update statistics
set @@tidb_enable_exchange_partition=0;
show warnings;
Level	Code	Message
Warning	1105	tidb_enable_exchange_partition is always turned on. This variable has been deprecated and will be removed in the future releases
select @@tidb_enable_exchange_partition;
@@tidb_enable_exchange_partition
1
alter table pt exchange partition p0 with table nt;
show warnings;
Level	Code	Message
Warning	1105	after the exchange, please analyze related table of the exchange to update statistics
set @@tidb_enable_exchange_partition=1;
show warnings;
Level	Code	Message
select @@tidb_enable_exchange_partition;
@@tidb_enable_exchange_partition
1
alter table pt exchange partition p0 with table nt;
show warnings;
Level	Code	Message
Warning	1105	after the exchange, please analyze related table of the exchange to update statistics
set @@tidb_enable_exchange_partition=default;
drop table if exists part1;
create table part1 (
col1 int not null,
col2 date not null,
col3 int not null,
col4 int not null,
unique key (col1, col2)
)
partition by range( col1 + col2 ) (
partition p1 values less than (11),
partition p2 values less than (15)
);
drop table if exists part2;
create table part2 (
col1 int not null,
col2 date not null,
col3 int not null,
col4 int not null,
unique key (col1, col2, col3),
unique key (col3)
)
partition by range( col3 ) (
partition p1 values less than (11),
partition p2 values less than (15)
);
drop table if exists part3;
create table part3 (
col1 int not null,
col2 date not null,
col3 int not null,
col4 int not null,
primary key(col1, col2)
)
partition by range( col1 ) (
partition p1 values less than (11),
partition p2 values less than (15)
);
drop table if exists part4;
create table part4 (
col1 int not null,
col2 date not null,
col3 int not null,
col4 int not null,
primary key(col1, col2),
unique key(col2)
)
partition by range( year(col2)  ) (
partition p1 values less than (11),
partition p2 values less than (15)
);
drop table if exists part5;
create table part5 (
col1 int not null,
col2 date not null,
col3 int not null,
col4 int not null,
primary key(col1, col2, col4),
unique key(col2, col1)
)
partition by range( col1 + col2 ) (
partition p1 values less than (11),
partition p2 values less than (15)
);
drop table if exists Part1;
create table Part1 (
col1 int not null,
col2 date not null,
col3 int not null,
col4 int not null,
unique key (col1, col2)
)
partition by range( col3 ) (
partition p1 values less than (11),
partition p2 values less than (15)
);
Error 1503 (HY000): A UNIQUE INDEX must include all columns in the table's partitioning function
drop table if exists Part1;
create table Part1 (
col1 int not null,
col2 date not null,
col3 int not null,
col4 int not null,
unique key (col1),
unique key (col3)
)
partition by range( col1 + col3 ) (
partition p1 values less than (11),
partition p2 values less than (15)
);
Error 1503 (HY000): A UNIQUE INDEX must include all columns in the table's partitioning function
drop table if exists Part1;
create table Part1 (
col1 int not null,
col2 date not null,
col3 int not null,
col4 int not null,
unique key (col1),
unique key (col3)
)
partition by range( col3 ) (
partition p1 values less than (11),
partition p2 values less than (15)
);
Error 1503 (HY000): A UNIQUE INDEX must include all columns in the table's partitioning function
drop table if exists Part1;
create table Part1 (
col1 int not null,
col2 date not null,
col3 int not null,
col4 int not null,
unique key (col1, col2, col3),
unique key (col3)
)
partition by range( col1 + col3 ) (
partition p1 values less than (11),
partition p2 values less than (15)
);
Error 1503 (HY000): A UNIQUE INDEX must include all columns in the table's partitioning function
drop table if exists Part1;
create table Part1 (
col1 int not null,
col2 date not null,
col3 int not null,
col4 int not null,
primary key(col1, col2)
)
partition by range( col3 ) (
partition p1 values less than (11),
partition p2 values less than (15)
);
Error 1503 (HY000): A PRIMARY KEY must include all columns in the table's partitioning function
drop table if exists Part1;
create table Part1 (
col1 int not null,
col2 date not null,
col3 int not null,
col4 int not null,
primary key(col1, col3),
unique key(col2)
)
partition by range( year(col2)  ) (
partition p1 values less than (11),
partition p2 values less than (15)
);
Error 1503 (HY000): A PRIMARY KEY must include all columns in the table's partitioning function
drop table if exists Part1;
create table Part1 (
col1 int not null,
col2 date not null,
col3 int not null,
col4 int not null,
primary key(col1, col3, col4),
unique key(col2, col1)
)
partition by range( col1 + col2 ) (
partition p1 values less than (11),
partition p2 values less than (15)
);
Error 1503 (HY000): A PRIMARY KEY must include all columns in the table's partitioning function
drop table if exists part6;
create table part6 (
col1 int not null,
col2 date not null,
col3 int not null,
col4 int not null,
col5 int not null,
unique key(col1, col2),
unique key(col1, col3)
)
partition by range( col1 + col2 ) (
partition p1 values less than (11),
partition p2 values less than (15)
);
Error 1503 (HY000): A UNIQUE INDEX must include all columns in the table's partitioning function
create table part7 (
col1 int not null,
col2 int not null,
col3 int not null unique,
unique key(col1, col2)
)
partition by range (col1 + col2) (
partition p1 values less than (11),
partition p2 values less than (15)
);
Error 1503 (HY000): A UNIQUE INDEX must include all columns in the table's partitioning function
create table part8 (
a int not null,
b int not null,
c int default null,
d int default null,
e int default null,
primary key (a, b),
unique key (c, d)
)
partition by range columns (b) (
partition p0 values less than (4),
partition p1 values less than (7),
partition p2 values less than (11)
);
Error 1503 (HY000): A UNIQUE INDEX must include all columns in the table's partitioning function
create table part9 (
a int not null,
b int not null,
c int default null,
d int default null,
e int default null,
primary key (a, b),
unique key (b, c, d)
)
partition by range columns (b, c) (
partition p0 values less than (4, 5),
partition p1 values less than (7, 9),
partition p2 values less than (11, 22)
);
Error 1503 (HY000): A PRIMARY KEY must include all columns in the table's partitioning function
create table part12 (a varchar(20), b binary, unique index (a(5))) partition by range columns (a) (
partition p0 values less than ('aaaaa'),
partition p1 values less than ('bbbbb'),
partition p2 values less than ('ccccc'));
Error 1503 (HY000): A UNIQUE INDEX must include all columns in the table's partitioning function
create table part12 (a varchar(20), b binary) partition by range columns (a) (
partition p0 values less than ('aaaaa'),
partition p1 values less than ('bbbbb'),
partition p2 values less than ('ccccc'));
alter table part12 add unique index (a(5));
Error 1503 (HY000): A UNIQUE INDEX must include all columns in the table's partitioning function
create table part13 (a varchar(20), b varchar(10), unique index (a(5),b)) partition by range columns (b) (
partition p0 values less than ('aaaaa'),
partition p1 values less than ('bbbbb'),
partition p2 values less than ('ccccc'));
drop table if exists t;
create table t (
id int,
fname varchar(30),
lname varchar(30),
signed date
)
partition by hash( month(signed) )
partitions 12;
insert into t values (0, "Joe", "Doe", from_days(738974 + 0)), (1, "Joe", "Doe", from_days(738974 + 3)), (2, "Joe", "Doe", from_days(738974 + 6)), (3, "Joe", "Doe", from_days(738974 + 9)), (4, "Joe", "Doe", from_days(738974 + 12)), (5, "Joe", "Doe", from_days(738974 + 15)), (6, "Joe", "Doe", from_days(738974 + 18)), (7, "Joe", "Doe", from_days(738974 + 21)), (8, "Joe", "Doe", from_days(738974 + 24)), (9, "Joe", "Doe", from_days(738974 + 27)), (10, "Joe", "Doe", from_days(738974 + 30)), (11, "Joe", "Doe", from_days(738974 + 33)), (12, "Joe", "Doe", from_days(738974 + 36)), (13, "Joe", "Doe", from_days(738974 + 39)), (14, "Joe", "Doe", from_days(738974 + 42)), (15, "Joe", "Doe", from_days(738974 + 45)), (16, "Joe", "Doe", from_days(738974 + 48)), (17, "Joe", "Doe", from_days(738974 + 51)), (18, "Joe", "Doe", from_days(738974 + 54)), (19, "Joe", "Doe", from_days(738974 + 57)), (20, "Joe", "Doe", from_days(738974 + 60)), (21, "Joe", "Doe", from_days(738974 + 63)), (22, "Joe", "Doe", from_days(738974 + 66)), (23, "Joe", "Doe", from_days(738974 + 69)), (24, "Joe", "Doe", from_days(738974 + 72)), (25, "Joe", "Doe", from_days(738974 + 75)), (26, "Joe", "Doe", from_days(738974 + 78)), (27, "Joe", "Doe", from_days(738974 + 81)), (28, "Joe", "Doe", from_days(738974 + 84)), (29, "Joe", "Doe", from_days(738974 + 87));
alter table t coalesce partition 4;
show create table t;
Table	Create Table
t	CREATE TABLE `t` (
  `id` int(11) DEFAULT NULL,
  `fname` varchar(30) DEFAULT NULL,
  `lname` varchar(30) DEFAULT NULL,
  `signed` date DEFAULT NULL
) ENGINE=InnoDB DEFAULT CHARSET=utf8mb4 COLLATE=utf8mb4_bin
PARTITION BY HASH (MONTH(`signed`)) PARTITIONS 8
analyze table t;
select partition_name, table_rows from information_schema.partitions where table_name = 't' and table_schema = 'ddl__db_partition';
partition_name	table_rows
p0	0
p1	0
p2	0
p3	1
p4	10
p5	10
p6	9
p7	0
(select 'p0', count(*) from t partition (p0) UNION select 'p1', count(*) from t partition (p1) UNION select 'p2', count(*) from t partition (p2) UNION select 'p3', count(*) from t partition (p3) UNION select 'p4', count(*) from t partition (p4) UNION select 'p5', count(*) from t partition (p5) UNION select 'p6', count(*) from t partition (p6) UNION select 'p7', count(*) from t partition (p7)) ORDER BY 1;
p0	count(*)
p0	0
p1	0
p2	0
p3	1
p4	10
p5	10
p6	9
p7	0
drop table t;
create table t (
id int,
fname varchar(30),
lname varchar(30),
signed date
)
partition by key(signed,fname)
partitions 12;
insert into t values (0, "Joe", "Doe", from_days(738974 + 0)), (1, "Joe", "Doe", from_days(738974 + 3)), (2, "Joe", "Doe", from_days(738974 + 6)), (3, "Joe", "Doe", from_days(738974 + 9)), (4, "Joe", "Doe", from_days(738974 + 12)), (5, "Joe", "Doe", from_days(738974 + 15)), (6, "Joe", "Doe", from_days(738974 + 18)), (7, "Joe", "Doe", from_days(738974 + 21)), (8, "Joe", "Doe", from_days(738974 + 24)), (9, "Joe", "Doe", from_days(738974 + 27)), (10, "Joe", "Doe", from_days(738974 + 30)), (11, "Joe", "Doe", from_days(738974 + 33)), (12, "Joe", "Doe", from_days(738974 + 36)), (13, "Joe", "Doe", from_days(738974 + 39)), (14, "Joe", "Doe", from_days(738974 + 42)), (15, "Joe", "Doe", from_days(738974 + 45)), (16, "Joe", "Doe", from_days(738974 + 48)), (17, "Joe", "Doe", from_days(738974 + 51)), (18, "Joe", "Doe", from_days(738974 + 54)), (19, "Joe", "Doe", from_days(738974 + 57)), (20, "Joe", "Doe", from_days(738974 + 60)), (21, "Joe", "Doe", from_days(738974 + 63)), (22, "Joe", "Doe", from_days(738974 + 66)), (23, "Joe", "Doe", from_days(738974 + 69)), (24, "Joe", "Doe", from_days(738974 + 72)), (25, "Joe", "Doe", from_days(738974 + 75)), (26, "Joe", "Doe", from_days(738974 + 78)), (27, "Joe", "Doe", from_days(738974 + 81)), (28, "Joe", "Doe", from_days(738974 + 84)), (29, "Joe", "Doe", from_days(738974 + 87));
alter table t coalesce partition 4;
show create table t;
Table	Create Table
t	CREATE TABLE `t` (
  `id` int(11) DEFAULT NULL,
  `fname` varchar(30) DEFAULT NULL,
  `lname` varchar(30) DEFAULT NULL,
  `signed` date DEFAULT NULL
) ENGINE=InnoDB DEFAULT CHARSET=utf8mb4 COLLATE=utf8mb4_bin
PARTITION BY KEY (`signed`,`fname`) PARTITIONS 8
analyze table t;
select partition_name, table_rows from information_schema.partitions where table_name = 't' and table_schema = 'ddl__db_partition';
partition_name	table_rows
p0	4
p1	5
p2	3
p3	3
p4	5
p5	4
p6	3
p7	3
(select 'p0', count(*) from t partition (p0) UNION select 'p1', count(*) from t partition (p1) UNION select 'p2', count(*) from t partition (p2) UNION select 'p3', count(*) from t partition (p3) UNION select 'p4', count(*) from t partition (p4) UNION select 'p5', count(*) from t partition (p5) UNION select 'p6', count(*) from t partition (p6) UNION select 'p7', count(*) from t partition (p7)) ORDER BY 1;
p0	count(*)
p0	4
p1	5
p2	3
p3	3
p4	5
p5	4
p6	3
p7	3
drop table if exists t;
create table t (
id int not null,
fname varchar(30),
lname varchar(30),
hired date not null default '1970-01-01',
separated date,
job_code int,
store_id int
)
partition by hash(store_id)
partitions 4;
insert into t values (1,"one", "two","1999-01-04", null, 1, 1), (2, "Who", "Else", '2020-12-02', '2022-12-31', 2, 2);
insert into t select id + 2, fname, lname, hired, separated, job_code, store_id + 2 from t;
insert into t select id + 4, fname, lname, hired, separated, job_code, store_id + 4 from t;
insert into t select id + 8, fname, lname, hired, separated, job_code, store_id + 8 from t;
insert into t select id + 16, fname, lname, hired, separated, job_code, store_id + 16 from t;
insert into t select id + 32, fname, lname, hired, separated, job_code, store_id + 32 from t;
select sum(store_id), avg(store_id), max(store_id), min(store_id), sum(id) from t;
sum(store_id)	avg(store_id)	max(store_id)	min(store_id)	sum(id)
2080	32.5000	64	1	2080
alter table t add partition (partition pHist history);
Error 1480 (HY000): Only SYSTEM_TIME PARTITIONING can use VALUES HISTORY in partition definition
alter table t add partition (partition pList values in (22));
Error 1480 (HY000): Only LIST PARTITIONING can use VALUES IN in partition definition
alter table t add partition (partition pRange values less than (22));
Error 1480 (HY000): Only RANGE PARTITIONING can use VALUES LESS THAN in partition definition
insert into t values (20, "Joe", "Doe", '2020-01-05', null, 1,1), (21, "Jane", "Doe", '2021-07-05', null, 2,1);
select sum(store_id), avg(store_id), max(store_id), min(store_id), sum(id) from t;
sum(store_id)	avg(store_id)	max(store_id)	min(store_id)	sum(id)
2082	31.5455	64	1	2121
alter table t add partition partitions 8;
show create table t;
Table	Create Table
t	CREATE TABLE `t` (
  `id` int(11) NOT NULL,
  `fname` varchar(30) DEFAULT NULL,
  `lname` varchar(30) DEFAULT NULL,
  `hired` date NOT NULL DEFAULT '1970-01-01',
  `separated` date DEFAULT NULL,
  `job_code` int(11) DEFAULT NULL,
  `store_id` int(11) DEFAULT NULL
) ENGINE=InnoDB DEFAULT CHARSET=utf8mb4 COLLATE=utf8mb4_bin
PARTITION BY HASH (`store_id`) PARTITIONS 12
alter table t coalesce partition 0;
Error 1515 (HY000): At least one partition must be coalesced
alter table t coalesce partition 12;
Error 1508 (HY000): Cannot remove all partitions, use DROP TABLE instead
create placement policy tworeplicas followers=1;
create placement policy threereplicas followers=2;
create placement policy fourreplicas followers=3;
alter table t add partition (partition pp13 comment 'p13' placement policy tworeplicas, partition pp14 comment 'p14' placement policy threereplicas, partition pp15 comment 'p15' placement policy fourreplicas);
alter table t add partition partitions 1;
alter table t coalesce partition 1;
show create table t;
Table	Create Table
t	CREATE TABLE `t` (
  `id` int(11) NOT NULL,
  `fname` varchar(30) DEFAULT NULL,
  `lname` varchar(30) DEFAULT NULL,
  `hired` date NOT NULL DEFAULT '1970-01-01',
  `separated` date DEFAULT NULL,
  `job_code` int(11) DEFAULT NULL,
  `store_id` int(11) DEFAULT NULL
) ENGINE=InnoDB DEFAULT CHARSET=utf8mb4 COLLATE=utf8mb4_bin
PARTITION BY HASH (`store_id`)
(PARTITION `p0`,
 PARTITION `p1`,
 PARTITION `p2`,
 PARTITION `p3`,
 PARTITION `p4`,
 PARTITION `p5`,
 PARTITION `p6`,
 PARTITION `p7`,
 PARTITION `p8`,
 PARTITION `p9`,
 PARTITION `p10`,
 PARTITION `p11`,
 PARTITION `pp13` COMMENT 'p13' /*T![placement] PLACEMENT POLICY=`tworeplicas` */,
 PARTITION `pp14` COMMENT 'p14' /*T![placement] PLACEMENT POLICY=`threereplicas` */,
 PARTITION `pp15` COMMENT 'p15' /*T![placement] PLACEMENT POLICY=`fourreplicas` */)
alter table t coalesce partition 2;
show create table t;
Table	Create Table
t	CREATE TABLE `t` (
  `id` int(11) NOT NULL,
  `fname` varchar(30) DEFAULT NULL,
  `lname` varchar(30) DEFAULT NULL,
  `hired` date NOT NULL DEFAULT '1970-01-01',
  `separated` date DEFAULT NULL,
  `job_code` int(11) DEFAULT NULL,
  `store_id` int(11) DEFAULT NULL
) ENGINE=InnoDB DEFAULT CHARSET=utf8mb4 COLLATE=utf8mb4_bin
PARTITION BY HASH (`store_id`)
(PARTITION `p0`,
 PARTITION `p1`,
 PARTITION `p2`,
 PARTITION `p3`,
 PARTITION `p4`,
 PARTITION `p5`,
 PARTITION `p6`,
 PARTITION `p7`,
 PARTITION `p8`,
 PARTITION `p9`,
 PARTITION `p10`,
 PARTITION `p11`,
 PARTITION `pp13` COMMENT 'p13' /*T![placement] PLACEMENT POLICY=`tworeplicas` */)
alter table t coalesce partition 1;
alter table t add partition (partition p13 comment 'p13');
alter table t add partition partitions 1;
Error 1517 (HY000): Duplicate partition name p13
alter table t coalesce partition 1;
show create table t;
Table	Create Table
t	CREATE TABLE `t` (
  `id` int(11) NOT NULL,
  `fname` varchar(30) DEFAULT NULL,
  `lname` varchar(30) DEFAULT NULL,
  `hired` date NOT NULL DEFAULT '1970-01-01',
  `separated` date DEFAULT NULL,
  `job_code` int(11) DEFAULT NULL,
  `store_id` int(11) DEFAULT NULL
) ENGINE=InnoDB DEFAULT CHARSET=utf8mb4 COLLATE=utf8mb4_bin
PARTITION BY HASH (`store_id`) PARTITIONS 12
alter table t add partition (partition p12 comment 'p12' placement policy tworeplicas);
alter table t placement policy fourreplicas;
alter table t add partition partitions 1;
show create table t;
Table	Create Table
t	CREATE TABLE `t` (
  `id` int(11) NOT NULL,
  `fname` varchar(30) DEFAULT NULL,
  `lname` varchar(30) DEFAULT NULL,
  `hired` date NOT NULL DEFAULT '1970-01-01',
  `separated` date DEFAULT NULL,
  `job_code` int(11) DEFAULT NULL,
  `store_id` int(11) DEFAULT NULL
) ENGINE=InnoDB DEFAULT CHARSET=utf8mb4 COLLATE=utf8mb4_bin /*T![placement] PLACEMENT POLICY=`fourreplicas` */
PARTITION BY HASH (`store_id`)
(PARTITION `p0`,
 PARTITION `p1`,
 PARTITION `p2`,
 PARTITION `p3`,
 PARTITION `p4`,
 PARTITION `p5`,
 PARTITION `p6`,
 PARTITION `p7`,
 PARTITION `p8`,
 PARTITION `p9`,
 PARTITION `p10`,
 PARTITION `p11`,
 PARTITION `p12` COMMENT 'p12' /*T![placement] PLACEMENT POLICY=`tworeplicas` */,
 PARTITION `p13`)
alter table t remove partitioning;
show create table t;
Table	Create Table
t	CREATE TABLE `t` (
  `id` int(11) NOT NULL,
  `fname` varchar(30) DEFAULT NULL,
  `lname` varchar(30) DEFAULT NULL,
  `hired` date NOT NULL DEFAULT '1970-01-01',
  `separated` date DEFAULT NULL,
  `job_code` int(11) DEFAULT NULL,
  `store_id` int(11) DEFAULT NULL
) ENGINE=InnoDB DEFAULT CHARSET=utf8mb4 COLLATE=utf8mb4_bin /*T![placement] PLACEMENT POLICY=`fourreplicas` */
select sum(store_id), avg(store_id), max(store_id), min(store_id), sum(id) from t;
sum(store_id)	avg(store_id)	max(store_id)	min(store_id)	sum(id)
2082	31.5455	64	1	2121
alter table t placement policy default;
drop placement policy tworeplicas;
drop placement policy threereplicas;
drop placement policy fourreplicas;
drop table t;
create table t (
id int not null,
fname varchar(30),
lname varchar(30),
hired date not null default '1970-01-01',
separated date,
job_code int,
store_id int
)
partition by key (hired)
partitions 4;
insert into t values (20, "Joe", "Doe", '2020-01-05', null, 1,1), (21, "Jane", "Doe", '2021-07-05', null, 2,1);
alter table t add partition partitions 8;
show create table t;
Table	Create Table
t	CREATE TABLE `t` (
  `id` int(11) NOT NULL,
  `fname` varchar(30) DEFAULT NULL,
  `lname` varchar(30) DEFAULT NULL,
  `hired` date NOT NULL DEFAULT '1970-01-01',
  `separated` date DEFAULT NULL,
  `job_code` int(11) DEFAULT NULL,
  `store_id` int(11) DEFAULT NULL
) ENGINE=InnoDB DEFAULT CHARSET=utf8mb4 COLLATE=utf8mb4_bin
PARTITION BY KEY (`hired`) PARTITIONS 12
alter table t add partition (partition p13);
alter table t add partition partitions 1;
Error 1517 (HY000): Duplicate partition name p13
show create table t;
Table	Create Table
t	CREATE TABLE `t` (
  `id` int(11) NOT NULL,
  `fname` varchar(30) DEFAULT NULL,
  `lname` varchar(30) DEFAULT NULL,
  `hired` date NOT NULL DEFAULT '1970-01-01',
  `separated` date DEFAULT NULL,
  `job_code` int(11) DEFAULT NULL,
  `store_id` int(11) DEFAULT NULL
) ENGINE=InnoDB DEFAULT CHARSET=utf8mb4 COLLATE=utf8mb4_bin
PARTITION BY KEY (`hired`)
(PARTITION `p0`,
 PARTITION `p1`,
 PARTITION `p2`,
 PARTITION `p3`,
 PARTITION `p4`,
 PARTITION `p5`,
 PARTITION `p6`,
 PARTITION `p7`,
 PARTITION `p8`,
 PARTITION `p9`,
 PARTITION `p10`,
 PARTITION `p11`,
 PARTITION `p13`)
alter table t coalesce partition 2;
show create table t;
Table	Create Table
t	CREATE TABLE `t` (
  `id` int(11) NOT NULL,
  `fname` varchar(30) DEFAULT NULL,
  `lname` varchar(30) DEFAULT NULL,
  `hired` date NOT NULL DEFAULT '1970-01-01',
  `separated` date DEFAULT NULL,
  `job_code` int(11) DEFAULT NULL,
  `store_id` int(11) DEFAULT NULL
) ENGINE=InnoDB DEFAULT CHARSET=utf8mb4 COLLATE=utf8mb4_bin
PARTITION BY KEY (`hired`) PARTITIONS 11
set @@session.tidb_enable_table_partition = 1;
drop database if exists test_db_with_partition_const;
create database test_db_with_partition_const;
use test_db_with_partition_const;
create table t1 ( id int )
partition by range(4) (
partition p1 values less than (10)
);
Error 1486 (HY000): Constant, random or timezone-dependent expressions in (sub)partitioning function are not allowed
create table t2 ( time_recorded timestamp )
partition by range(TO_DAYS(time_recorded)) (
partition p1 values less than (1559192604)
);
Error 1486 (HY000): Constant, random or timezone-dependent expressions in (sub)partitioning function are not allowed
create table t3 ( id int )
partition by range(DAY(id)) (
partition p1 values less than (1)
);
Error 1486 (HY000): Constant, random or timezone-dependent expressions in (sub)partitioning function are not allowed
create table t4 ( id int )
partition by hash(4) partitions 4
;
Error 1486 (HY000): Constant, random or timezone-dependent expressions in (sub)partitioning function are not allowed
create table t5 ( time_recorded timestamp )
partition by range(to_seconds(time_recorded)) (
partition p1 values less than (1559192604)
);
Error 1486 (HY000): Constant, random or timezone-dependent expressions in (sub)partitioning function are not allowed
create table t6 ( id int )
partition by range(to_seconds(id)) (
partition p1 values less than (1559192604)
);
Error 1486 (HY000): Constant, random or timezone-dependent expressions in (sub)partitioning function are not allowed
create table t7 ( time_recorded timestamp )
partition by range(abs(time_recorded)) (
partition p1 values less than (1559192604)
);
Error 1486 (HY000): Constant, random or timezone-dependent expressions in (sub)partitioning function are not allowed
create table t2332 ( time_recorded time )
partition by range(TO_DAYS(time_recorded)) (
partition p0 values less than (1)
);
Error 1486 (HY000): Constant, random or timezone-dependent expressions in (sub)partitioning function are not allowed
create table t1 ( id int )
partition by hash(4) partitions 4;
Error 1486 (HY000): Constant, random or timezone-dependent expressions in (sub)partitioning function are not allowed
create table t1 ( id int )
partition by hash(ed) partitions 4;
Error 1054 (42S22): Unknown column 'ed' in 'partition function'
create table t2332 ( time_recorded time )
partition by range(TO_SECONDS(time_recorded)) (
partition p0 values less than (1)
);
Error 1486 (HY000): Constant, random or timezone-dependent expressions in (sub)partitioning function are not allowed
create table t2332 ( time_recorded time )
partition by range(TO_SECONDS(time_recorded)) (
partition p0 values less than (1)
);
Error 1486 (HY000): Constant, random or timezone-dependent expressions in (sub)partitioning function are not allowed
create table t2332 ( time_recorded time )
partition by range(day(time_recorded)) (
partition p0 values less than (1)
);
Error 1486 (HY000): Constant, random or timezone-dependent expressions in (sub)partitioning function are not allowed
create table t2332 ( time_recorded timestamp )
partition by range(day(time_recorded)) (
partition p0 values less than (1)
);
Error 1486 (HY000): Constant, random or timezone-dependent expressions in (sub)partitioning function are not allowed
set @@session.tidb_enable_table_partition = default;
drop table if exists test_1465;
create table test_1465 (a int)
partition by range(a) (
partition p1 values less than (10),
partition p2 values less than (20),
partition p3 values less than (30)
);
alter table test_1465 truncate partition p1;
alter table test_1465 check partition p1;
Error 8200 (HY000): Unsupported check partition
alter table test_1465 optimize partition p1;
Error 8200 (HY000): Unsupported optimize partition
alter table test_1465 repair partition p1;
Error 8200 (HY000): Unsupported repair partition
alter table test_1465 import partition p1 tablespace;
Error 8200 (HY000): Unsupported Unsupported/unknown ALTER TABLE specification
alter table test_1465 discard partition p1 tablespace;
Error 8200 (HY000): Unsupported Unsupported/unknown ALTER TABLE specification
alter table test_1465 rebuild partition p1;
Error 8200 (HY000): Unsupported rebuild partition
alter table test_1465 coalesce partition 1;
Error 1509 (HY000): COALESCE PARTITION can only be used on HASH/KEY partitions
alter table test_1465 partition by hash(a);
show create table test_1465;
Table	Create Table
test_1465	CREATE TABLE `test_1465` (
  `a` int(11) DEFAULT NULL
) ENGINE=InnoDB DEFAULT CHARSET=utf8mb4 COLLATE=utf8mb4_bin
PARTITION BY HASH (`a`) PARTITIONS 1
alter table test_1465 drop partition p0;
Error 1512 (HY000): DROP PARTITION can only be used on RANGE/LIST partitions
drop table if exists t;
create table t(
b int(10)
) partition by range columns (b) (
partition p0 values less than (0x10),
partition p3 values less than (0x20)
);
Error 1654 (HY000): Partition column values of incorrect type
create table t(
b int(10)
) partition by range columns (b) (
partition p0 values less than ('g'),
partition p3 values less than ('k')
);
Error 1654 (HY000): Partition column values of incorrect type
create table t(
b char(10)
) partition by range columns (b) (
partition p0 values less than (30),
partition p3 values less than (60)
);
Error 1654 (HY000): Partition column values of incorrect type
create table t(
b datetime
) partition by range columns (b) (
partition p0 values less than ('g'),
partition p3 values less than ('m')
);
Error 1654 (HY000): Partition column values of incorrect type
drop tables if exists t_int, t_char, t_date;
create table t_int(b int(10))
partition by range columns (b) (
partition p0 values less than (10)
);
create table t_char(b char(10))
partition by range columns (b) (
partition p0 values less than ('a')
);
create table t_date(b datetime)
partition by range columns (b) (
partition p0 values less than ('2020-09-01')
);
alter table t_int add partition (partition p1 values less than ('g'));
Error 1654 (HY000): Partition column values of incorrect type
alter table t_int add partition (partition p1 values less than (0x20));
Error 1654 (HY000): Partition column values of incorrect type
alter table t_char add partition (partition p1 values less than (0x20));
Error 1493 (HY000): VALUES LESS THAN value must be strictly increasing for each partition
alter table t_char add partition (partition p1 values less than (10));
Error 1654 (HY000): Partition column values of incorrect type
alter table t_date add partition (partition p1 values less than ('m'));
Error 1654 (HY000): Partition column values of incorrect type
alter table t_date add partition (partition p1 values less than (0x20));
Error 1654 (HY000): Partition column values of incorrect type
alter table t_date add partition (partition p1 values less than (20));
Error 1654 (HY000): Partition column values of incorrect type
set @@session.tidb_enable_list_partition = ON;
drop table if exists t_list1;
create table t_list1(a date) partition by list columns (a) (partition p0 values in ('2010-02-02', '20180203'), partition p1 values in ('20200202'));
insert into t_list1(a) values (20180203);
select * from t_list1 partition (p0);
a
2018-02-03
set @@session.tidb_enable_list_partition = default;
drop table if exists t;
set @@session.tidb_enable_list_partition = ON;
create table t (a char(10) collate utf8mb4_general_ci) partition by list columns (a) (partition p0 values in ('a', 'A'));
Error 1495 (HY000): Multiple definition of same constant in list partitioning
create table t11(a char(10) collate utf8mb4_general_ci) partition by list columns (a) (partition p0 values in ('a', 'b'), partition p1 values in ('C', 'D'));
insert into t11(a) values ('A'), ('c'), ('C'), ('d'), ('B');
analyze table t11;
select * from t11 order by a;
a
A
B
c
C
d
select * from t11 partition (p0);
a
A
B
select * from t11 partition (p1);
a
c
C
d
desc select * from t11 where a = 'b';
id	estRows	task	access object	operator info
TableReader_7	1.00	root	partition:p0	data:Selection_6
└─Selection_6	1.00	cop[tikv]		eq(test_db_with_partition_const.t11.a, "b")
  └─TableFullScan_5	5.00	cop[tikv]	table:t11	keep order:false
set @@session.tidb_enable_list_partition = default;
drop table if exists global_partition_table;
create global temporary table global_partition_table (a int, b int) partition by hash(a) partitions 3 ON COMMIT DELETE ROWS;
Error 1562 (HY000): Cannot create temporary table with partitions
drop table if exists global_partition_table;
drop table if exists partition_table;
create table partition_table (a int, b int) partition by hash(a) partitions 3;
drop table if exists partition_table;
drop table if exists partition_range_table;
create global temporary table partition_range_table (c1 smallint(6) not null, c2 char(5) default null) partition by range ( c1 ) (
partition p0 values less than (10),
partition p1 values less than (20),
partition p2 values less than (30),
partition p3 values less than (MAXVALUE)
) ON COMMIT DELETE ROWS;
Error 1562 (HY000): Cannot create temporary table with partitions
drop table if exists partition_range_table;
drop table if exists partition_list_table;
set @@session.tidb_enable_list_partition = ON;
create global temporary table partition_list_table (id int) partition by list  (id) (
partition p0 values in (1,2),
partition p1 values in (3,4),
partition p3 values in (5,null)
) ON COMMIT DELETE ROWS;
Error 1562 (HY000): Cannot create temporary table with partitions
drop table if exists partition_list_table;
drop table if exists local_partition_table;
create temporary table local_partition_table (a int, b int) partition by hash(a) partitions 3;
Error 1562 (HY000): Cannot create temporary table with partitions
drop table if exists local_partition_table;
drop table if exists partition_table;
create table partition_table (a int, b int) partition by hash(a) partitions 3;
drop table if exists partition_table;
drop table if exists local_partition_range_table;
create temporary table local_partition_range_table (c1 smallint(6) not null, c2 char(5) default null) partition by range ( c1 ) (
partition p0 values less than (10),
partition p1 values less than (20),
partition p2 values less than (30),
partition p3 values less than (MAXVALUE)
);
Error 1562 (HY000): Cannot create temporary table with partitions
drop table if exists local_partition_range_table;
drop table if exists local_partition_list_table;
set @@session.tidb_enable_list_partition = ON;
create temporary table local_partition_list_table (id int) partition by list  (id) (
partition p0 values in (1,2),
partition p1 values in (3,4),
partition p3 values in (5,null)
);
Error 1562 (HY000): Cannot create temporary table with partitions
drop table if exists local_partition_list_table;
set @@session.tidb_enable_list_partition = default;
drop table if exists t1;
set @@tidb_enable_list_partition=on;
create table t1 (a int) partition by list (a) (partition p1 values in (1), partition p2 values in (2), partition p3 values in (3));
insert into t1 values (1),(2),(3);
alter table t1 truncate partition p1,p1;
select * from t1;
a
2
3
insert into t1 values (1);
alter table t1 drop partition p1,p1;
Error 1507 (HY000): Error in list of partitions to DROP
alter table t1 drop partition p1,p9;
Error 1507 (HY000): Error in list of partitions to DROP
alter table t1 drop partition p1,p1,p1;
Error 1508 (HY000): Cannot remove all partitions, use DROP TABLE instead
alter table t1 drop partition p1,p9,p1;
Error 1508 (HY000): Cannot remove all partitions, use DROP TABLE instead
select * from t1;
a
1
2
3
alter table t1 drop partition p1;
select * from t1;
a
2
3
Show create table t1;
Table	Create Table
t1	CREATE TABLE `t1` (
  `a` int(11) DEFAULT NULL
) ENGINE=InnoDB DEFAULT CHARSET=utf8mb4 COLLATE=utf8mb4_bin
PARTITION BY LIST (`a`)
(PARTITION `p2` VALUES IN (2),
 PARTITION `p3` VALUES IN (3))
set @@tidb_enable_list_partition=default;
drop table if exists t;
CREATE TABLE `t` (
`id` int(11) DEFAULT NULL
) ENGINE=InnoDB DEFAULT CHARSET=utf8mb4 COLLATE=utf8mb4_bin
PARTITION BY RANGE (`id`)
(PARTITION `pNull` VALUES LESS THAN (-9223372036854775808),
PARTITION `p_0` VALUES LESS THAN (0),
PARTITION `p_10000000` VALUES LESS THAN (10000000),
PARTITION `p_20000000` VALUES LESS THAN (20000000),
PARTITION `p_30000000` VALUES LESS THAN (30000000),
PARTITION `p_40000000` VALUES LESS THAN (40000000),
PARTITION `p_50000000` VALUES LESS THAN (50000000),
PARTITION `p_60000000` VALUES LESS THAN (60000000),
PARTITION `p_70000000` VALUES LESS THAN (70000000),
PARTITION `p_80000000` VALUES LESS THAN (80000000),
PARTITION `p_90000000` VALUES LESS THAN (90000000),
PARTITION `p_Maxvalue` VALUES LESS THAN (MAXVALUE));
show create table t;
Table	Create Table
t	CREATE TABLE `t` (
  `id` int(11) DEFAULT NULL
) ENGINE=InnoDB DEFAULT CHARSET=utf8mb4 COLLATE=utf8mb4_bin
PARTITION BY RANGE (`id`)
(PARTITION `pNull` VALUES LESS THAN (-9223372036854775808),
 PARTITION `p_0` VALUES LESS THAN (0),
 PARTITION `p_10000000` VALUES LESS THAN (10000000),
 PARTITION `p_20000000` VALUES LESS THAN (20000000),
 PARTITION `p_30000000` VALUES LESS THAN (30000000),
 PARTITION `p_40000000` VALUES LESS THAN (40000000),
 PARTITION `p_50000000` VALUES LESS THAN (50000000),
 PARTITION `p_60000000` VALUES LESS THAN (60000000),
 PARTITION `p_70000000` VALUES LESS THAN (70000000),
 PARTITION `p_80000000` VALUES LESS THAN (80000000),
 PARTITION `p_90000000` VALUES LESS THAN (90000000),
 PARTITION `p_Maxvalue` VALUES LESS THAN (MAXVALUE))
drop table t;
CREATE TABLE `t` (
`id` int(11) DEFAULT NULL
) ENGINE=InnoDB DEFAULT CHARSET=utf8mb4 COLLATE=utf8mb4_bin
PARTITION BY RANGE (`id`)
(PARTITION `pNull` VALUES LESS THAN (-9223372036854775808),
PARTITION `p_0` VALUES LESS THAN (0),
PARTITION `p_10000000` VALUES LESS THAN (10000000),
PARTITION `p_20000000` VALUES LESS THAN (20000000),
PARTITION `p_30000000` VALUES LESS THAN (30000000),
PARTITION `p_40000000` VALUES LESS THAN (40000000),
PARTITION `p_50000000` VALUES LESS THAN (50000000),
PARTITION `p_60000000` VALUES LESS THAN (60000000),
PARTITION `p_70000000` VALUES LESS THAN (70000000),
PARTITION `p_80000000` VALUES LESS THAN (80000000),
PARTITION `p_90000000` VALUES LESS THAN (90000000),
PARTITION `p_Maxvalue` VALUES LESS THAN (MAXVALUE));
show create table t;
Table	Create Table
t	CREATE TABLE `t` (
  `id` int(11) DEFAULT NULL
) ENGINE=InnoDB DEFAULT CHARSET=utf8mb4 COLLATE=utf8mb4_bin
PARTITION BY RANGE (`id`)
(PARTITION `pNull` VALUES LESS THAN (-9223372036854775808),
 PARTITION `p_0` VALUES LESS THAN (0),
 PARTITION `p_10000000` VALUES LESS THAN (10000000),
 PARTITION `p_20000000` VALUES LESS THAN (20000000),
 PARTITION `p_30000000` VALUES LESS THAN (30000000),
 PARTITION `p_40000000` VALUES LESS THAN (40000000),
 PARTITION `p_50000000` VALUES LESS THAN (50000000),
 PARTITION `p_60000000` VALUES LESS THAN (60000000),
 PARTITION `p_70000000` VALUES LESS THAN (70000000),
 PARTITION `p_80000000` VALUES LESS THAN (80000000),
 PARTITION `p_90000000` VALUES LESS THAN (90000000),
 PARTITION `p_Maxvalue` VALUES LESS THAN (MAXVALUE))
drop table t;
CREATE TABLE `t` (
`id` int(11) DEFAULT NULL
) ENGINE=InnoDB DEFAULT CHARSET=utf8mb4 COLLATE=utf8mb4_bin
PARTITION BY RANGE COLUMNS(`id`)
(PARTITION `pNull` VALUES LESS THAN (-2147483648),
PARTITION `p_0` VALUES LESS THAN (0),
PARTITION `p_10000000` VALUES LESS THAN (10000000),
PARTITION `p_20000000` VALUES LESS THAN (20000000),
PARTITION `p_30000000` VALUES LESS THAN (30000000),
PARTITION `p_40000000` VALUES LESS THAN (40000000),
PARTITION `p_50000000` VALUES LESS THAN (50000000),
PARTITION `p_60000000` VALUES LESS THAN (60000000),
PARTITION `p_70000000` VALUES LESS THAN (70000000),
PARTITION `p_80000000` VALUES LESS THAN (80000000),
PARTITION `p_90000000` VALUES LESS THAN (90000000),
PARTITION `pMaxvalue` VALUES LESS THAN (MAXVALUE));
show create table t;
Table	Create Table
t	CREATE TABLE `t` (
  `id` int(11) DEFAULT NULL
) ENGINE=InnoDB DEFAULT CHARSET=utf8mb4 COLLATE=utf8mb4_bin
PARTITION BY RANGE COLUMNS(`id`)
(PARTITION `pNull` VALUES LESS THAN (-2147483648),
 PARTITION `p_0` VALUES LESS THAN (0),
 PARTITION `p_10000000` VALUES LESS THAN (10000000),
 PARTITION `p_20000000` VALUES LESS THAN (20000000),
 PARTITION `p_30000000` VALUES LESS THAN (30000000),
 PARTITION `p_40000000` VALUES LESS THAN (40000000),
 PARTITION `p_50000000` VALUES LESS THAN (50000000),
 PARTITION `p_60000000` VALUES LESS THAN (60000000),
 PARTITION `p_70000000` VALUES LESS THAN (70000000),
 PARTITION `p_80000000` VALUES LESS THAN (80000000),
 PARTITION `p_90000000` VALUES LESS THAN (90000000),
 PARTITION `pMaxvalue` VALUES LESS THAN (MAXVALUE))
drop table t;
CREATE TABLE `t` (
`id` int(11) DEFAULT NULL
) ENGINE=InnoDB DEFAULT CHARSET=utf8mb4 COLLATE=utf8mb4_bin
PARTITION BY RANGE COLUMNS(`id`)
(PARTITION `pNull` VALUES LESS THAN (-2147483648),
PARTITION `p_0` VALUES LESS THAN (0),
PARTITION `p_10000000` VALUES LESS THAN (10000000),
PARTITION `p_20000000` VALUES LESS THAN (20000000),
PARTITION `p_30000000` VALUES LESS THAN (30000000),
PARTITION `p_40000000` VALUES LESS THAN (40000000),
PARTITION `p_50000000` VALUES LESS THAN (50000000),
PARTITION `p_60000000` VALUES LESS THAN (60000000),
PARTITION `p_70000000` VALUES LESS THAN (70000000),
PARTITION `p_80000000` VALUES LESS THAN (80000000),
PARTITION `p_90000000` VALUES LESS THAN (90000000),
PARTITION `pMaxvalue` VALUES LESS THAN (MAXVALUE));
show create table t;
Table	Create Table
t	CREATE TABLE `t` (
  `id` int(11) DEFAULT NULL
) ENGINE=InnoDB DEFAULT CHARSET=utf8mb4 COLLATE=utf8mb4_bin
PARTITION BY RANGE COLUMNS(`id`)
(PARTITION `pNull` VALUES LESS THAN (-2147483648),
 PARTITION `p_0` VALUES LESS THAN (0),
 PARTITION `p_10000000` VALUES LESS THAN (10000000),
 PARTITION `p_20000000` VALUES LESS THAN (20000000),
 PARTITION `p_30000000` VALUES LESS THAN (30000000),
 PARTITION `p_40000000` VALUES LESS THAN (40000000),
 PARTITION `p_50000000` VALUES LESS THAN (50000000),
 PARTITION `p_60000000` VALUES LESS THAN (60000000),
 PARTITION `p_70000000` VALUES LESS THAN (70000000),
 PARTITION `p_80000000` VALUES LESS THAN (80000000),
 PARTITION `p_90000000` VALUES LESS THAN (90000000),
 PARTITION `pMaxvalue` VALUES LESS THAN (MAXVALUE))
drop table t;
create table t (id int) partition by range (id) interval (10000000) first partition less than (0) last partition less than (90000000) NULL PARTITION maxvalue partition;
show create table t;
Table	Create Table
t	CREATE TABLE `t` (
  `id` int(11) DEFAULT NULL
) ENGINE=InnoDB DEFAULT CHARSET=utf8mb4 COLLATE=utf8mb4_bin
PARTITION BY RANGE (`id`)
(PARTITION `P_NULL` VALUES LESS THAN (-9223372036854775808),
 PARTITION `P_LT_0` VALUES LESS THAN (0),
 PARTITION `P_LT_10000000` VALUES LESS THAN (10000000),
 PARTITION `P_LT_20000000` VALUES LESS THAN (20000000),
 PARTITION `P_LT_30000000` VALUES LESS THAN (30000000),
 PARTITION `P_LT_40000000` VALUES LESS THAN (40000000),
 PARTITION `P_LT_50000000` VALUES LESS THAN (50000000),
 PARTITION `P_LT_60000000` VALUES LESS THAN (60000000),
 PARTITION `P_LT_70000000` VALUES LESS THAN (70000000),
 PARTITION `P_LT_80000000` VALUES LESS THAN (80000000),
 PARTITION `P_LT_90000000` VALUES LESS THAN (90000000),
 PARTITION `P_MAXVALUE` VALUES LESS THAN (MAXVALUE))
drop table t;
CREATE TABLE `t` (
`id` int(11) DEFAULT NULL
) ENGINE=InnoDB DEFAULT CHARSET=utf8mb4 COLLATE=utf8mb4_bin
PARTITION BY RANGE (`id`)
(PARTITION `P_NULL` VALUES LESS THAN (-9223372036854775808),
PARTITION `P_LT_0` VALUES LESS THAN (0),
PARTITION `P_LT_10000000` VALUES LESS THAN (10000000),
PARTITION `P_LT_20000000` VALUES LESS THAN (20000000),
PARTITION `P_LT_30000000` VALUES LESS THAN (30000000),
PARTITION `P_LT_40000000` VALUES LESS THAN (40000000),
PARTITION `P_LT_50000000` VALUES LESS THAN (50000000),
PARTITION `P_LT_60000000` VALUES LESS THAN (60000000),
PARTITION `P_LT_70000000` VALUES LESS THAN (70000000),
PARTITION `P_LT_80000000` VALUES LESS THAN (80000000),
PARTITION `P_LT_90000000` VALUES LESS THAN (90000000),
PARTITION `P_MAXVALUE` VALUES LESS THAN (MAXVALUE));
show create table t;
Table	Create Table
t	CREATE TABLE `t` (
  `id` int(11) DEFAULT NULL
) ENGINE=InnoDB DEFAULT CHARSET=utf8mb4 COLLATE=utf8mb4_bin
PARTITION BY RANGE (`id`)
(PARTITION `P_NULL` VALUES LESS THAN (-9223372036854775808),
 PARTITION `P_LT_0` VALUES LESS THAN (0),
 PARTITION `P_LT_10000000` VALUES LESS THAN (10000000),
 PARTITION `P_LT_20000000` VALUES LESS THAN (20000000),
 PARTITION `P_LT_30000000` VALUES LESS THAN (30000000),
 PARTITION `P_LT_40000000` VALUES LESS THAN (40000000),
 PARTITION `P_LT_50000000` VALUES LESS THAN (50000000),
 PARTITION `P_LT_60000000` VALUES LESS THAN (60000000),
 PARTITION `P_LT_70000000` VALUES LESS THAN (70000000),
 PARTITION `P_LT_80000000` VALUES LESS THAN (80000000),
 PARTITION `P_LT_90000000` VALUES LESS THAN (90000000),
 PARTITION `P_MAXVALUE` VALUES LESS THAN (MAXVALUE))
drop table t;
create table t (id int) partition by range columns (id) interval (10000000) first partition less than (0) last partition less than (90000000) NULL PARTITION maxvalue partition;
show create table t;
Table	Create Table
t	CREATE TABLE `t` (
  `id` int(11) DEFAULT NULL
) ENGINE=InnoDB DEFAULT CHARSET=utf8mb4 COLLATE=utf8mb4_bin
PARTITION BY RANGE COLUMNS(`id`)
(PARTITION `P_NULL` VALUES LESS THAN (-2147483648),
 PARTITION `P_LT_0` VALUES LESS THAN (0),
 PARTITION `P_LT_10000000` VALUES LESS THAN (10000000),
 PARTITION `P_LT_20000000` VALUES LESS THAN (20000000),
 PARTITION `P_LT_30000000` VALUES LESS THAN (30000000),
 PARTITION `P_LT_40000000` VALUES LESS THAN (40000000),
 PARTITION `P_LT_50000000` VALUES LESS THAN (50000000),
 PARTITION `P_LT_60000000` VALUES LESS THAN (60000000),
 PARTITION `P_LT_70000000` VALUES LESS THAN (70000000),
 PARTITION `P_LT_80000000` VALUES LESS THAN (80000000),
 PARTITION `P_LT_90000000` VALUES LESS THAN (90000000),
 PARTITION `P_MAXVALUE` VALUES LESS THAN (MAXVALUE))
drop table t;
CREATE TABLE `t` (
`id` int(11) DEFAULT NULL
) ENGINE=InnoDB DEFAULT CHARSET=utf8mb4 COLLATE=utf8mb4_bin
PARTITION BY RANGE COLUMNS(`id`)
(PARTITION `P_NULL` VALUES LESS THAN (-2147483648),
PARTITION `P_LT_0` VALUES LESS THAN (0),
PARTITION `P_LT_10000000` VALUES LESS THAN (10000000),
PARTITION `P_LT_20000000` VALUES LESS THAN (20000000),
PARTITION `P_LT_30000000` VALUES LESS THAN (30000000),
PARTITION `P_LT_40000000` VALUES LESS THAN (40000000),
PARTITION `P_LT_50000000` VALUES LESS THAN (50000000),
PARTITION `P_LT_60000000` VALUES LESS THAN (60000000),
PARTITION `P_LT_70000000` VALUES LESS THAN (70000000),
PARTITION `P_LT_80000000` VALUES LESS THAN (80000000),
PARTITION `P_LT_90000000` VALUES LESS THAN (90000000),
PARTITION `P_MAXVALUE` VALUES LESS THAN (MAXVALUE));
show create table t;
Table	Create Table
t	CREATE TABLE `t` (
  `id` int(11) DEFAULT NULL
) ENGINE=InnoDB DEFAULT CHARSET=utf8mb4 COLLATE=utf8mb4_bin
PARTITION BY RANGE COLUMNS(`id`)
(PARTITION `P_NULL` VALUES LESS THAN (-2147483648),
 PARTITION `P_LT_0` VALUES LESS THAN (0),
 PARTITION `P_LT_10000000` VALUES LESS THAN (10000000),
 PARTITION `P_LT_20000000` VALUES LESS THAN (20000000),
 PARTITION `P_LT_30000000` VALUES LESS THAN (30000000),
 PARTITION `P_LT_40000000` VALUES LESS THAN (40000000),
 PARTITION `P_LT_50000000` VALUES LESS THAN (50000000),
 PARTITION `P_LT_60000000` VALUES LESS THAN (60000000),
 PARTITION `P_LT_70000000` VALUES LESS THAN (70000000),
 PARTITION `P_LT_80000000` VALUES LESS THAN (80000000),
 PARTITION `P_LT_90000000` VALUES LESS THAN (90000000),
 PARTITION `P_MAXVALUE` VALUES LESS THAN (MAXVALUE))
drop table t;
drop table if exists ipt, t, idpt;
create table ipt (id bigint unsigned primary key, val varchar(255), key (val)) partition by range (id) INTERVAL (10) FIRST PARTITION LESS THAN (10) LAST PARTITION LESS THAN (90) MAXVALUE PARTITION;
insert into ipt values (0, '0'), (1, '1'), (2, '2');
insert into ipt select id + 10, concat('1', val) FROM ipt;
insert into ipt select id + 20, concat('2', val) FROM ipt where id < 10;
insert into ipt select id + 30, concat('3', val) FROM ipt where id < 10;
insert into ipt select id + 40, concat('4', val) FROM ipt where id < 10;
insert into ipt select id + 50, concat('5', val) FROM ipt where id < 10;
insert into ipt select id + 60, concat('6', val) FROM ipt where id < 10;
insert into ipt select id + 70, concat('7', val) FROM ipt where id < 10;
insert into ipt select id + 80, concat('8', val) FROM ipt where id < 10;
insert into ipt select id + 90, concat('9', val) FROM ipt where id < 10;
insert into ipt select id + 100, concat('10', val) FROM ipt where id < 10;
SHOW CREATE TABLE ipt;
Table	Create Table
ipt	CREATE TABLE `ipt` (
  `id` bigint(20) unsigned NOT NULL,
  `val` varchar(255) DEFAULT NULL,
  PRIMARY KEY (`id`) /*T![clustered_index] CLUSTERED */,
  KEY `val` (`val`)
) ENGINE=InnoDB DEFAULT CHARSET=utf8mb4 COLLATE=utf8mb4_bin
PARTITION BY RANGE (`id`)
(PARTITION `P_LT_10` VALUES LESS THAN (10),
 PARTITION `P_LT_20` VALUES LESS THAN (20),
 PARTITION `P_LT_30` VALUES LESS THAN (30),
 PARTITION `P_LT_40` VALUES LESS THAN (40),
 PARTITION `P_LT_50` VALUES LESS THAN (50),
 PARTITION `P_LT_60` VALUES LESS THAN (60),
 PARTITION `P_LT_70` VALUES LESS THAN (70),
 PARTITION `P_LT_80` VALUES LESS THAN (80),
 PARTITION `P_LT_90` VALUES LESS THAN (90),
 PARTITION `P_MAXVALUE` VALUES LESS THAN (MAXVALUE))
alter table ipt LAST partition less than (100);
Error 8200 (HY000): Unsupported LAST PARTITION when MAXVALUE partition exists
alter table ipt first partition less than (30);
select count(*) from ipt;
count(*)
27
SHOW CREATE TABLE ipt;
Table	Create Table
ipt	CREATE TABLE `ipt` (
  `id` bigint(20) unsigned NOT NULL,
  `val` varchar(255) DEFAULT NULL,
  PRIMARY KEY (`id`) /*T![clustered_index] CLUSTERED */,
  KEY `val` (`val`)
) ENGINE=InnoDB DEFAULT CHARSET=utf8mb4 COLLATE=utf8mb4_bin
PARTITION BY RANGE (`id`)
(PARTITION `P_LT_30` VALUES LESS THAN (30),
 PARTITION `P_LT_40` VALUES LESS THAN (40),
 PARTITION `P_LT_50` VALUES LESS THAN (50),
 PARTITION `P_LT_60` VALUES LESS THAN (60),
 PARTITION `P_LT_70` VALUES LESS THAN (70),
 PARTITION `P_LT_80` VALUES LESS THAN (80),
 PARTITION `P_LT_90` VALUES LESS THAN (90),
 PARTITION `P_MAXVALUE` VALUES LESS THAN (MAXVALUE))
alter table ipt merge first partition less than (60);
Error 8200 (HY000): Unsupported MERGE FIRST PARTITION
alter table ipt split maxvalue partition less than (140);
Error 8200 (HY000): Unsupported SPLIT LAST PARTITION
select count(*) from ipt;
count(*)
27
create table idpt (id date primary key nonclustered, val varchar(255), key (val)) partition by range COLUMNS (id) INTERVAL (1 week) FIRST PARTITION LESS THAN ('2022-02-01') LAST PARTITION LESS THAN ('2022-03-29') NULL PARTITION MAXVALUE PARTITION;
SHOW CREATE TABLE idpt;
Table	Create Table
idpt	CREATE TABLE `idpt` (
  `id` date NOT NULL,
  `val` varchar(255) DEFAULT NULL,
  KEY `val` (`val`),
  PRIMARY KEY (`id`) /*T![clustered_index] NONCLUSTERED */
) ENGINE=InnoDB DEFAULT CHARSET=utf8mb4 COLLATE=utf8mb4_bin
PARTITION BY RANGE COLUMNS(`id`)
(PARTITION `P_NULL` VALUES LESS THAN ('0000-01-01'),
 PARTITION `P_LT_2022-02-01` VALUES LESS THAN ('2022-02-01'),
 PARTITION `P_LT_2022-02-08` VALUES LESS THAN ('2022-02-08'),
 PARTITION `P_LT_2022-02-15` VALUES LESS THAN ('2022-02-15'),
 PARTITION `P_LT_2022-02-22` VALUES LESS THAN ('2022-02-22'),
 PARTITION `P_LT_2022-03-01` VALUES LESS THAN ('2022-03-01'),
 PARTITION `P_LT_2022-03-08` VALUES LESS THAN ('2022-03-08'),
 PARTITION `P_LT_2022-03-15` VALUES LESS THAN ('2022-03-15'),
 PARTITION `P_LT_2022-03-22` VALUES LESS THAN ('2022-03-22'),
 PARTITION `P_LT_2022-03-29` VALUES LESS THAN ('2022-03-29'),
 PARTITION `P_MAXVALUE` VALUES LESS THAN (MAXVALUE))
create table t (id date primary key nonclustered, val varchar(255), key (val)) partition by range COLUMNS (id) INTERVAL (1 MONTH) FIRST PARTITION LESS THAN ('2022-01-31') LAST PARTITION LESS THAN ('2022-05-31');
show create table t;
Table	Create Table
t	CREATE TABLE `t` (
  `id` date NOT NULL,
  `val` varchar(255) DEFAULT NULL,
  KEY `val` (`val`),
  PRIMARY KEY (`id`) /*T![clustered_index] NONCLUSTERED */
) ENGINE=InnoDB DEFAULT CHARSET=utf8mb4 COLLATE=utf8mb4_bin
PARTITION BY RANGE COLUMNS(`id`)
(PARTITION `P_LT_2022-01-31` VALUES LESS THAN ('2022-01-31'),
 PARTITION `P_LT_2022-02-28` VALUES LESS THAN ('2022-02-28'),
 PARTITION `P_LT_2022-03-31` VALUES LESS THAN ('2022-03-31'),
 PARTITION `P_LT_2022-04-30` VALUES LESS THAN ('2022-04-30'),
 PARTITION `P_LT_2022-05-31` VALUES LESS THAN ('2022-05-31'))
alter table t first partition less than ('2022-02-28');
show create table t;
Table	Create Table
t	CREATE TABLE `t` (
  `id` date NOT NULL,
  `val` varchar(255) DEFAULT NULL,
  KEY `val` (`val`),
  PRIMARY KEY (`id`) /*T![clustered_index] NONCLUSTERED */
) ENGINE=InnoDB DEFAULT CHARSET=utf8mb4 COLLATE=utf8mb4_bin
PARTITION BY RANGE COLUMNS(`id`)
(PARTITION `P_LT_2022-02-28` VALUES LESS THAN ('2022-02-28'),
 PARTITION `P_LT_2022-03-31` VALUES LESS THAN ('2022-03-31'),
 PARTITION `P_LT_2022-04-30` VALUES LESS THAN ('2022-04-30'),
 PARTITION `P_LT_2022-05-31` VALUES LESS THAN ('2022-05-31'))
alter table t first partition less than ('2022-03-31');
Error 8200 (HY000): Unsupported FIRST PARTITION, does not seem like an INTERVAL partitioned table
alter table t last partition less than ('2022-06-30');
Error 8200 (HY000): Unsupported LAST PARTITION, does not seem like an INTERVAL partitioned table
alter table t last partition less than ('2022-07-31');
Error 8200 (HY000): Unsupported LAST PARTITION, does not seem like an INTERVAL partitioned table
show create table t;
Table	Create Table
t	CREATE TABLE `t` (
  `id` date NOT NULL,
  `val` varchar(255) DEFAULT NULL,
  KEY `val` (`val`),
  PRIMARY KEY (`id`) /*T![clustered_index] NONCLUSTERED */
) ENGINE=InnoDB DEFAULT CHARSET=utf8mb4 COLLATE=utf8mb4_bin
PARTITION BY RANGE COLUMNS(`id`)
(PARTITION `P_LT_2022-02-28` VALUES LESS THAN ('2022-02-28'),
 PARTITION `P_LT_2022-03-31` VALUES LESS THAN ('2022-03-31'),
 PARTITION `P_LT_2022-04-30` VALUES LESS THAN ('2022-04-30'),
 PARTITION `P_LT_2022-05-31` VALUES LESS THAN ('2022-05-31'))
drop table t;
create table t2 (id bigint unsigned primary key, val varchar(255), key (val)) partition by range (id) INTERVAL (10) FIRST PARTITION LESS THAN (10) LAST PARTITION LESS THAN (90);
alter table t2 first partition less than (20);
alter table t2 LAST partition less than (110);
alter table t2 merge first partition less than (60);
Error 8200 (HY000): Unsupported MERGE FIRST PARTITION
alter table t2 split maxvalue partition less than (140);
Error 8200 (HY000): Unsupported SPLIT LAST PARTITION
show create table t2;
Table	Create Table
t2	CREATE TABLE `t2` (
  `id` bigint(20) unsigned NOT NULL,
  `val` varchar(255) DEFAULT NULL,
  PRIMARY KEY (`id`) /*T![clustered_index] CLUSTERED */,
  KEY `val` (`val`)
) ENGINE=InnoDB DEFAULT CHARSET=utf8mb4 COLLATE=utf8mb4_bin
PARTITION BY RANGE (`id`)
(PARTITION `P_LT_20` VALUES LESS THAN (20),
 PARTITION `P_LT_30` VALUES LESS THAN (30),
 PARTITION `P_LT_40` VALUES LESS THAN (40),
 PARTITION `P_LT_50` VALUES LESS THAN (50),
 PARTITION `P_LT_60` VALUES LESS THAN (60),
 PARTITION `P_LT_70` VALUES LESS THAN (70),
 PARTITION `P_LT_80` VALUES LESS THAN (80),
 PARTITION `P_LT_90` VALUES LESS THAN (90),
 PARTITION `P_LT_100` VALUES LESS THAN (100),
 PARTITION `P_LT_110` VALUES LESS THAN (110))
alter table t2 first partition less than (20);
Error 8200 (HY000): Unsupported FIRST PARTITION, given value does not generate a list of partition names to be dropped
alter table t2 first partition less than (10);
Error 8200 (HY000): Unsupported INTERVAL: expr (10) not matching FIRST + n INTERVALs (20 + n * 10)
alter table t2 last partition less than (110);
Error 8200 (HY000): Unsupported INTERVAL: expr (110) not matching FIRST + n INTERVALs (110 + n * 10)
alter table t2 last partition less than (100);
Error 8200 (HY000): Unsupported INTERVAL: expr (100) not matching FIRST + n INTERVALs (110 + n * 10)
drop table t2;
create table t (id timestamp, val varchar(255)) partition by range columns (id) interval (1 minute) first partition less than ('2022-01-01 00:01:00') last partition less than ('2022-01-01 01:00:00');
Error 1659 (HY000): Field 'id' is of a not allowed type for this type of partitioning
create table t (id timestamp, val varchar(255)) partition by range (TO_SECONDS(id)) interval (3600) first partition less than (TO_SECONDS('2022-01-01 00:00:00')) last partition less than ('2022-01-02 00:00:00');
Error 1486 (HY000): Constant, random or timezone-dependent expressions in (sub)partitioning function are not allowed
set @@time_zone = 'Europe/Amsterdam';
create table t (id timestamp, val varchar(255)) partition by range (unix_timestamp(id)) interval (3600) first partition less than (unix_timestamp('2022-01-01 00:00:00')) last partition less than (unix_timestamp('2022-01-02 00:00:00'));
set @@time_zone = default;
show create table t;
Table	Create Table
t	CREATE TABLE `t` (
  `id` timestamp NULL DEFAULT NULL,
  `val` varchar(255) DEFAULT NULL
) ENGINE=InnoDB DEFAULT CHARSET=utf8mb4 COLLATE=utf8mb4_bin
PARTITION BY RANGE (UNIX_TIMESTAMP(`id`))
(PARTITION `P_LT_1640991600` VALUES LESS THAN (1640991600),
 PARTITION `P_LT_1640995200` VALUES LESS THAN (1640995200),
 PARTITION `P_LT_1640998800` VALUES LESS THAN (1640998800),
 PARTITION `P_LT_1641002400` VALUES LESS THAN (1641002400),
 PARTITION `P_LT_1641006000` VALUES LESS THAN (1641006000),
 PARTITION `P_LT_1641009600` VALUES LESS THAN (1641009600),
 PARTITION `P_LT_1641013200` VALUES LESS THAN (1641013200),
 PARTITION `P_LT_1641016800` VALUES LESS THAN (1641016800),
 PARTITION `P_LT_1641020400` VALUES LESS THAN (1641020400),
 PARTITION `P_LT_1641024000` VALUES LESS THAN (1641024000),
 PARTITION `P_LT_1641027600` VALUES LESS THAN (1641027600),
 PARTITION `P_LT_1641031200` VALUES LESS THAN (1641031200),
 PARTITION `P_LT_1641034800` VALUES LESS THAN (1641034800),
 PARTITION `P_LT_1641038400` VALUES LESS THAN (1641038400),
 PARTITION `P_LT_1641042000` VALUES LESS THAN (1641042000),
 PARTITION `P_LT_1641045600` VALUES LESS THAN (1641045600),
 PARTITION `P_LT_1641049200` VALUES LESS THAN (1641049200),
 PARTITION `P_LT_1641052800` VALUES LESS THAN (1641052800),
 PARTITION `P_LT_1641056400` VALUES LESS THAN (1641056400),
 PARTITION `P_LT_1641060000` VALUES LESS THAN (1641060000),
 PARTITION `P_LT_1641063600` VALUES LESS THAN (1641063600),
 PARTITION `P_LT_1641067200` VALUES LESS THAN (1641067200),
 PARTITION `P_LT_1641070800` VALUES LESS THAN (1641070800),
 PARTITION `P_LT_1641074400` VALUES LESS THAN (1641074400),
 PARTITION `P_LT_1641078000` VALUES LESS THAN (1641078000))
alter table t drop partition P_LT_1640995200;
drop table t;
create table t (id tinyint, val varchar(255)) partition by range (id) interval (50) first partition less than (-300) last partition less than (300);
show create table t;
Table	Create Table
t	CREATE TABLE `t` (
  `id` tinyint(4) DEFAULT NULL,
  `val` varchar(255) DEFAULT NULL
) ENGINE=InnoDB DEFAULT CHARSET=utf8mb4 COLLATE=utf8mb4_bin
PARTITION BY RANGE (`id`)
(PARTITION `P_LT_-300` VALUES LESS THAN (-300),
 PARTITION `P_LT_-250` VALUES LESS THAN (-250),
 PARTITION `P_LT_-200` VALUES LESS THAN (-200),
 PARTITION `P_LT_-150` VALUES LESS THAN (-150),
 PARTITION `P_LT_-100` VALUES LESS THAN (-100),
 PARTITION `P_LT_-50` VALUES LESS THAN (-50),
 PARTITION `P_LT_0` VALUES LESS THAN (0),
 PARTITION `P_LT_50` VALUES LESS THAN (50),
 PARTITION `P_LT_100` VALUES LESS THAN (100),
 PARTITION `P_LT_150` VALUES LESS THAN (150),
 PARTITION `P_LT_200` VALUES LESS THAN (200),
 PARTITION `P_LT_250` VALUES LESS THAN (250),
 PARTITION `P_LT_300` VALUES LESS THAN (300))
drop table t;
create table t (id int unsigned, val float, comment varchar(255)) partition by range columns (val) interval (1000 * 1000) first partition less than (0) last partition less than (100 * 1000 * 1000) NULL PARTITION MAXVALUE PARTITION;
Error 1659 (HY000): Field 'val' is of a not allowed type for this type of partitioning
create table t (id int unsigned, val varchar(255), comment varchar(255)) partition by range columns (val) interval (1000 * 1000) first partition less than ('0') last partition less than ('10000000') NULL PARTITION MAXVALUE PARTITION;
Error 8200 (HY000): Unsupported INTERVAL partitioning, only supports Date, Datetime and INT types
create table t (id int unsigned, val varchar(255), comment varchar(255)) partition by range columns (id) interval (-1000 * 1000) first partition less than (0) last partition less than (10000000) NULL PARTITION MAXVALUE PARTITION;
Error 8200 (HY000): Unsupported INTERVAL, should be a positive number
create table t (id int unsigned, val varchar(255), comment varchar(255)) partition by range (id) interval (0) first partition less than (0) last partition less than (10000000) NULL PARTITION MAXVALUE PARTITION;
Error 8200 (HY000): Unsupported INTERVAL, should be a positive number
create table t (id int unsigned, val varchar(255), comment varchar(255)) partition by range (id) interval ('1000000') first partition less than (0) last partition less than (10000000) NULL PARTITION MAXVALUE PARTITION;
Error 8200 (HY000): Unsupported INTERVAL, should be a positive number
create table t (id int unsigned, val varchar(255), comment varchar(255)) partition by range (id) interval (01000000) first partition less than (0) last partition less than (10000000) MAXVALUE PARTITION;
drop table t;
create table t (id int unsigned, val varchar(255), comment varchar(255)) partition by range (id) interval (01000000) first partition less than (0) last partition less than (10000000) NULL PARTITION MAXVALUE PARTITION;
Error 1493 (HY000): VALUES LESS THAN value must be strictly increasing for each partition
create table t (id int unsigned, val varchar(255), comment varchar(255)) partition by range (id) interval (NULL) first partition less than (0) last partition less than (10000000) NULL PARTITION MAXVALUE PARTITION;
Error 8200 (HY000): Unsupported INTERVAL, should be a positive number
create table t (id int unsigned, val varchar(255), comment varchar(255)) partition by range (id) interval (1000000) first partition less than (NULL) last partition less than (10000000);
Error 8200 (HY000): Unsupported INTERVAL partitioning: Error when generating partition values
create table t (id int unsigned, val varchar(255), comment varchar(255)) partition by range (id) interval (1000000) first partition less than (0) last partition less than (NULL);
Error 8200 (HY000): Unsupported INTERVAL: expr () not matching FIRST + n INTERVALs (0 + n * 1000000)
create table t (id int, val varchar(255), comment varchar(255)) partition by range (id) interval (100) first partition less than (-1000) last partition less than (-1000);
show create table t;
Table	Create Table
t	CREATE TABLE `t` (
  `id` int(11) DEFAULT NULL,
  `val` varchar(255) DEFAULT NULL,
  `comment` varchar(255) DEFAULT NULL
) ENGINE=InnoDB DEFAULT CHARSET=utf8mb4 COLLATE=utf8mb4_bin
PARTITION BY RANGE (`id`)
(PARTITION `P_LT_-1000` VALUES LESS THAN (-1000))
alter table t last partition less than (0);
Error 8200 (HY000): Unsupported LAST PARTITION, does not seem like an INTERVAL partitioned table
alter table t add partition (partition `P_LT_0` values less than (-900));
alter table t last partition less than (0);
Error 1517 (HY000): Duplicate partition name P_LT_0
drop table t;
create table t (id int, val varchar(255), comment varchar(255)) partition by range (id) interval (100) first partition less than (-100) last partition less than (250);
Error 8200 (HY000): Unsupported INTERVAL: expr (250) not matching FIRST + n INTERVALs (-100 + n * 100)
create table t (id int unsigned, val varchar(255), comment varchar(255)) partition by range (id) interval (33) first partition less than (100) last partition less than (67);
Error 8200 (HY000): Unsupported INTERVAL: expr (67) not matching FIRST + n INTERVALs (100 + n * 33)
create table t (a int, b varchar(255));
ALTER TABLE t FIRST PARTITION LESS THAN (10);
Error 1505 (HY000): Partition management on a not partitioned table is not possible
ALTER TABLE t LAST PARTITION LESS THAN (10);
Error 1505 (HY000): Partition management on a not partitioned table is not possible
drop table t;
create table t (a int, b varchar(255)) partition by hash (a) partitions 4;
ALTER TABLE t FIRST PARTITION LESS THAN (10);
Error 8200 (HY000): Unsupported FIRST PARTITION, does not seem like an INTERVAL partitioned table
ALTER TABLE t LAST PARTITION LESS THAN (10);
Error 8200 (HY000): Unsupported LAST PARTITION of HASH/KEY partitioned table
drop table t;
create table t (a int, b varchar(255)) partition by list (a) (partition p0 values in (1,2,3), partition p1 values in (22,23,24));
ALTER TABLE t FIRST PARTITION LESS THAN (0);
Error 8200 (HY000): Unsupported FIRST PARTITION, does not seem like an INTERVAL partitioned table
ALTER TABLE t LAST PARTITION LESS THAN (100);
Error 1492 (HY000): For LIST partitions each partition must be defined
drop table t;
create table t (a int, b varchar(255)) partition by list columns (b) (partition p0 values in ("1","2","3"), partition p1 values in ("22","23","24"));
ALTER TABLE t FIRST PARTITION LESS THAN (10);
Error 8200 (HY000): Unsupported FIRST PARTITION, does not seem like an INTERVAL partitioned table
ALTER TABLE t LAST PARTITION LESS THAN (10);
Error 1492 (HY000): For LIST partitions each partition must be defined
drop table t;
drop table if exists t;
SET SESSION sql_mode='ANSI_QUOTES';
create table t(created_at datetime) PARTITION BY RANGE COLUMNS(created_at) (
PARTITION p0 VALUES LESS THAN ('2021-12-01 00:00:00'),
PARTITION p1 VALUES LESS THAN ('2022-01-01 00:00:00'));
show create table t;
Table	Create Table
t	CREATE TABLE "t" (
  "created_at" datetime DEFAULT NULL
) ENGINE=InnoDB DEFAULT CHARSET=utf8mb4 COLLATE=utf8mb4_bin
PARTITION BY RANGE COLUMNS("created_at")
(PARTITION "p0" VALUES LESS THAN ('2021-12-01 00:00:00'),
 PARTITION "p1" VALUES LESS THAN ('2022-01-01 00:00:00'))
drop table t;
set @@time_zone = 'Asia/Shanghai';
create table t(created_at timestamp) PARTITION BY RANGE (unix_timestamp(created_at)) (
PARTITION p0 VALUES LESS THAN (unix_timestamp('2021-12-01 00:00:00')),
PARTITION p1 VALUES LESS THAN (unix_timestamp('2022-01-01 00:00:00')));
set @@time_zone = default;
show create table t;
Table	Create Table
t	CREATE TABLE "t" (
  "created_at" timestamp NULL DEFAULT NULL
) ENGINE=InnoDB DEFAULT CHARSET=utf8mb4 COLLATE=utf8mb4_bin
PARTITION BY RANGE (UNIX_TIMESTAMP(`created_at`))
(PARTITION "p0" VALUES LESS THAN (1638288000),
 PARTITION "p1" VALUES LESS THAN (1640966400))
drop table t;
set @@time_zone = default;
CREATE TABLE t (a int DEFAULT NULL, b varchar(255) DEFAULT NULL) PARTITION BY LIST COLUMNS(a,b) (
PARTITION p0 VALUES IN ((1,'1'),(2,'2')),
PARTITION p1 VALUES IN ((10,'10'),(11,'11')));
show create table t;
Table	Create Table
t	CREATE TABLE "t" (
  "a" int(11) DEFAULT NULL,
  "b" varchar(255) DEFAULT NULL
) ENGINE=InnoDB DEFAULT CHARSET=utf8mb4 COLLATE=utf8mb4_bin
PARTITION BY LIST COLUMNS("a","b")
(PARTITION "p0" VALUES IN ((1,'1'),(2,'2')),
 PARTITION "p1" VALUES IN ((10,'10'),(11,'11')))
drop table t;
CREATE TABLE t (a varchar(255) DEFAULT NULL) PARTITION BY LIST COLUMNS(a) (
PARTITION p0 VALUES IN ('\'','\'\'',''''''''),
PARTITION p1 VALUES IN ('""','\\','\\\'\t\n'));
show create table t;
Table	Create Table
t	CREATE TABLE "t" (
  "a" varchar(255) DEFAULT NULL
) ENGINE=InnoDB DEFAULT CHARSET=utf8mb4 COLLATE=utf8mb4_bin
PARTITION BY LIST COLUMNS("a")
(PARTITION "p0" VALUES IN ('''','''''',''''''''),
 PARTITION "p1" VALUES IN ('""','\\','\\''\t\n'))
insert into t values (0x5c27090a),('\\''\t\n');
drop table t;
CREATE TABLE t (a varchar(255) DEFAULT NULL) PARTITION BY LIST COLUMNS(a) (
PARTITION p0 VALUES IN ('\'','\'\'',''''''''),
PARTITION p1 VALUES IN ('\"\"','\\',0x5c27090a));
insert into t values (0x5c27090a),('\\''\t\n');
show create table t;
Table	Create Table
t	CREATE TABLE "t" (
  "a" varchar(255) DEFAULT NULL
) ENGINE=InnoDB DEFAULT CHARSET=utf8mb4 COLLATE=utf8mb4_bin
PARTITION BY LIST COLUMNS("a")
(PARTITION "p0" VALUES IN ('''','''''',''''''''),
 PARTITION "p1" VALUES IN ('""','\\','\\''\t\n'))
drop table t;
CREATE TABLE t (a varchar(255) DEFAULT NULL) PARTITION BY LIST COLUMNS(a) (
PARTITION p0 VALUES IN ('\'','\'\'',''''''''),
PARTITION p1 VALUES IN ('""','\\',x'5c27090a'));
insert into t values (0x5c27090a),('\\''\t\n');
show create table t;
Table	Create Table
t	CREATE TABLE "t" (
  "a" varchar(255) DEFAULT NULL
) ENGINE=InnoDB DEFAULT CHARSET=utf8mb4 COLLATE=utf8mb4_bin
PARTITION BY LIST COLUMNS("a")
(PARTITION "p0" VALUES IN ('''','''''',''''''''),
 PARTITION "p1" VALUES IN ('""','\\','\\''\t\n'))
drop table t;
CREATE TABLE t (a varchar(255)) PARTITION BY RANGE COLUMNS(a) (
PARTITION p0 VALUES LESS THAN ('"'),
PARTITION p1 VALUES LESS THAN ('""'),
PARTITION p2 VALUES LESS THAN ('\''),
PARTITION p3 VALUES LESS THAN (''''''),
PARTITION p4 VALUES LESS THAN ('\\''\t\n'),
PARTITION pMax VALUES LESS THAN (MAXVALUE));
insert into t values (0x5c27090a),('\\''\t\n');
show create table t;
Table	Create Table
t	CREATE TABLE "t" (
  "a" varchar(255) DEFAULT NULL
) ENGINE=InnoDB DEFAULT CHARSET=utf8mb4 COLLATE=utf8mb4_bin
PARTITION BY RANGE COLUMNS("a")
(PARTITION "p0" VALUES LESS THAN ('"'),
 PARTITION "p1" VALUES LESS THAN ('""'),
 PARTITION "p2" VALUES LESS THAN (''''),
 PARTITION "p3" VALUES LESS THAN (''''''),
 PARTITION "p4" VALUES LESS THAN ('\\''\t\n'),
 PARTITION "pMax" VALUES LESS THAN (MAXVALUE))
drop table t;
CREATE TABLE t (a varchar(255)) PARTITION BY RANGE COLUMNS(a) (
PARTITION p0 VALUES LESS THAN ('"'),
PARTITION p1 VALUES LESS THAN ('""'),
PARTITION p2 VALUES LESS THAN ('\''),
PARTITION p3 VALUES LESS THAN (''''''),
PARTITION p4 VALUES LESS THAN (0x5c27090a),
PARTITION pMax VALUES LESS THAN (MAXVALUE));
insert into t values (0x5c27090a),('\\''\t\n');
show create table t;
Table	Create Table
t	CREATE TABLE "t" (
  "a" varchar(255) DEFAULT NULL
) ENGINE=InnoDB DEFAULT CHARSET=utf8mb4 COLLATE=utf8mb4_bin
PARTITION BY RANGE COLUMNS("a")
(PARTITION "p0" VALUES LESS THAN ('"'),
 PARTITION "p1" VALUES LESS THAN ('""'),
 PARTITION "p2" VALUES LESS THAN (''''),
 PARTITION "p3" VALUES LESS THAN (''''''),
 PARTITION "p4" VALUES LESS THAN ('\\''\t\n'),
 PARTITION "pMax" VALUES LESS THAN (MAXVALUE))
drop table t;
CREATE TABLE t (a varchar(255), b varchar(255)) PARTITION BY RANGE COLUMNS(a,b) (
PARTITION p0 VALUES LESS THAN ('"','"'),
PARTITION p1 VALUES LESS THAN ('""','""'),
PARTITION p2 VALUES LESS THAN ('\'','\''),
PARTITION p3 VALUES LESS THAN ('''''',''''''),
PARTITION p4 VALUES LESS THAN ('\\''\t\n',0x5c27090a),
PARTITION pMax VALUES LESS THAN (MAXVALUE,maxvalue));
insert into t values (0x5c27090a,'\\''\t\n');
show create table t;
Table	Create Table
t	CREATE TABLE "t" (
  "a" varchar(255) DEFAULT NULL,
  "b" varchar(255) DEFAULT NULL
) ENGINE=InnoDB DEFAULT CHARSET=utf8mb4 COLLATE=utf8mb4_bin
PARTITION BY RANGE COLUMNS("a","b")
(PARTITION "p0" VALUES LESS THAN ('"','"'),
 PARTITION "p1" VALUES LESS THAN ('""','""'),
 PARTITION "p2" VALUES LESS THAN ('''',''''),
 PARTITION "p3" VALUES LESS THAN ('''''',''''''),
 PARTITION "p4" VALUES LESS THAN ('\\''\t\n','\\''\t\n'),
 PARTITION "pMax" VALUES LESS THAN (MAXVALUE,MAXVALUE))
SET SESSION sql_mode=default;
drop table if exists t;
create table t (a int, b char) partition by range (a) (partition p0 values less than (10));
alter table t change a c int;
Error 3855 (HY000): Column 'a' has a partitioning function dependency and cannot be dropped or renamed
drop table t;
create table t (a char, b char) partition by range columns (a) (partition p0 values less than ('z'));
alter table t change a c char;
Error 3855 (HY000): Column 'a' has a partitioning function dependency and cannot be dropped or renamed
drop table t;
create table t (a int, b char) partition by list (a) (partition p0 values in (10));
alter table t change a c int;
Error 3855 (HY000): Column 'a' has a partitioning function dependency and cannot be dropped or renamed
drop table t;
create table t (a char, b char) partition by list columns (a) (partition p0 values in ('z'));
alter table t change a c char;
Error 3855 (HY000): Column 'a' has a partitioning function dependency and cannot be dropped or renamed
drop table t;
create table t (a int, b char) partition by hash (a) partitions 3;
alter table t change a c int;
Error 3855 (HY000): Column 'a' has a partitioning function dependency and cannot be dropped or renamed
drop table if exists t1, t2, t3, t4;
create table t1 (a tinyint, b char) partition by range (a) ( partition p0 values less than (10) );
alter table t1 drop column a;
Error 3855 (HY000): Column 'a' has a partitioning function dependency and cannot be dropped or renamed
alter table t1 drop column b;
create table t2 (a tinyint, b char) partition by range (a-1) ( partition p0 values less than (10) );
alter table t2 drop column a;
Error 3855 (HY000): Column 'a' has a partitioning function dependency and cannot be dropped or renamed
alter table t2 drop column b;
create table t3 (a tinyint, b char) partition by hash(a) partitions 4;
alter table t3 drop column a;
Error 3855 (HY000): Column 'a' has a partitioning function dependency and cannot be dropped or renamed
alter table t3 drop column b;
create table t4 (a char, b char) partition by list columns (a) ( partition p0 values in ('0'),  partition p1 values in ('a'), partition p2 values in ('b'));
alter table t4 drop column a;
Error 3855 (HY000): Column 'a' has a partitioning function dependency and cannot be dropped or renamed
alter table t4 drop column b;
drop table if exists t6;
create table t6 (colint int, col1 date)
partition by range(colint)
(partition p0 values less than (extract(year from '1998-11-23')),
partition p1 values less than maxvalue);
show create table t6;
Table	Create Table
t6	CREATE TABLE `t6` (
  `colint` int(11) DEFAULT NULL,
  `col1` date DEFAULT NULL
) ENGINE=InnoDB DEFAULT CHARSET=utf8mb4 COLLATE=utf8mb4_bin
PARTITION BY RANGE (`colint`)
(PARTITION `p0` VALUES LESS THAN (1998),
 PARTITION `p1` VALUES LESS THAN (MAXVALUE))
drop table if exists tRange;
create table tRange (a int unsigned primary key, b varchar(255))
partition by range (a)
(partition p0 values less than (1000000),
partition pMax values less than maxvalue);
insert into tRange values (0, "Zero"), (999999, "999999"), (1000000, "1000000"), (20000000, "20000000");
show create table tRange;
Table	Create Table
tRange	CREATE TABLE `tRange` (
  `a` int(10) unsigned NOT NULL,
  `b` varchar(255) DEFAULT NULL,
  PRIMARY KEY (`a`) /*T![clustered_index] CLUSTERED */
) ENGINE=InnoDB DEFAULT CHARSET=utf8mb4 COLLATE=utf8mb4_bin
PARTITION BY RANGE (`a`)
(PARTITION `p0` VALUES LESS THAN (1000000),
 PARTITION `pMax` VALUES LESS THAN (MAXVALUE))
alter table tRange remove partitioning;
show create table tRange;
Table	Create Table
tRange	CREATE TABLE `tRange` (
  `a` int(10) unsigned NOT NULL,
  `b` varchar(255) DEFAULT NULL,
  PRIMARY KEY (`a`) /*T![clustered_index] CLUSTERED */
) ENGINE=InnoDB DEFAULT CHARSET=utf8mb4 COLLATE=utf8mb4_bin
drop table tRange;
create table tRange (a int unsigned primary key nonclustered, b varchar(255))
partition by range (a)
(partition p0 values less than (1000000),
partition pMax values less than maxvalue);
insert into tRange values (0, "Zero"), (999999, "999999"), (1000000, "1000000"), (20000000, "20000000");
show create table tRange;
Table	Create Table
tRange	CREATE TABLE `tRange` (
  `a` int(10) unsigned NOT NULL,
  `b` varchar(255) DEFAULT NULL,
  PRIMARY KEY (`a`) /*T![clustered_index] NONCLUSTERED */
) ENGINE=InnoDB DEFAULT CHARSET=utf8mb4 COLLATE=utf8mb4_bin
PARTITION BY RANGE (`a`)
(PARTITION `p0` VALUES LESS THAN (1000000),
 PARTITION `pMax` VALUES LESS THAN (MAXVALUE))
alter table tRange remove partitioning;
show create table tRange;
Table	Create Table
tRange	CREATE TABLE `tRange` (
  `a` int(10) unsigned NOT NULL,
  `b` varchar(255) DEFAULT NULL,
  PRIMARY KEY (`a`) /*T![clustered_index] NONCLUSTERED */
) ENGINE=InnoDB DEFAULT CHARSET=utf8mb4 COLLATE=utf8mb4_bin
insert into tRange values (1, "One"), (999998, "999998"), (1000001, "1000001"), (20000002, "20000002");
drop table tRange;
create table tRange (a int unsigned primary key nonclustered, b varchar(255))
partition by range (a)
(partition p0 values less than (1000000),
partition pMax values less than maxvalue);
insert into tRange values (0, "Zero"), (999999, "999999"), (1000000, "1000000"), (20000000, "20000000");
show create table tRange;
Table	Create Table
tRange	CREATE TABLE `tRange` (
  `a` int(10) unsigned NOT NULL,
  `b` varchar(255) DEFAULT NULL,
  PRIMARY KEY (`a`) /*T![clustered_index] NONCLUSTERED */
) ENGINE=InnoDB DEFAULT CHARSET=utf8mb4 COLLATE=utf8mb4_bin
PARTITION BY RANGE (`a`)
(PARTITION `p0` VALUES LESS THAN (1000000),
 PARTITION `pMax` VALUES LESS THAN (MAXVALUE))
alter table tRange remove partitioning;
show create table tRange;
Table	Create Table
tRange	CREATE TABLE `tRange` (
  `a` int(10) unsigned NOT NULL,
  `b` varchar(255) DEFAULT NULL,
  PRIMARY KEY (`a`) /*T![clustered_index] NONCLUSTERED */
) ENGINE=InnoDB DEFAULT CHARSET=utf8mb4 COLLATE=utf8mb4_bin
insert into tRange values (1, "One"), (999998, "999998"), (1000001, "1000001"), (20000002, "20000002");
drop table if exists tRange;
create table tRange (a varchar(55) primary key, b varchar(255))
partition by range columns (a)
(partition p0 values less than ("1000000"),
partition pMax values less than maxvalue);
insert into tRange values ("0", "Zero"), ("0999999", "0999999"), ("1000000", "1000000"), ("20000000", "20000000");
show create table tRange;
Table	Create Table
tRange	CREATE TABLE `tRange` (
  `a` varchar(55) NOT NULL,
  `b` varchar(255) DEFAULT NULL,
  PRIMARY KEY (`a`) /*T![clustered_index] NONCLUSTERED */
) ENGINE=InnoDB DEFAULT CHARSET=utf8mb4 COLLATE=utf8mb4_bin
PARTITION BY RANGE COLUMNS(`a`)
(PARTITION `p0` VALUES LESS THAN ('1000000'),
 PARTITION `pMax` VALUES LESS THAN (MAXVALUE))
alter table tRange remove partitioning;
show create table tRange;
Table	Create Table
tRange	CREATE TABLE `tRange` (
  `a` varchar(55) NOT NULL,
  `b` varchar(255) DEFAULT NULL,
  PRIMARY KEY (`a`) /*T![clustered_index] NONCLUSTERED */
) ENGINE=InnoDB DEFAULT CHARSET=utf8mb4 COLLATE=utf8mb4_bin
drop table if exists tRange;
create table tRange (a varchar(55), b varchar(255))
partition by range columns (a,b)
(partition p0 values less than ("1000000","1000000"),
partition pMax values less than (maxvalue,1));
insert into tRange values ("0", "0Zero"), ("0999999", "0999999"), ("1000000", "1000000"), ("20000000", "20000000");
show create table tRange;
Table	Create Table
tRange	CREATE TABLE `tRange` (
  `a` varchar(55) DEFAULT NULL,
  `b` varchar(255) DEFAULT NULL
) ENGINE=InnoDB DEFAULT CHARSET=utf8mb4 COLLATE=utf8mb4_bin
PARTITION BY RANGE COLUMNS(`a`,`b`)
(PARTITION `p0` VALUES LESS THAN ('1000000','1000000'),
 PARTITION `pMax` VALUES LESS THAN (MAXVALUE,'1'))
alter table tRange remove partitioning;
show create table tRange;
Table	Create Table
tRange	CREATE TABLE `tRange` (
  `a` varchar(55) DEFAULT NULL,
  `b` varchar(255) DEFAULT NULL
) ENGINE=InnoDB DEFAULT CHARSET=utf8mb4 COLLATE=utf8mb4_bin
drop table if exists t;
create table t (a int, b varchar(255), key (a,b), key (b)) partition by hash (a) partitions 7;
insert into t values (32,char(32,32,32,32)), (33,char(33,33,33,33)), (34,char(34,34,34,34)), (35,char(35,35,35,35)), (36,char(36,36,36,36)), (37,char(37,37,37,37)), (38,char(38,38,38,38)), (39,char(39,39,39,39)), (40,char(40,40,40,40)), (41,char(41,41,41,41)), (42,char(42,42,42,42)), (43,char(43,43,43,43)), (44,char(44,44,44,44)), (45,char(45,45,45,45)), (46,char(46,46,46,46)), (47,char(47,47,47,47)), (48,char(48,48,48,48)), (49,char(49,49,49,49)), (50,char(50,50,50,50)), (51,char(51,51,51,51)), (52,char(52,52,52,52)), (53,char(53,53,53,53)), (54,char(54,54,54,54)), (55,char(55,55,55,55)), (56,char(56,56,56,56)), (57,char(57,57,57,57)), (58,char(58,58,58,58)), (59,char(59,59,59,59)), (60,char(60,60,60,60)), (61,char(61,61,61,61)), (62,char(62,62,62,62)), (63,char(63,63,63,63)), (64,char(64,64,64,64)), (65,char(65,65,65,65)), (66,char(66,66,66,66)), (67,char(67,67,67,67)), (68,char(68,68,68,68)), (69,char(69,69,69,69)), (70,char(70,70,70,70)), (71,char(71,71,71,71)), (72,char(72,72,72,72)), (73,char(73,73,73,73)), (74,char(74,74,74,74)), (75,char(75,75,75,75)), (76,char(76,76,76,76)), (77,char(77,77,77,77)), (78,char(78,78,78,78)), (79,char(79,79,79,79)), (80,char(80,80,80,80)), (81,char(81,81,81,81)), (82,char(82,82,82,82)), (83,char(83,83,83,83)), (84,char(84,84,84,84)), (85,char(85,85,85,85)), (86,char(86,86,86,86)), (87,char(87,87,87,87)), (88,char(88,88,88,88)), (89,char(89,89,89,89)), (90,char(90,90,90,90)), (91,char(91,91,91,91)), (92,char(92,92,92,92)), (93,char(93,93,93,93)), (94,char(94,94,94,94)), (95,char(95,95,95,95)), (96,char(96,96,96,96)), (97,char(97,97,97,97)), (98,char(98,98,98,98)), (99,char(99,99,99,99)), (100,char(100,100,100,100)), (101,char(101,101,101,101)), (102,char(102,102,102,102)), (103,char(103,103,103,103)), (104,char(104,104,104,104)), (105,char(105,105,105,105)), (106,char(106,106,106,106)), (107,char(107,107,107,107)), (108,char(108,108,108,108)), (109,char(109,109,109,109)), (110,char(110,110,110,110)), (111,char(111,111,111,111)), (112,char(112,112,112,112)), (113,char(113,113,113,113)), (114,char(114,114,114,114)), (115,char(115,115,115,115)), (116,char(116,116,116,116)), (117,char(117,117,117,117)), (118,char(118,118,118,118)), (119,char(119,119,119,119)), (120,char(120,120,120,120)), (121,char(121,121,121,121)), (122,char(122,122,122,122)), (123,char(123,123,123,123)), (124,char(124,124,124,124)), (125,char(125,125,125,125)), (126,char(126,126,126,126));
analyze table t;
select partition_name, table_rows from information_schema.partitions where table_schema = 'ddl__db_partition' and table_name = 't';
partition_name	table_rows
p0	0
p1	0
p10	0
p2	0
p3	0
p4	0
p5	0
p6	0
p7	0
p8	0
p9	0
alter table t remove partitioning;
show create table t;
Table	Create Table
t	CREATE TABLE `t` (
  `a` int(11) DEFAULT NULL,
  `b` varchar(255) DEFAULT NULL,
  KEY `a` (`a`,`b`),
  KEY `b` (`b`)
) ENGINE=InnoDB DEFAULT CHARSET=utf8mb4 COLLATE=utf8mb4_bin
drop table if exists t;
create table t (a int) partition by list (a) (partition p2 values less than (2));
Error 1480 (HY000): Only RANGE PARTITIONING can use VALUES LESS THAN in partition definition
create table t (a int) partition by list (a) (partition p2);
Error 1479 (HY000): Syntax : LIST PARTITIONING requires definition of VALUES IN for each partition
create table t (a int) partition by list (a) (partition p1 values in (1));
alter table t add partition (partition p2 values less than (2));
Error 1480 (HY000): Only RANGE PARTITIONING can use VALUES LESS THAN in partition definition
alter table t add partition (partition p2);
Error 1479 (HY000): Syntax : LIST PARTITIONING requires definition of VALUES IN for each partition
drop table if exists lcp, lmcp, np, lp, t;
create table lcp (id int, create_ts datetime, name varchar(10))
partition by list columns (create_ts)
(partition p20230829 values in ('2023-08-29'),partition p20230830 values in ('2023-08-30'));
insert into lcp values (1,'2023-08-29','a');
insert into lcp values (2,'2023-08-30','b');
insert into lcp values (3,'2023-08-31','c');
Error 1526 (HY000): Table has no partition for value from column_list
create table t (id int, create_ts datetime, name varchar(10));
insert into t values (3,'2023-08-31','c');
alter table lcp EXCHANGE PARTITION p20230829 WITH TABLE t;
Error 1737 (HY000): Found a row that does not match the partition
alter table lcp add partition
(partition p202302 values in ('2023-02-01','2023-02-28',null),
partition p202303 values in ('2023-03-01','2023-03-02','2023-03-31'));
alter table lcp EXCHANGE PARTITION p202302 WITH TABLE t;
Error 1737 (HY000): Found a row that does not match the partition
alter table lcp EXCHANGE PARTITION p202303 WITH TABLE t;
Error 1737 (HY000): Found a row that does not match the partition
truncate table t;
insert into t values (4,'2023-02-01','d'), (5,'2023-02-28','e'), (6, null, 'f');
alter table lcp EXCHANGE PARTITION p202303 WITH TABLE t;
Error 1737 (HY000): Found a row that does not match the partition
alter table lcp EXCHANGE PARTITION p202302 WITH TABLE t;
insert into t values (4,'2023-03-01','d'), (5,'2023-03-02','e'), (6,'2023-03-31','f');
alter table lcp EXCHANGE PARTITION p202302 WITH TABLE t;
Error 1737 (HY000): Found a row that does not match the partition
alter table lcp EXCHANGE PARTITION p202303 WITH TABLE t;
drop table t;
CREATE TABLE lmcp (d date, name varchar(10), data varchar(255))
PARTITION BY LIST COLUMNS(d,name)
(partition p3 values IN (('2021-01-01','a'),('2021-01-02','b'),('2021-01-03','c')),
partition p4 values IN (('2021-01-01','b'),(null,'a'),('2021-01-01',null),(null,null)),
partition p2 values IN (('2021-01-01','c'),('2021-01-02','a')),
partition p1 values IN (('2021-01-02','c')));
CREATE TABLE t (d date, name varchar(10), data varchar(255));
insert into t values ('2021-01-02', 'c', "OK");
alter table lmcp EXCHANGE PARTITION p3 WITH TABLE t;
Error 1737 (HY000): Found a row that does not match the partition
alter table lmcp EXCHANGE PARTITION p4 WITH TABLE t;
Error 1737 (HY000): Found a row that does not match the partition
alter table lmcp EXCHANGE PARTITION p2 WITH TABLE t;
Error 1737 (HY000): Found a row that does not match the partition
alter table lmcp EXCHANGE PARTITION p1 WITH TABLE t;
insert into t values ('2021-01-01', 'c', "OK"), ('2021-01-02', 'a', "OK");
alter table lmcp EXCHANGE PARTITION p3 WITH TABLE t;
Error 1737 (HY000): Found a row that does not match the partition
alter table lmcp EXCHANGE PARTITION p4 WITH TABLE t;
Error 1737 (HY000): Found a row that does not match the partition
alter table lmcp EXCHANGE PARTITION p1 WITH TABLE t;
Error 1737 (HY000): Found a row that does not match the partition
alter table lmcp EXCHANGE PARTITION p2 WITH TABLE t;
insert into t values ('2021-01-01', 'a', "OK"), ('2021-01-02','b', "OK"), ('2021-01-03','c', "OK");
alter table lmcp EXCHANGE PARTITION p1 WITH TABLE t;
Error 1737 (HY000): Found a row that does not match the partition
alter table lmcp EXCHANGE PARTITION p2 WITH TABLE t;
Error 1737 (HY000): Found a row that does not match the partition
alter table lmcp EXCHANGE PARTITION p4 WITH TABLE t;
Error 1737 (HY000): Found a row that does not match the partition
alter table lmcp EXCHANGE PARTITION p3 WITH TABLE t;
insert into t values ('2021-01-01', 'b', "OK"), ('2021-01-01',null, "OK"), (null,'a', "OK"), (null,null,"OK");
alter table lmcp EXCHANGE PARTITION p1 WITH TABLE t;
Error 1737 (HY000): Found a row that does not match the partition
alter table lmcp EXCHANGE PARTITION p2 WITH TABLE t;
Error 1737 (HY000): Found a row that does not match the partition
alter table lmcp EXCHANGE PARTITION p3 WITH TABLE t;
Error 1737 (HY000): Found a row that does not match the partition
alter table lmcp EXCHANGE PARTITION p4 WITH TABLE t;
create table lp (a int, data varchar(255)) partition by list (a) (partition p0 values in (0,4), partition pNull values in (null));
create table np (a int, data varchar(255));
insert into np values (0,"OK"), (4,"OK");
alter table lp EXCHANGE PARTITION pNull WITH TABLE np;
Error 1737 (HY000): Found a row that does not match the partition
alter table lp EXCHANGE PARTITION p0 WITH TABLE np;
insert into np values (null,"OK");
alter table lp EXCHANGE PARTITION p0 WITH TABLE np;
Error 1737 (HY000): Found a row that does not match the partition
alter table lp EXCHANGE PARTITION pNull WITH TABLE np;
drop table if exists t, tcp;
CREATE TABLE t (d date, name varchar(10), data varchar(255));
create table rcp (d date, name varchar(10), data varchar(255))
partition by range columns (d)
(partition p20230829 values less than ('2023-08-30'),partition p20230830 values less than ('2023-08-31'));
insert into rcp values ('2023-08-29', 'a', "OK");
insert into rcp values ('2023-08-30', 'b', "OK");
insert into rcp values ('2023-08-31', 'c', "FAIL");
Error 1526 (HY000): Table has no partition for value from column_list
insert into t values ('2023-08-31', 'c', "FAIL");
alter table rcp EXCHANGE PARTITION p20230829 WITH TABLE t;
Error 1737 (HY000): Found a row that does not match the partition
set @@session.tidb_enable_table_partition = 1;
drop table if exists t1, t2, t3, t4, t5;
create table t1 ( time_recorded datetime )
partition by range(TO_DAYS(time_recorded)) (
partition p0 values less than (1));
create table t2 ( time_recorded date )
partition by range(TO_DAYS(time_recorded)) (
partition p0 values less than (1));
create table t3 ( time_recorded date )
partition by range(TO_SECONDS(time_recorded)) (
partition p0 values less than (1));
create table t4 ( time_recorded date )
partition by range(TO_SECONDS(time_recorded)) (
partition p0 values less than (1));
create table t5 ( time_recorded timestamp )
partition by range(unix_timestamp(time_recorded)) (
partition p1 values less than (1559192604)
);
set @@session.tidb_enable_table_partition = default;
set @@tidb_enable_exchange_partition=1;
drop table if exists pt1;
create table pt1(a int, b int, c int) PARTITION BY hash (a) partitions 1;
alter table pt1 add index idx((a+c));
drop table if exists nt1;
create table nt1(a int, b int, c int);
alter table pt1 exchange partition p0 with table nt1;
Error 1736 (HY000): Tables have different definitions
alter table nt1 add column (`_V$_idx_0` bigint(20) generated always as (a+b) virtual);
alter table pt1 exchange partition p0 with table nt1;
Error 1736 (HY000): Tables have different definitions
alter table nt1 drop column `_V$_idx_0`;
alter table nt1 add index idx((b-c));
alter table pt1 exchange partition p0 with table nt1;
Error 1736 (HY000): Tables have different definitions
alter table nt1 drop index idx;
alter table nt1 add index idx((concat(a, b)));
alter table pt1 exchange partition p0 with table nt1;
Error 1736 (HY000): Tables have different definitions
drop table if exists nt2;
create table nt2 (a int, b int, c int);
alter table nt2 add index idx((a+c));
alter table pt1 exchange partition p0 with table nt2;
set tidb_enable_global_index=true;
drop database if exists partition_exchange;
create database partition_exchange;
use partition_exchange;
create table pt (id int not null) partition by hash (id) partitions 4;
create table nt (id int(1) not null);
alter table pt exchange partition p0 with table nt;
create table pt1 (id int not null, fname varchar(3)) partition by hash (id) partitions 4;
create table nt1 (id int not null, fname varchar(4));
alter table pt1 exchange partition p0 with table nt1;
Error 1736 (HY000): Tables have different definitions
create table pt2 (id int not null, salary decimal) partition by hash(id) partitions 4;
create table nt2 (id int not null, salary decimal(3,2));
alter table pt2 exchange partition p0 with table nt2;
Error 1736 (HY000): Tables have different definitions
create table pt3 (id int not null, salary decimal) partition by hash(id) partitions 1;
create table nt3 (id int not null, salary decimal(10, 1));
alter table pt3 exchange partition p0 with table nt3;
Error 1736 (HY000): Tables have different definitions
create table pt4 (id int not null) partition by hash(id) partitions 1;
create table nt4 (id1 int not null);
alter table pt4 exchange partition p0 with table nt4;
Error 1736 (HY000): Tables have different definitions
create table pt5 (id int not null, primary key (id)) partition by hash(id) partitions 1;
create table nt5 (id int not null);
alter table pt5 exchange partition p0 with table nt5;
Error 1736 (HY000): Tables have different definitions
create table pt6 (id int not null, salary decimal, index idx (id, salary)) partition by hash(id) partitions 1;
create table nt6 (id int not null, salary decimal, index idx (salary, id));
alter table pt6 exchange partition p0 with table nt6;
Error 1736 (HY000): Tables have different definitions
create table pt7 (id int not null, index idx (id) invisible) partition by hash(id) partitions 1;
create table nt7 (id int not null, index idx (id));
alter table pt7 exchange partition p0 with table nt7;
create table pt8 (id int not null, index idx (id)) partition by hash(id) partitions 1;
create table nt8 (id int not null, index id_idx (id));
alter table pt8 exchange partition p0 with table nt8;
Error 1736 (HY000): Tables have different definitions
## Generated column (virtual)
create table pt10 (id int not null, lname varchar(30), fname varchar(100) generated always as (concat(lname,' ')) virtual) partition by hash(id) partitions 1;
create table nt10 (id int not null, lname varchar(30), fname varchar(100));
alter table pt10 exchange partition p0 with table nt10;
Error 3106 (HY000): 'Exchanging partitions for non-generated columns' is not supported for generated columns.
create table pt11 (id int not null, lname varchar(30), fname varchar(100)) partition by hash(id) partitions 1;
create table nt11 (id int not null, lname varchar(30), fname varchar(100) generated always as (concat(lname, ' ')) virtual);
alter table pt11 exchange partition p0 with table nt11;
Error 3106 (HY000): 'Exchanging partitions for non-generated columns' is not supported for generated columns.
create table pt12 (id int not null, lname varchar(30), fname varchar(100) generated always as (concat(lname,' ')) stored) partition by hash(id) partitions 1;
create table nt12 (id int not null, lname varchar(30), fname varchar(100));
alter table pt12 exchange partition p0 with table nt12;
Error 1736 (HY000): Tables have different definitions
create table pt13 (id int not null, lname varchar(30), fname varchar(100)) partition by hash(id) partitions 1;
create table nt13 (id int not null, lname varchar(30), fname varchar(100) generated always as (concat(lname, ' ')) stored);
alter table pt13 exchange partition p0 with table nt13;
Error 1736 (HY000): Tables have different definitions
create table pt14 (id int not null, lname varchar(30), fname varchar(100) generated always as (concat(lname, ' ')) virtual) partition by hash(id) partitions 1;
create table nt14 (id int not null, lname varchar(30), fname varchar(100) generated always as (concat(lname, ' ')) virtual);
alter table pt14 exchange partition p0 with table nt14;
## unique index
create table pt15 (id int not null, unique index uk_id (id)) partition by hash(id) partitions 1;
create table nt15 (id int not null, index uk_id (id));
alter table pt15 exchange partition p0 with table nt15;
Error 1736 (HY000): Tables have different definitions
## auto_increment
create table pt16 (id int not null primary key auto_increment) partition by hash(id) partitions 1;
create table nt16 (id int not null primary key);
alter table pt16 exchange partition p0 with table nt16;
Error 1736 (HY000): Tables have different definitions
## default
create table pt17 (id int not null default 1) partition by hash(id) partitions 1;
create table nt17 (id int not null);
alter table pt17 exchange partition p0 with table nt17;
## view test
create table pt18 (id int not null) partition by hash(id) partitions 1;
create view nt18 as select id from nt17;
alter table pt18 exchange partition p0 with table nt18;
Error 1177 (42000): Can't open table
create table pt19 (id int not null, lname varchar(30), fname varchar(100) generated always as (concat(lname, ' ')) stored) partition by hash(id) partitions 1;
create table nt19 (id int not null, lname varchar(30), fname varchar(100) generated always as (concat(lname, ' ')) virtual);
alter table pt19 exchange partition p0 with table nt19;
Error 3106 (HY000): 'Exchanging partitions for non-generated columns' is not supported for generated columns.
create table pt20 (id int not null) partition by hash(id) partitions 1;
create table nt20 (id int default null);
alter table pt20 exchange partition p0 with table nt20;
Error 1736 (HY000): Tables have different definitions
## unsigned
create table pt21 (id int unsigned) partition by hash(id) partitions 1;
create table nt21 (id int);
alter table pt21 exchange partition p0 with table nt21;
Error 1736 (HY000): Tables have different definitions
## zerofill
create table pt22 (id int) partition by hash(id) partitions 1;
create table nt22 (id int zerofill);
alter table pt22 exchange partition p0 with table nt22;
Error 1736 (HY000): Tables have different definitions
create table pt23 (id int, lname varchar(10) charset binary) partition by hash(id) partitions 1;
create table nt23 (id int, lname varchar(10));
alter table pt23 exchange partition p0 with table nt23;
Error 1736 (HY000): Tables have different definitions
create table pt25 (id int, a datetime on update current_timestamp) partition by hash(id) partitions 1;
create table nt25 (id int, a datetime);
alter table pt25 exchange partition p0 with table nt25;
create table pt26 (id int not null, lname varchar(30), fname varchar(100) generated always as (concat(lname, ' ')) virtual) partition by hash(id) partitions 1;
create table nt26 (id int not null, lname varchar(30), fname varchar(100) generated always as (concat(id, ' ')) virtual);
alter table pt26 exchange partition p0 with table nt26;
Error 1736 (HY000): Tables have different definitions
create table pt27 (a int key, b int, index(a)) partition by hash(a) partitions 1;
create table nt27 (a int not null, b int, index(a));
alter table pt27 exchange partition p0 with table nt27;
Error 1736 (HY000): Tables have different definitions
create table pt28 (a int primary key, b int, index(a)) partition by hash(a) partitions 1;
create table nt28 (a int not null, b int, index(a));
alter table pt28 exchange partition p0 with table nt28;
Error 1736 (HY000): Tables have different definitions
create table pt29 (a int primary key, b int) partition by hash(a) partitions 1;
create table nt29 (a int not null, b int, index(a));
alter table pt29 exchange partition p0 with table nt29;
Error 1736 (HY000): Tables have different definitions
create table pt30 (a int primary key, b int) partition by hash(a) partitions 1;
create table nt30 (a int, b int, unique index(a));
alter table pt30 exchange partition p0 with table nt30;
Error 1736 (HY000): Tables have different definitions
## auto_increment
create table pt31 (id bigint not null primary key auto_increment) partition by hash(id) partitions 1;
create table nt31 (id bigint not null primary key);
alter table pt31 exchange partition p0 with table nt31;
Error 1736 (HY000): Tables have different definitions
## auto_random
create table pt32 (id bigint not null primary key AUTO_RANDOM) partition by hash(id) partitions 1;
create table nt32 (id bigint not null primary key);
alter table pt32 exchange partition p0 with table nt32;
Error 1736 (HY000): Tables have different definitions
## global temporary table
create table pt33 (id int) partition by hash(id) partitions 1;
create global temporary table nt33 (id int) on commit delete rows;
alter table pt33 exchange partition p0 with table nt33;
Error 1733 (HY000): Table to exchange with partition is temporary: 'nt33'
## local temporary table
create table pt34 (id int) partition by hash(id) partitions 1;
create temporary table nt34 (id int);
alter table pt34 exchange partition p0 with table nt34;
Error 1733 (HY000): Table to exchange with partition is temporary: 'nt34'
## global index
create table pt35 (a int, b int, unique index(b)) partition by hash(a) partitions 1;
create table nt35 (a int, b int, unique index(b));
alter table pt35 exchange partition p0 with table nt35;
Error 1731 (HY000): Non matching attribute 'global index: b' between partition and table
drop database partition_exchange;
use ddl__db_partition;
set tidb_enable_global_index=default;
