drop table if exists t1,t2,t3,t4;
create table t1 (a int, b int, index(a), index(b));
create table t2 (c int, foreign key (a) references t1(a));
Error 1072 (42000): Key column 'a' doesn't exist in table
create table t3 (a int, b int);
alter table t1 add foreign key (c) REFERENCES t3(a);
Error 1072 (42000): Key column 'c' doesn't exist in table
alter table t1 add foreign key (a) REFERENCES t3(a, b);
Error 1239 (42000): Incorrect foreign key definition for 'fk_1': Key reference and table reference don't match
create table t4 (c int,d int,foreign key (d) references t1 (b));
alter table t4 drop column d;
Error 1828 (HY000): Cannot drop column 'd': needed in a foreign key constraint 'fk_1'
alter table t4 change column d e bigint;
Error 3780 (HY000): Referencing column 'd' and referenced column 'b' in foreign key constraint 'fk_1' are incompatible.
alter table t4 modify column d bigint;
Error 3780 (HY000): Referencing column 'd' and referenced column 'b' in foreign key constraint 'fk_1' are incompatible.
select count(*) from information_schema.KEY_COLUMN_USAGE;
alter table t4 drop foreign key fk_1;
alter table t4 modify column d bigint;
drop table if exists t1,t2,t3,t4;
drop table if exists t;
create table t (c1 int, s1 varchar(10), s2 text);
select count(*) from information_schema.columns where table_schema = 'ddl__db_table' and table_name = 't' and character_set_name != 'utf8mb4';
count(*)
0
select count(*) from information_schema.columns where table_schema = 'ddl__db_table' and table_name = 't' and character_set_name = 'utf8mb4';
count(*)
2
create table t1(id int) charset=UTF8;
create table t2(id int) charset=BINARY;
create table t3(id int) charset=LATIN1;
create table t4(id int) charset=ASCII;
create table t5(id int) charset=UTF8MB4;
create table t11(id int) charset=utf8;
create table t12(id int) charset=binary;
create table t13(id int) charset=latin1;
create table t14(id int) charset=ascii;
create table t15(id int) charset=utf8mb4;
drop table if exists t1;
create table t1 (c1 int, c2 int as (c1 + 1));
alter table t1 with validation;
show warnings;
Level	Code	Message
Warning	8200	ALTER TABLE WITH VALIDATION is currently unsupported
alter table t1 without validation;
show warnings;
Level	Code	Message
Warning	8200	ALTER TABLE WITHOUT VALIDATION is currently unsupported
drop table if exists t1;
DROP TABLE IF EXISTS t1;
CREATE TABLE t1 (  `id` int(11) NOT NULL default '0', `id2` int(11) NOT NULL default '0', `id3` int(11) NOT NULL default '0', `dummy1` char(30) default NULL, PRIMARY KEY  (`id`,`id2`), KEY `index_id3` (`id3`));
insert into t1 (id,id2) values (1,1),(1,2),(1,3);
LOCK TABLE t1 WRITE;
select dummy1,count(distinct id) from t1 group by dummy1;
dummy1	count(distinct id)
NULL	1
update t1 set id=-1 where id=1;
LOCK TABLE t1 READ;
update t1 set id=1 where id=1;
Error 1099 (HY000): Table 't1' was locked with a READ lock and can't be updated
unlock tables;
update t1 set id=1 where id=-1;
drop table t1;
drop table if exists t;
CREATE TABLE t (
c0 int(11),
c1 int(11),
c2 decimal(16,4) GENERATED ALWAYS AS ((case when (c0 = 0) then 0when (c0 > 0) then (c1 / c0) end))
);
Error 1064 (42000): You have an error in your SQL syntax; check the manual that corresponds to your TiDB version for the right syntax to use line 4 column 83 near "then (c1 / c0) end))
);" 
create table t (a bigint, b int, c int generated always as (b+1)) partition by hash(a) partitions 4;
alter table t drop column a;
Error 3855 (HY000): Column 'a' has a partitioning function dependency and cannot be dropped or renamed
alter table t modify column c int GENERATED ALWAYS AS ((case when (a = 0) then 0when (a > 0) then (b / a) end));
Error 1064 (42000): You have an error in your SQL syntax; check the manual that corresponds to your TiDB version for the right syntax to use line 1 column 97 near "then (b / a) end));" 
alter table t add column d int GENERATED ALWAYS AS ((case when (a = 0) then 0when (a > 0) then (b / a) end));
Error 1064 (42000): You have an error in your SQL syntax; check the manual that corresponds to your TiDB version for the right syntax to use line 1 column 94 near "then (b / a) end));" 
drop table if exists t;
