use test;
drop table if exists t0, t1, t2, t3, t4, t5, t6, t7;
create table t0 (c int(10), c1 varchar(256) default (date_format(now(),'%Y-%m')));
create table t1 (c int(10), c1 datetime default (date_format(now(),'%Y-%m-%d')));
create table t2 (c int(10), c1 varchar(256) default (date_format(now(),'%Y-%m-%d %H.%i.%s')));
create table t3 (c int(10), c1 timestamp default (date_format(now(),'%Y-%m-%d %H.%i.%s')));
create table t4 (c int(10), c1 date default (date_format(now(),'%Y-%m-%d %H:%i:%s')));
create table t5 (c int(10), c1 date default (date_format(now(),_utf8mb4'%Y-%m-%d %H:%i:%s')));
create table t6 (c int(10), c1 varchar(256) default (date_format(now(),'%b %d %Y %h:%i %p')));
Error 3770 (HY000): Default value expression of column 'c1' contains a disallowed function: `KindString %b %d %Y %h:%i %p`.
create table t7 (c int(10), c1 varchar(256) default (date_format(now(),'%Y-%m-%d %H:%i:%s %p')));
Error 3770 (HY000): Default value expression of column 'c1' contains a disallowed function: `KindString %Y-%m-%d %H:%i:%s %p`.
alter table t0 add column c2 date default (date_format(now(),'%Y-%m'));
Error 1674 (HY000): Statement is unsafe because it uses a system function that may return a different value on the slave
SET @x := NOW();
insert into t0(c) values (1);
insert into t0 values (2, default);
SELECT * FROM t0 WHERE c = date_format(@x,'%Y-%m') OR c = date_format(DATE_ADD(@x, INTERVAL 1 SECOND), '%Y-%m');
c	c1
insert into t1(c) values (1);
insert into t1 values (2, default);
SELECT * FROM t1 WHERE c = date_format(@x,'%Y-%m-%d') OR c = date_format(DATE_ADD(@x, INTERVAL 1 SECOND), '%Y-%m-%d');
c	c1
insert into t2(c) values (1);
insert into t2 values (2, default);
SELECT * FROM t2 WHERE c = date_format(@x,'%Y-%m-%d %H.%i.%s') OR c = date_format(DATE_ADD(@x, INTERVAL 1 SECOND), '%Y-%m-%d %H.%i.%s');
c	c1
SET @x := NOW();
insert into t3(c) values (1);
insert into t3 values (2, default);
SELECT * FROM t3 WHERE c = date_format(@x,'%Y-%m-%d %H.%i.%s') OR c = date_format(DATE_ADD(@x, INTERVAL 1 SECOND), '%Y-%m-%d %H.%i.%s');
c	c1
insert into t4(c) values (1);
insert into t4 values (2, default);
SELECT * FROM t4 WHERE c = date_format(@x,'%Y-%m-%d %H:%i:%s') OR c = date_format(DATE_ADD(@x, INTERVAL 1 SECOND), '%Y-%m-%d %H:%i:%s');
c	c1
insert into t5(c) values (1);
insert into t5 values (2, default);
SELECT * FROM t5 WHERE c = date_format(@x,'%Y-%m-%d %H:%i:%s') OR c = date_format(DATE_ADD(@x, INTERVAL 1 SECOND), '%Y-%m-%d %H:%i:%s');
c	c1
show create table t0;
Table	Create Table
t0	CREATE TABLE `t0` (
  `c` int(10) DEFAULT NULL,
  `c1` varchar(256) DEFAULT date_format(now(), _utf8mb4'%Y-%m')
) ENGINE=InnoDB DEFAULT CHARSET=utf8mb4 COLLATE=utf8mb4_bin
show create table t1;
Table	Create Table
t1	CREATE TABLE `t1` (
  `c` int(10) DEFAULT NULL,
  `c1` datetime DEFAULT date_format(now(), _utf8mb4'%Y-%m-%d')
) ENGINE=InnoDB DEFAULT CHARSET=utf8mb4 COLLATE=utf8mb4_bin
show create table t2;
Table	Create Table
t2	CREATE TABLE `t2` (
  `c` int(10) DEFAULT NULL,
  `c1` varchar(256) DEFAULT date_format(now(), _utf8mb4'%Y-%m-%d %H.%i.%s')
) ENGINE=InnoDB DEFAULT CHARSET=utf8mb4 COLLATE=utf8mb4_bin
alter table t0 modify column c1 varchar(30) default 'xx';
alter table t1 modify column c1 varchar(30) default 'xx';
show create table t0;
Table	Create Table
t0	CREATE TABLE `t0` (
  `c` int(10) DEFAULT NULL,
  `c1` varchar(30) DEFAULT 'xx'
) ENGINE=InnoDB DEFAULT CHARSET=utf8mb4 COLLATE=utf8mb4_bin
show create table t1;
Table	Create Table
t1	CREATE TABLE `t1` (
  `c` int(10) DEFAULT NULL,
  `c1` varchar(30) DEFAULT 'xx'
) ENGINE=InnoDB DEFAULT CHARSET=utf8mb4 COLLATE=utf8mb4_bin
alter table t0 modify column c1 datetime DEFAULT (date_format(now(), '%Y-%m-%d'));
Error 1292 (22007): Incorrect datetime value: '2024-03'
alter table t1 modify column c1 datetime DEFAULT (date_format(now(), '%Y-%m-%d'));
show create table t1;
Table	Create Table
t1	CREATE TABLE `t1` (
  `c` int(10) DEFAULT NULL,
  `c1` datetime DEFAULT date_format(now(), _utf8mb4'%Y-%m-%d')
) ENGINE=InnoDB DEFAULT CHARSET=utf8mb4 COLLATE=utf8mb4_bin
SELECT column_default, extra FROM INFORMATION_SCHEMA.COLUMNS WHERE table_schema='test' AND TABLE_NAME='t1' AND COLUMN_NAME='c1';
column_default	extra
date_format(now(), _utf8mb4'%Y-%m-%d')	DEFAULT_GENERATED
show columns from test.t1 where field='c1';
Field	Type	Null	Key	Default	Extra
c1	datetime	YES		date_format(now(), _utf8mb4'%Y-%m-%d')	DEFAULT_GENERATED
drop table if exists t, t1, t2;
create table t (c int(10), c1 varchar(256) default (REPLACE(UPPER(UUID()), '-', '')));
create table t1 (c int(10), c1 int default (REPLACE(UPPER(UUID()), '-', '')));
create table t2 (c int(10), c1 varchar(256) default (REPLACE(CONVERT(UPPER(UUID()) USING UTF8MB4), '-', '')));
create table t1 (c int(10), c1 varchar(256) default (REPLACE('xdfj-jfj', '-', '')));
Error 3770 (HY000): Default value expression of column 'c1' contains a disallowed function: `REPLACE`.
create table t1 (c int(10), c1 varchar(256) default (UPPER(UUID())));
Error 3770 (HY000): Default value expression of column 'c1' contains a disallowed function: `UPPER`.
create table t1 (c int(10), c1 varchar(256) default (REPLACE(UPPER('dfdkj-kjkl-d'), '-', '')));
Error 3770 (HY000): Default value expression of column 'c1' contains a disallowed function: `REPLACE`.
alter table t add column c2 varchar(32) default (REPLACE(UPPER(UUID()), '-', ''));
Error 1674 (HY000): Statement is unsafe because it uses a system function that may return a different value on the slave
alter table t add column c3 int default (UPPER(UUID()));
Error 1674 (HY000): Statement is unsafe because it uses a system function that may return a different value on the slave
alter table t add column c4 int default (REPLACE(UPPER('dfdkj-kjkl-d'), '-', ''));
Error 1674 (HY000): Statement is unsafe because it uses a system function that may return a different value on the slave
insert into t(c) values (1),(2),(3);
insert into t values (4, default)
SELECT count(1) FROM t WHERE c1 REGEXP '^[A-Z0-9]+$';
count(1)
4
show create table t;
Table	Create Table
t	CREATE TABLE `t` (
  `c` int(10) DEFAULT NULL,
  `c1` varchar(256) DEFAULT replace(upper(uuid()), _utf8mb4'-', _utf8mb4'')
) ENGINE=InnoDB DEFAULT CHARSET=utf8mb4 COLLATE=utf8mb4_bin
show create table t1;
Table	Create Table
t1	CREATE TABLE `t1` (
  `c` int(10) DEFAULT NULL,
  `c1` int(11) DEFAULT replace(upper(uuid()), _utf8mb4'-', _utf8mb4'')
) ENGINE=InnoDB DEFAULT CHARSET=utf8mb4 COLLATE=utf8mb4_bin
show create table t2;
Table	Create Table
t2	CREATE TABLE `t2` (
  `c` int(10) DEFAULT NULL,
  `c1` varchar(256) DEFAULT replace(convert(upper(uuid()) using 'utf8mb4'), _utf8mb4'-', _utf8mb4'')
) ENGINE=InnoDB DEFAULT CHARSET=utf8mb4 COLLATE=utf8mb4_bin
alter table t1 modify column c1 varchar(30) default 'xx';
show create table t1;
Table	Create Table
t1	CREATE TABLE `t1` (
  `c` int(10) DEFAULT NULL,
  `c1` varchar(30) DEFAULT 'xx'
) ENGINE=InnoDB DEFAULT CHARSET=utf8mb4 COLLATE=utf8mb4_bin
alter table t1 modify column c1 varchar(32) default (REPLACE(UPPER(UUID()), '-', ''));
show create table t1;
Table	Create Table
t1	CREATE TABLE `t1` (
  `c` int(10) DEFAULT NULL,
  `c1` varchar(32) DEFAULT replace(upper(uuid()), _utf8mb4'-', _utf8mb4'')
) ENGINE=InnoDB DEFAULT CHARSET=utf8mb4 COLLATE=utf8mb4_bin
SELECT column_default, extra FROM INFORMATION_SCHEMA.COLUMNS WHERE table_schema='test' AND TABLE_NAME='t1' AND COLUMN_NAME='c1';
column_default	extra
replace(upper(uuid()), _utf8mb4'-', _utf8mb4'')	DEFAULT_GENERATED
drop table if exists t0, t1, t2, t3, t4, t5;
create table t0 (c int(10), c1 varchar(32) default (str_to_date('1980-01-01','%Y-%m-%d')), c2 date default (str_to_date('9999-01-01','%Y-%m-%d')));
create table t1 (c int(10), c1 int default (str_to_date('1980-01-01','%Y-%m-%d')), c2 int default (str_to_date('9999-01-01','%Y-%m-%d')));
create table t3 (c int(10), c1 varchar(32) default (str_to_date('1980-01-01','%m-%d')));
create table t4 (c int(10), c1 varchar(32) default (str_to_date('01-01','%Y-%m-%d')));
set @sqlMode := @@session.sql_mode;
set @@sql_mode='';
create table t2 (c int(10), c1 blob default (str_to_date('1980-01-01','%Y-%m-%d')), c2 blob default (str_to_date('9999-01-01','%m-%d')));
create table t5 (c int(10), c1 json default (str_to_date('9999-01-01','%Y-%m-%d')), c2 timestamp default (str_to_date('1980-01-01','%Y-%m-%d')));
set session sql_mode=@sqlMode;
create table t6 (c int(10), c1 varchar(32) default (str_to_date(upper('1980-01-01'),'%Y-%m-%d')));
Error 3770 (HY000): Default value expression of column 'c1' contains a disallowed function: `str_to_date with these args`.
create table t6 (c int(10), c1 varchar(32) default (str_to_date('1980-01-01',upper('%Y-%m-%d'))));
Error 3770 (HY000): Default value expression of column 'c1' contains a disallowed function: `str_to_date with these args`.
alter table t0 add column c3 varchar(32) default (str_to_date('1980-01-01','%Y-%m-%d'));
Error 1674 (HY000): Statement is unsafe because it uses a system function that may return a different value on the slave
alter table t0 add column c4 int default (str_to_date('1980-01-01','%Y-%m-%d'));
Error 1674 (HY000): Statement is unsafe because it uses a system function that may return a different value on the slave
insert into t0(c) values (1),(2),(3);
insert into t1(c) values (1),(2),(3);
insert into t0 values (4, default, default);
insert into t1 values (4, default, default);
insert into t3(c) values (1);
Error 1292 (22007): Incorrect datetime value: '0000-00-00 00:00:00'
insert into t4(c) values (1);
Error 1292 (22007): Incorrect datetime value: '2001-01-00 00:00:00'
insert into t5(c) values (1);
set @@sql_mode='';
insert into t2(c) values (1),(2),(3);
insert into t2 values (4, default, default);
set session sql_mode=@sqlMode;
insert into t2(c) values (5);
Error 1292 (22007): Incorrect datetime value: '0000-00-00 00:00:00'
SELECT column_default, extra FROM INFORMATION_SCHEMA.COLUMNS WHERE table_schema='test' AND TABLE_NAME='t1' AND COLUMN_NAME='c1';
column_default	extra
str_to_date(_utf8mb4'1980-01-01', _utf8mb4'%Y-%m-%d')	DEFAULT_GENERATED
drop table if exists t, t1, t2;
create table t (c int(10), c1 varchar(256) default (upper(substring_index(user(),'@',1))));
create table t1 (c int(10), c1 int default (upper(substring_index(user(),_utf8mb4'@',1))));
create table t2 (c int(10), c1 varchar(256) default (substring_index(user(),'@',1)));
Error 3770 (HY000): Default value expression of column 'c1' contains a disallowed function: `substring_index`.
create table t2 (c int(10), c1 varchar(256) default (upper(substring_index('fjks@jkkl','@',1))));
Error 3770 (HY000): Default value expression of column 'c1' contains a disallowed function: `upper`.
create table t2 (c int(10), c1 varchar(256) default (upper(substring_index(user(),'x',1))));
Error 3770 (HY000): Default value expression of column 'c1' contains a disallowed function: `KindString x`.
alter table t add column c2 varchar(32) default (upper(substring_index(user(),'@',1)));
Error 1674 (HY000): Statement is unsafe because it uses a system function that may return a different value on the slave
alter table t add column c3 int default (upper(substring_index('fjks@jkkl','@',1)));
Error 1674 (HY000): Statement is unsafe because it uses a system function that may return a different value on the slave
insert into t1(c) values (1);
Error 1292 (22007): Truncated incorrect DOUBLE value: 'ROOT'
show create table t;
Table	Create Table
t	CREATE TABLE `t` (
  `c` int(10) DEFAULT NULL,
  `c1` varchar(256) DEFAULT upper(substring_index(user(), _utf8mb4'@', 1))
) ENGINE=InnoDB DEFAULT CHARSET=utf8mb4 COLLATE=utf8mb4_bin
show create table t1;
Table	Create Table
t1	CREATE TABLE `t1` (
  `c` int(10) DEFAULT NULL,
  `c1` int(11) DEFAULT upper(substring_index(user(), _utf8mb4'@', 1))
) ENGINE=InnoDB DEFAULT CHARSET=utf8mb4 COLLATE=utf8mb4_bin
alter table t1 modify column c1 varchar(30) default 'xx';
show create table t1;
Table	Create Table
t1	CREATE TABLE `t1` (
  `c` int(10) DEFAULT NULL,
  `c1` varchar(30) DEFAULT 'xx'
) ENGINE=InnoDB DEFAULT CHARSET=utf8mb4 COLLATE=utf8mb4_bin
alter table t1 modify column c1 varchar(32) default (upper(substring_index(user(),'@',1)));
show create table t1;
Table	Create Table
t1	CREATE TABLE `t1` (
  `c` int(10) DEFAULT NULL,
  `c1` varchar(32) DEFAULT upper(substring_index(user(), _utf8mb4'@', 1))
) ENGINE=InnoDB DEFAULT CHARSET=utf8mb4 COLLATE=utf8mb4_bin
SELECT column_default, extra FROM INFORMATION_SCHEMA.COLUMNS WHERE table_schema='test' AND TABLE_NAME='t1' AND COLUMN_NAME='c1';
column_default	extra
upper(substring_index(user(), _utf8mb4'@', 1))	DEFAULT_GENERATED
drop table if exists t0, t1, t2, t3;
create table t0 (c int(10), c1 BLOB default (date_format(now(),'%Y-%m-%d')));
create table t1 (c int(10), c1 JSON default (date_format(now(),'%Y-%m-%d')));
create table t2 (c int(10), c1 ENUM('y','n') default (date_format(now(),'%Y-%m-%d')));
create table t3 (c int(10), c1 SET('y','n') default (date_format(now(),'%Y-%m-%d')));
INSERT INTO t0 values ();
INSERT INTO t0 values (1, DEFAULT);
select count(1) from t0 where c1 = date_format(now(), '%Y-%m-%d');
count(1)
2
INSERT INTO t1 values ();
Error 3140 (22032): Invalid JSON text: The document root must not be followed by other values.
INSERT INTO t1 values (1, DEFAULT);
Error 3140 (22032): Invalid JSON text: The document root must not be followed by other values.
SELECT * from t1;
c	c1
INSERT INTO t2 values ();
Error 1265 (01000): Data truncated for column '%s' at row %d
INSERT INTO t2 values (1, DEFAULT);
Error 1265 (01000): Data truncated for column '%s' at row %d
SELECT * from t2;
c	c1
INSERT INTO t3 values ();
Error 1265 (01000): Data truncated for column '%s' at row %d
INSERT INTO t3 values (1, DEFAULT);
Error 1265 (01000): Data truncated for column '%s' at row %d
SELECT * from t3;
c	c1
show create table t0;
Table	Create Table
t0	CREATE TABLE `t0` (
  `c` int(10) DEFAULT NULL,
  `c1` blob DEFAULT date_format(now(), _utf8mb4'%Y-%m-%d')
) ENGINE=InnoDB DEFAULT CHARSET=utf8mb4 COLLATE=utf8mb4_bin
show create table t1;
Table	Create Table
t1	CREATE TABLE `t1` (
  `c` int(10) DEFAULT NULL,
  `c1` json DEFAULT date_format(now(), _utf8mb4'%Y-%m-%d')
) ENGINE=InnoDB DEFAULT CHARSET=utf8mb4 COLLATE=utf8mb4_bin
show create table t2;
Table	Create Table
t2	CREATE TABLE `t2` (
  `c` int(10) DEFAULT NULL,
  `c1` enum('y','n') DEFAULT date_format(now(), _utf8mb4'%Y-%m-%d')
) ENGINE=InnoDB DEFAULT CHARSET=utf8mb4 COLLATE=utf8mb4_bin
show create table t3;
Table	Create Table
t3	CREATE TABLE `t3` (
  `c` int(10) DEFAULT NULL,
  `c1` set('y','n') DEFAULT date_format(now(), _utf8mb4'%Y-%m-%d')
) ENGINE=InnoDB DEFAULT CHARSET=utf8mb4 COLLATE=utf8mb4_bin
SELECT column_default, extra FROM INFORMATION_SCHEMA.COLUMNS WHERE table_schema='test' AND TABLE_NAME='t0' AND COLUMN_NAME='c1';
column_default	extra
date_format(now(), _utf8mb4'%Y-%m-%d')	DEFAULT_GENERATED
SELECT column_default, extra FROM INFORMATION_SCHEMA.COLUMNS WHERE table_schema='test' AND TABLE_NAME='t1' AND COLUMN_NAME='c1';
column_default	extra
date_format(now(), _utf8mb4'%Y-%m-%d')	DEFAULT_GENERATED
SELECT column_default, extra FROM INFORMATION_SCHEMA.COLUMNS WHERE table_schema='test' AND TABLE_NAME='t2' AND COLUMN_NAME='c1';
column_default	extra
date_format(now(), _utf8mb4'%Y-%m-%d')	DEFAULT_GENERATED
SELECT column_default, extra FROM INFORMATION_SCHEMA.COLUMNS WHERE table_schema='test' AND TABLE_NAME='t3' AND COLUMN_NAME='c1';
column_default	extra
date_format(now(), _utf8mb4'%Y-%m-%d')	DEFAULT_GENERATED
drop table t0, t1, t2, t3;
create table t0 (c int(10), c1 BLOB default (REPLACE(UPPER(UUID()), '-', '')));
create table t1 (c int(10), c1 JSON default (REPLACE(UPPER(UUID()), '-', '')));
create table t2 (c int(10), c1 ENUM('y','n') default (REPLACE(UPPER(UUID()), '-', '')));
create table t3 (c int(10), c1 SET('y','n') default (REPLACE(UPPER(UUID()), '-', '')));
INSERT INTO t0 values ();
INSERT INTO t0 values (1, DEFAULT);
SELECT count(1) FROM t0 WHERE c1 REGEXP '^[A-Z0-9]+$';
count(1)
2
INSERT INTO t1 values ();
Error 3140 (22032): Invalid JSON text: The document root must not be followed by other values.
INSERT INTO t1 values (1, DEFAULT);
Error 3140 (22032): Invalid JSON text: The document root must not be followed by other values.
SELECT * from t1;
c	c1
INSERT INTO t2 values ();
Error 1265 (01000): Data truncated for column '%s' at row %d
INSERT INTO t2 values (1, DEFAULT);
Error 1265 (01000): Data truncated for column '%s' at row %d
SELECT * from t2;
c	c1
INSERT INTO t3 values ();
Error 1265 (01000): Data truncated for column '%s' at row %d
INSERT INTO t3 values (1, DEFAULT);
Error 1265 (01000): Data truncated for column '%s' at row %d
SELECT * from t3;
c	c1
show create table t0;
Table	Create Table
t0	CREATE TABLE `t0` (
  `c` int(10) DEFAULT NULL,
  `c1` blob DEFAULT replace(upper(uuid()), _utf8mb4'-', _utf8mb4'')
) ENGINE=InnoDB DEFAULT CHARSET=utf8mb4 COLLATE=utf8mb4_bin
show create table t1;
Table	Create Table
t1	CREATE TABLE `t1` (
  `c` int(10) DEFAULT NULL,
  `c1` json DEFAULT replace(upper(uuid()), _utf8mb4'-', _utf8mb4'')
) ENGINE=InnoDB DEFAULT CHARSET=utf8mb4 COLLATE=utf8mb4_bin
show create table t2;
Table	Create Table
t2	CREATE TABLE `t2` (
  `c` int(10) DEFAULT NULL,
  `c1` enum('y','n') DEFAULT replace(upper(uuid()), _utf8mb4'-', _utf8mb4'')
) ENGINE=InnoDB DEFAULT CHARSET=utf8mb4 COLLATE=utf8mb4_bin
show create table t3;
Table	Create Table
t3	CREATE TABLE `t3` (
  `c` int(10) DEFAULT NULL,
  `c1` set('y','n') DEFAULT replace(upper(uuid()), _utf8mb4'-', _utf8mb4'')
) ENGINE=InnoDB DEFAULT CHARSET=utf8mb4 COLLATE=utf8mb4_bin
SELECT column_default, extra FROM INFORMATION_SCHEMA.COLUMNS WHERE table_schema='test' AND TABLE_NAME='t0' AND COLUMN_NAME='c1';
column_default	extra
replace(upper(uuid()), _utf8mb4'-', _utf8mb4'')	DEFAULT_GENERATED
SELECT column_default, extra FROM INFORMATION_SCHEMA.COLUMNS WHERE table_schema='test' AND TABLE_NAME='t1' AND COLUMN_NAME='c1';
column_default	extra
replace(upper(uuid()), _utf8mb4'-', _utf8mb4'')	DEFAULT_GENERATED
SELECT column_default, extra FROM INFORMATION_SCHEMA.COLUMNS WHERE table_schema='test' AND TABLE_NAME='t2' AND COLUMN_NAME='c1';
column_default	extra
replace(upper(uuid()), _utf8mb4'-', _utf8mb4'')	DEFAULT_GENERATED
SELECT column_default, extra FROM INFORMATION_SCHEMA.COLUMNS WHERE table_schema='test' AND TABLE_NAME='t3' AND COLUMN_NAME='c1';
column_default	extra
replace(upper(uuid()), _utf8mb4'-', _utf8mb4'')	DEFAULT_GENERATED
drop table t0, t1, t2, t3;
create table t0 (c int(10), c1 BLOB default (str_to_date('1980-01-01','%Y-%m-%d')));
create table t1 (c int(10), c1 JSON default (str_to_date('1980-01-01','%Y-%m-%d')));
create table t2 (c int(10), c1 ENUM('y','n') default (str_to_date('1980-01-01','%Y-%m-%d')));
create table t3 (c int(10), c1 SET('y','n') default (str_to_date('1980-01-01','%Y-%m-%d')));
INSERT INTO t0 values ();
INSERT INTO t0 values (1, DEFAULT);
SELECT * from t0;
c	c1
NULL	1980-01-01
1	1980-01-01
INSERT INTO t1 values ();
INSERT INTO t1 values (1, DEFAULT);
SELECT * from t1;
c	c1
NULL	"1980-01-01"
1	"1980-01-01"
INSERT INTO t2 values ();
Error 1265 (01000): Data truncated for column '%s' at row %d
INSERT INTO t2 values (1, DEFAULT);
Error 1265 (01000): Data truncated for column '%s' at row %d
SELECT * from t2;
c	c1
INSERT INTO t3 values ();
Error 1265 (01000): Data truncated for column '%s' at row %d
INSERT INTO t3 values (1, DEFAULT);
Error 1265 (01000): Data truncated for column '%s' at row %d
SELECT * from t3;
c	c1
show create table t0;
Table	Create Table
t0	CREATE TABLE `t0` (
  `c` int(10) DEFAULT NULL,
  `c1` blob DEFAULT str_to_date(_utf8mb4'1980-01-01', _utf8mb4'%Y-%m-%d')
) ENGINE=InnoDB DEFAULT CHARSET=utf8mb4 COLLATE=utf8mb4_bin
show create table t1;
Table	Create Table
t1	CREATE TABLE `t1` (
  `c` int(10) DEFAULT NULL,
  `c1` json DEFAULT str_to_date(_utf8mb4'1980-01-01', _utf8mb4'%Y-%m-%d')
) ENGINE=InnoDB DEFAULT CHARSET=utf8mb4 COLLATE=utf8mb4_bin
show create table t2;
Table	Create Table
t2	CREATE TABLE `t2` (
  `c` int(10) DEFAULT NULL,
  `c1` enum('y','n') DEFAULT str_to_date(_utf8mb4'1980-01-01', _utf8mb4'%Y-%m-%d')
) ENGINE=InnoDB DEFAULT CHARSET=utf8mb4 COLLATE=utf8mb4_bin
show create table t3;
Table	Create Table
t3	CREATE TABLE `t3` (
  `c` int(10) DEFAULT NULL,
  `c1` set('y','n') DEFAULT str_to_date(_utf8mb4'1980-01-01', _utf8mb4'%Y-%m-%d')
) ENGINE=InnoDB DEFAULT CHARSET=utf8mb4 COLLATE=utf8mb4_bin
SELECT column_default, extra FROM INFORMATION_SCHEMA.COLUMNS WHERE table_schema='test' AND TABLE_NAME='t0' AND COLUMN_NAME='c1';
column_default	extra
str_to_date(_utf8mb4'1980-01-01', _utf8mb4'%Y-%m-%d')	DEFAULT_GENERATED
SELECT column_default, extra FROM INFORMATION_SCHEMA.COLUMNS WHERE table_schema='test' AND TABLE_NAME='t1' AND COLUMN_NAME='c1';
column_default	extra
str_to_date(_utf8mb4'1980-01-01', _utf8mb4'%Y-%m-%d')	DEFAULT_GENERATED
SELECT column_default, extra FROM INFORMATION_SCHEMA.COLUMNS WHERE table_schema='test' AND TABLE_NAME='t2' AND COLUMN_NAME='c1';
column_default	extra
str_to_date(_utf8mb4'1980-01-01', _utf8mb4'%Y-%m-%d')	DEFAULT_GENERATED
SELECT column_default, extra FROM INFORMATION_SCHEMA.COLUMNS WHERE table_schema='test' AND TABLE_NAME='t3' AND COLUMN_NAME='c1';
column_default	extra
str_to_date(_utf8mb4'1980-01-01', _utf8mb4'%Y-%m-%d')	DEFAULT_GENERATED
drop table t0, t1, t2, t3;
create table t0 (c int(10), c1 BLOB default (upper(substring_index(user(),'@',1))));
create table t1 (c int(10), c1 JSON default (upper(substring_index(user(),'@',1))));
create table t2 (c int(10), c1 ENUM('y','n') default (upper(substring_index(user(),'@',1))));
create table t3 (c int(10), c1 SET('y','n') default (upper(substring_index(user(),'@',1))));
INSERT INTO t0 values ();
INSERT INTO t0 values (1, DEFAULT);
SELECT * from t0;
c	c1
NULL	ROOT
1	ROOT
INSERT INTO t1 values ();
Error 3140 (22032): Invalid JSON text: The document root must not be followed by other values.
INSERT INTO t1 values (1, DEFAULT);
Error 3140 (22032): Invalid JSON text: The document root must not be followed by other values.
SELECT * from t1;
c	c1
INSERT INTO t2 values ();
Error 1265 (01000): Data truncated for column '%s' at row %d
INSERT INTO t2 values (1, DEFAULT);
Error 1265 (01000): Data truncated for column '%s' at row %d
SELECT * from t2;
c	c1
INSERT INTO t3 values ();
Error 1265 (01000): Data truncated for column '%s' at row %d
INSERT INTO t3 values (1, DEFAULT);
Error 1265 (01000): Data truncated for column '%s' at row %d
SELECT * from t3;
c	c1
show create table t0;
Table	Create Table
t0	CREATE TABLE `t0` (
  `c` int(10) DEFAULT NULL,
  `c1` blob DEFAULT upper(substring_index(user(), _utf8mb4'@', 1))
) ENGINE=InnoDB DEFAULT CHARSET=utf8mb4 COLLATE=utf8mb4_bin
show create table t1;
Table	Create Table
t1	CREATE TABLE `t1` (
  `c` int(10) DEFAULT NULL,
  `c1` json DEFAULT upper(substring_index(user(), _utf8mb4'@', 1))
) ENGINE=InnoDB DEFAULT CHARSET=utf8mb4 COLLATE=utf8mb4_bin
show create table t2;
Table	Create Table
t2	CREATE TABLE `t2` (
  `c` int(10) DEFAULT NULL,
  `c1` enum('y','n') DEFAULT upper(substring_index(user(), _utf8mb4'@', 1))
) ENGINE=InnoDB DEFAULT CHARSET=utf8mb4 COLLATE=utf8mb4_bin
show create table t3;
Table	Create Table
t3	CREATE TABLE `t3` (
  `c` int(10) DEFAULT NULL,
  `c1` set('y','n') DEFAULT upper(substring_index(user(), _utf8mb4'@', 1))
) ENGINE=InnoDB DEFAULT CHARSET=utf8mb4 COLLATE=utf8mb4_bin
drop table t0, t1, t2, t3;
SELECT column_default, extra FROM INFORMATION_SCHEMA.COLUMNS WHERE table_schema='test' AND TABLE_NAME='t0' AND COLUMN_NAME='c1';
column_default	extra
SELECT column_default, extra FROM INFORMATION_SCHEMA.COLUMNS WHERE table_schema='test' AND TABLE_NAME='t1' AND COLUMN_NAME='c1';
column_default	extra
SELECT column_default, extra FROM INFORMATION_SCHEMA.COLUMNS WHERE table_schema='test' AND TABLE_NAME='t2' AND COLUMN_NAME='c1';
column_default	extra
SELECT column_default, extra FROM INFORMATION_SCHEMA.COLUMNS WHERE table_schema='test' AND TABLE_NAME='t3' AND COLUMN_NAME='c1';
column_default	extra
create table t0 (c int(10), c1 int auto_increment default (str_to_date('1980-01-01','%Y-%m-%d')));
Error 1067 (42000): Invalid default value for 'c1'
CREATE TABLE t0 (id int, c int);
insert into t0(id) values (1);
alter table t0 modify column c int auto_increment default (str_to_date('1980-01-01','%Y-%m-%d'));
Error 1067 (42000): Invalid default value for 'c'
ALTER TABLE t0 MODIFY COLUMN c INT PRIMARY KEY DEFAULT(str_to_date('1980-01-01','%Y-%m-%d'));
Error 8200 (HY000): can't change column constraint (PRIMARY KEY)
ALTER TABLE t0 ALTER COLUMN c SET DEFAULT(str_to_date('1980-01-01','%Y-%m-%d'));
insert into t0(id) values (2);
drop table t0;
CREATE TABLE t1 (i INT, b int DEFAULT (str_to_date('1980-01-01','%Y-%m-%d')), c INT GENERATED ALWAYS AS (b+2));
SHOW COLUMNS FROM t1;
Field	Type	Null	Key	Default	Extra
i	int(11)	YES		NULL	
b	int(11)	YES		str_to_date(_utf8mb4'1980-01-01', _utf8mb4'%Y-%m-%d')	DEFAULT_GENERATED
c	int(11)	YES		NULL	VIRTUAL GENERATED
show create table t1;
Table	Create Table
t1	CREATE TABLE `t1` (
  `i` int(11) DEFAULT NULL,
  `b` int(11) DEFAULT str_to_date(_utf8mb4'1980-01-01', _utf8mb4'%Y-%m-%d'),
  `c` int(11) GENERATED ALWAYS AS (`b` + 2) VIRTUAL
) ENGINE=InnoDB DEFAULT CHARSET=utf8mb4 COLLATE=utf8mb4_bin
INSERT INTO t1(i) VALUES (1);
INSERT INTO t1(i, b) VALUES (2, DEFAULT);
INSERT INTO t1(i, b) VALUES (3, 123);
INSERT INTO t1(i, b) VALUES (NULL, NULL);
SELECT * FROM t1;
i	b	c
1	19800101	19800103
2	19800101	19800103
3	123	125
NULL	NULL	NULL
drop table t1;
