drop table if exists t0;
create table t0(c0 tinyint(1) unsigned not null );
insert into t0 values (1);
select * from t0 where case 0 when t0.c0 > -1.194192591e9 then null else 1 end;
c0
1
select t0.c0 > -1.194192591e9 from t0;
t0.c0 > -1.194192591e9
1
select t0.c0 < -1.194192591e9 from t0;
t0.c0 < -1.194192591e9
0
select -1.194192591e9 > t0.c0 from t0;
-1.194192591e9 > t0.c0
0
select -1.194192591e9 < t0.c0 from t0;
-1.194192591e9 < t0.c0
1
select t0.c0 > 1.194192591e9 from t0;
t0.c0 > 1.194192591e9
0
select t0.c0 < 1.194192591e9 from t0;
t0.c0 < 1.194192591e9
1
select 1.194192591e9 > t0.c0 from t0;
1.194192591e9 > t0.c0
1
select 1.194192591e9 < t0.c0 from t0;
1.194192591e9 < t0.c0
0
drop table if exists test;
CREATE TABLE `test` (
`id` bigint(20) NOT NULL,
`update_user` varchar(32) DEFAULT NULL,
PRIMARY KEY (`id`) /*T![clustered_index] CLUSTERED */
) ENGINE=InnoDB DEFAULT CHARSET=utf8mb4 COLLATE=utf8mb4_bin;
insert into test values(1,'张三');
insert into test values(2,'李四');
insert into test values(3,'张三');
insert into test values(4,'李四');
select * from test order by cast(update_user as char character set gbk) desc , id limit 3;
id	update_user
1	张三
3	张三
2	李四
drop table test;
CREATE TABLE `test` (
`id` bigint NOT NULL,
`update_user` varchar(32) CHARACTER SET gbk COLLATE gbk_chinese_ci DEFAULT NULL,
PRIMARY KEY (`id`)
) ENGINE=InnoDB DEFAULT CHARSET=utf8mb4 COLLATE=utf8mb4_bin;
insert into test values(1,'张三');
insert into test values(2,'李四');
insert into test values(3,'张三');
insert into test values(4,'李四');
select * from test order by cast(update_user as char) desc , id limit 3;
id	update_user
2	李四
4	李四
1	张三
