SELECT FORMAT('1.234',1,'id_ID');
FORMAT('1.234',1,'id_ID')
1,2
SELECT FORMAT('1.234',2,'id_ID');
FORMAT('1.234',2,'id_ID')
1,23
SELECT FORMAT('1.234',3,'id_ID');
FORMAT('1.234',3,'id_ID')
1,234
SELECT FORMAT('1.234',4,'id_ID');
FORMAT('1.234',4,'id_ID')
1,2340
SELECT FORMAT('1.234',1,'xxxxxx');
FORMAT('1.234',1,'xxxxxx')
1.2
SHOW WARNINGS;
Level	Code	Message
Warning	1649	Unknown locale: 'xxxxxx'
SELECT FORMAT(12345678.9,4,'nl_BE');
FORMAT(12345678.9,4,'nl_BE')
12.345.678,9000
SELECT FORMAT(12345678.9,4,'fr_BE');
FORMAT(12345678.9,4,'fr_BE')
12 345 678,9000
SELECT FORMAT(12345678.9,4,'en_IN');
FORMAT(12345678.9,4,'en_IN')
1,23,45,678.9000
SELECT FORMAT(12345678.9,4,'de_CH');
FORMAT(12345678.9,4,'de_CH')
12’345’678.9000
SELECT FORMAT(12345678.9,4,'no_NO');
FORMAT(12345678.9,4,'no_NO')
12,345,678.9000
SELECT FORMAT(12345678.9,4,'bg_BG');
FORMAT(12345678.9,4,'bg_BG')
12 345 678,9000
SELECT FORMAT(12345678.9,4,'ar_SA');
FORMAT(12345678.9,4,'ar_SA')
12,345,678.9000
SELECT FORMAT(12345678.9,4,'es_MX');
FORMAT(12345678.9,4,'es_MX')
12,345,678.9000
SELECT FORMAT(12345678.9,4,'ps_AF');
FORMAT(12345678.9,4,'ps_AF')
12.345.678,9000
SELECT FORMAT(12345678.9,4,'kv_RU');
FORMAT(12345678.9,4,'kv_RU')
12,345,678.9000
SELECT FORMAT(12345678.9,4,'bn');
FORMAT(12345678.9,4,'bn')
১,২৩,৪৫,৬৭৮.৯০০০
SELECT FORMAT(12345678.9,999999999999999999,'de_CH');
FORMAT(12345678.9,999999999999999999,'de_CH')
12’345’678.900000000372529029846191406250
SELECT FORMAT(12345678.9,9999999999999999999,'de_CH');
FORMAT(12345678.9,9999999999999999999,'de_CH')
12’345’679
SELECT FORMAT(12345678.9,99999999999999999999,'de_CH');
FORMAT(12345678.9,99999999999999999999,'de_CH')
12’345’678.900000000372529029846191406250
Level	Code	Message
Warning	1292	Truncated incorrect DECIMAL value: '99999999999999999999'
SELECT FORMAT(12345678.9,29,'de_CH');
FORMAT(12345678.9,29,'de_CH')
12’345’678.90000000037252902984619140625
SELECT FORMAT(12345678.9,30,'de_CH');
FORMAT(12345678.9,30,'de_CH')
12’345’678.900000000372529029846191406250
SELECT FORMAT(12345678.9,31,'de_CH');
FORMAT(12345678.9,31,'de_CH')
12’345’678.900000000372529029846191406250
SELECT FORMAT(NULL, 4), FORMAT(12332.2, NULL);
FORMAT(NULL, 4)	FORMAT(12332.2, NULL)
NULL	NULL
SELECT FORMAT(1.04, 1);
FORMAT(1.04, 1)
1.0
SELECT FORMAT(1.05, 1);
FORMAT(1.05, 1)
1.1
SELECT FORMAT(1.06, 1);
FORMAT(1.06, 1)
1.1
SELECT FORMAT(2.5, 0);
FORMAT(2.5, 0)
3
SELECT FORMAT(1.06, 1.4);
FORMAT(1.06, 1.4)
1.1
SELECT FORMAT(1.06, 1.6);
FORMAT(1.06, 1.6)
1.06
SELECT FORMAT(.45, 3);
FORMAT(.45, 3)
0.450
SELECT FORMAT(-.45, 3);
FORMAT(-.45, 3)
-0.450
WITH RECURSIVE cte(n) AS (
SELECT 1 n
UNION ALL
SELECT 100+n FROM cte WHERE n<1000
)
SELECT FORMAT(n+0.01,3,'foo_bar') FROM cte;
FORMAT(n+0.01,3,'foo_bar')
1.010
101.010
201.010
301.010
401.010
501.010
601.010
701.010
801.010
901.010
1,001.010
SHOW WARNINGS;
Level	Code	Message
Warning	1649	Unknown locale: 'foo_bar'
Warning	1649	Unknown locale: 'foo_bar'
Warning	1649	Unknown locale: 'foo_bar'
Warning	1649	Unknown locale: 'foo_bar'
Warning	1649	Unknown locale: 'foo_bar'
Warning	1649	Unknown locale: 'foo_bar'
Warning	1649	Unknown locale: 'foo_bar'
Warning	1649	Unknown locale: 'foo_bar'
Warning	1649	Unknown locale: 'foo_bar'
Warning	1649	Unknown locale: 'foo_bar'
Warning	1649	Unknown locale: 'foo_bar'
