select dayname("1962-03-01")+0;
dayname("1962-03-01")+0
3
select dayname("1962-03-02")+0;
dayname("1962-03-02")+0
4
select dayname("1962-03-03")+0;
dayname("1962-03-03")+0
5
select dayname("1962-03-04")+0;
dayname("1962-03-04")+0
6
select dayname("1962-03-05")+0;
dayname("1962-03-05")+0
0
select dayname("1962-03-06")+0;
dayname("1962-03-06")+0
1
select dayname("1962-03-07")+0;
dayname("1962-03-07")+0
2
select dayname("1962-03-08")+0;
dayname("1962-03-08")+0
3
select dayname("1962-03-01")+1;
dayname("1962-03-01")+1
4
select dayname("1962-03-01")+2;
dayname("1962-03-01")+2
5
select dayname("1962-03-01")+3;
dayname("1962-03-01")+3
6
select dayname("1962-03-01")+4;
dayname("1962-03-01")+4
7
select dayname("1962-03-01")+5;
dayname("1962-03-01")+5
8
select dayname("1962-03-01")+6;
dayname("1962-03-01")+6
9
select dayname("1962-03-01")+7;
dayname("1962-03-01")+7
10
select dayname("1962-03-01")+2333;
dayname("1962-03-01")+2333
2336
select dayname("1962-03-01")+2.333;
dayname("1962-03-01")+2.333
5.333
select dayname("1962-03-01")>2;
dayname("1962-03-01")>2
1
select dayname("1962-03-01")<2;
dayname("1962-03-01")<2
0
select dayname("1962-03-01")=3;
dayname("1962-03-01")=3
1
select dayname("1962-03-01")!=3;
dayname("1962-03-01")!=3
0
select dayname("1962-03-01")<4;
dayname("1962-03-01")<4
1
select dayname("1962-03-01")>4;
dayname("1962-03-01")>4
0
select !dayname("1962-03-01");
!dayname("1962-03-01")
0
select dayname("1962-03-01")&1;
dayname("1962-03-01")&1
1
select dayname("1962-03-01")&3;
dayname("1962-03-01")&3
3
select dayname("1962-03-01")&7;
dayname("1962-03-01")&7
3
select dayname("1962-03-01")|1;
dayname("1962-03-01")|1
3
select dayname("1962-03-01")|3;
dayname("1962-03-01")|3
3
select dayname("1962-03-01")|7;
dayname("1962-03-01")|7
7
select dayname("1962-03-01")^1;
dayname("1962-03-01")^1
2
select dayname("1962-03-01")^3;
dayname("1962-03-01")^3
0
select dayname("1962-03-01")^7;
dayname("1962-03-01")^7
4
drop table if exists t;
create table t (a bigint primary key, b timestamp);
insert into t values (1, "2019-04-29 11:56:12");
explain format = 'brief' select * from t where b = (select max(b) from t);
id	estRows	task	access object	operator info
TableReader	10.00	root		data:Selection
└─Selection	10.00	cop[tikv]		eq(expression__time.t.b, 2019-04-29 11:56:12)
  └─TableFullScan	10000.00	cop[tikv]	table:t	keep order:false, stats:pseudo
select * from t where b = (select max(b) from t);
a	b
1	2019-04-29 11:56:12
SELECT "1900-01-01 00:00:00" + INTERVAL 1.123456789e3 SECOND;
"1900-01-01 00:00:00" + INTERVAL 1.123456789e3 SECOND
1900-01-01 00:18:43.456789
SELECT 19000101000000 + INTERVAL 1.123456789e3 SECOND;
19000101000000 + INTERVAL 1.123456789e3 SECOND
1900-01-01 00:18:43.456789
select date("1900-01-01") + interval 1.123456789e3 second;
date("1900-01-01") + interval 1.123456789e3 second
1900-01-01 00:18:43.456789
SELECT "1900-01-01 00:18:43.456789" - INTERVAL 1.123456789e3 SECOND;
"1900-01-01 00:18:43.456789" - INTERVAL 1.123456789e3 SECOND
1900-01-01 00:00:00
SELECT 19000101001843.456789 - INTERVAL 1.123456789e3 SECOND;
19000101001843.456789 - INTERVAL 1.123456789e3 SECOND
1900-01-01 00:00:00
SELECT 19000101000000.0005 + INTERVAL 0.0005 SECOND;
19000101000000.0005 + INTERVAL 0.0005 SECOND
1900-01-01 00:00:00.001000
select date("1900-01-01") - interval 1.123456789e3 second;
date("1900-01-01") - interval 1.123456789e3 second
1899-12-31 23:41:16.543211
select 19000101000000 - interval 1.123456789e3 second;
19000101000000 - interval 1.123456789e3 second
1899-12-31 23:41:16.543211
drop table if exists t;
create table t(a datetime(6), b timestamp);
insert t values (20010101100000.123456, 20110707101112.123456);
select * from t;
a	b
2001-01-01 10:00:00.123456	2011-07-07 10:11:12
set time_zone = 'CET';
drop table if exists t;
create table t(ts timestamp);
set time_zone = 'UTC';
insert into t values('2022-03-27 00:30:00');
insert into t values('2022-10-30 00:30:00');
insert into t values('2022-10-30 01:30:00');
set time_zone = 'Europe/Amsterdam';
insert into t values('2022-03-27 02:30:00');
Error 1292: Incorrect timestamp value: '2022-03-27 02:30:00' for column 'ts' at row 1
select date_add(ts, interval 1 hour) from t order by ts;
date_add(ts, interval 1 hour)
2022-03-27 02:30:00
2022-10-30 03:30:00
2022-10-30 03:30:00
set time_zone = default;
drop table if exists t;
create table t(a date);
insert into t values ('2021-08-20');
select timestampadd(microsecond, 1, a) from t;
timestampadd(microsecond, 1, a)
2021-08-20 00:00:00.000001
select timestampadd(second, 6/4, a) from t;
timestampadd(second, 6/4, a)
2021-08-20 00:00:01.500000
select timestampadd(second, 9.9999e2, a) from t;
timestampadd(second, 9.9999e2, a)
2021-08-20 00:16:39.990000
select timestampadd(second, 1, '2021-08-20 00:00:01.0001');
timestampadd(second, 1, '2021-08-20 00:00:01.0001')
2021-08-20 00:00:02.000100
select timestampadd(minute, 1.5, '2021-08-20 00:00:00');
timestampadd(minute, 1.5, '2021-08-20 00:00:00')
2021-08-20 00:02:00
select timestampadd(minute, 1.5, '2021-08-20 00:00:00.0001');
timestampadd(minute, 1.5, '2021-08-20 00:00:00.0001')
2021-08-20 00:02:00.000100
SELECT timestampadd(year,1.212208e+308,'1995-01-05 06:32:20.859724') as result;
result
NULL
show warnings;
Level	Code	Message
