select dayname("1962-03-01")+0;
dayname("1962-03-01")+0
3
select dayname("1962-03-02")+0;
dayname("1962-03-02")+0
4
select dayname("1962-03-03")+0;
dayname("1962-03-03")+0
5
select dayname("1962-03-04")+0;
dayname("1962-03-04")+0
6
select dayname("1962-03-05")+0;
dayname("1962-03-05")+0
0
select dayname("1962-03-06")+0;
dayname("1962-03-06")+0
1
select dayname("1962-03-07")+0;
dayname("1962-03-07")+0
2
select dayname("1962-03-08")+0;
dayname("1962-03-08")+0
3
select dayname("1962-03-01")+1;
dayname("1962-03-01")+1
4
select dayname("1962-03-01")+2;
dayname("1962-03-01")+2
5
select dayname("1962-03-01")+3;
dayname("1962-03-01")+3
6
select dayname("1962-03-01")+4;
dayname("1962-03-01")+4
7
select dayname("1962-03-01")+5;
dayname("1962-03-01")+5
8
select dayname("1962-03-01")+6;
dayname("1962-03-01")+6
9
select dayname("1962-03-01")+7;
dayname("1962-03-01")+7
10
select dayname("1962-03-01")+2333;
dayname("1962-03-01")+2333
2336
select dayname("1962-03-01")+2.333;
dayname("1962-03-01")+2.333
5.333
select dayname("1962-03-01")>2;
dayname("1962-03-01")>2
1
select dayname("1962-03-01")<2;
dayname("1962-03-01")<2
0
select dayname("1962-03-01")=3;
dayname("1962-03-01")=3
1
select dayname("1962-03-01")!=3;
dayname("1962-03-01")!=3
0
select dayname("1962-03-01")<4;
dayname("1962-03-01")<4
1
select dayname("1962-03-01")>4;
dayname("1962-03-01")>4
0
select !dayname("1962-03-01");
!dayname("1962-03-01")
0
select dayname("1962-03-01")&1;
dayname("1962-03-01")&1
1
select dayname("1962-03-01")&3;
dayname("1962-03-01")&3
3
select dayname("1962-03-01")&7;
dayname("1962-03-01")&7
3
select dayname("1962-03-01")|1;
dayname("1962-03-01")|1
3
select dayname("1962-03-01")|3;
dayname("1962-03-01")|3
3
select dayname("1962-03-01")|7;
dayname("1962-03-01")|7
7
select dayname("1962-03-01")^1;
dayname("1962-03-01")^1
2
select dayname("1962-03-01")^3;
dayname("1962-03-01")^3
0
select dayname("1962-03-01")^7;
dayname("1962-03-01")^7
4
drop table if exists t;
create table t (a bigint primary key, b timestamp);
insert into t values (1, "2019-04-29 11:56:12");
explain format = 'brief' select * from t where b = (select max(b) from t);
id	estRows	task	access object	operator info
TableReader	10.00	root		data:Selection
└─Selection	10.00	cop[tikv]		eq(expression__time.t.b, 2019-04-29 11:56:12)
  └─TableFullScan	10000.00	cop[tikv]	table:t	keep order:false, stats:pseudo
select * from t where b = (select max(b) from t);
a	b
1	2019-04-29 11:56:12
SELECT "1900-01-01 00:00:00" + INTERVAL 1.123456789e3 SECOND;
"1900-01-01 00:00:00" + INTERVAL 1.123456789e3 SECOND
1900-01-01 00:18:43.456789
SELECT 19000101000000 + INTERVAL 1.123456789e3 SECOND;
19000101000000 + INTERVAL 1.123456789e3 SECOND
1900-01-01 00:18:43.456789
select date("1900-01-01") + interval 1.123456789e3 second;
date("1900-01-01") + interval 1.123456789e3 second
1900-01-01 00:18:43.456789
SELECT "1900-01-01 00:18:43.456789" - INTERVAL 1.123456789e3 SECOND;
"1900-01-01 00:18:43.456789" - INTERVAL 1.123456789e3 SECOND
1900-01-01 00:00:00
SELECT 19000101001843.456789 - INTERVAL 1.123456789e3 SECOND;
19000101001843.456789 - INTERVAL 1.123456789e3 SECOND
1900-01-01 00:00:00
SELECT 19000101000000.0005 + INTERVAL 0.0005 SECOND;
19000101000000.0005 + INTERVAL 0.0005 SECOND
1900-01-01 00:00:00.001000
select date("1900-01-01") - interval 1.123456789e3 second;
date("1900-01-01") - interval 1.123456789e3 second
1899-12-31 23:41:16.543211
select 19000101000000 - interval 1.123456789e3 second;
19000101000000 - interval 1.123456789e3 second
1899-12-31 23:41:16.543211
drop table if exists t;
create table t(a datetime(6), b timestamp);
insert t values (20010101100000.123456, 20110707101112.123456);
select * from t;
a	b
2001-01-01 10:00:00.123456	2011-07-07 10:11:12
set time_zone = 'CET';
drop table if exists t;
create table t(ts timestamp);
set time_zone = 'UTC';
insert into t values('2022-03-27 00:30:00');
insert into t values('2022-10-30 00:30:00');
insert into t values('2022-10-30 01:30:00');
set time_zone = 'Europe/Amsterdam';
insert into t values('2022-03-27 02:30:00');
Error 1292 (22007): Incorrect timestamp value: '2022-03-27 02:30:00' for column 'ts' at row 1
select date_add(ts, interval 1 hour) from t order by ts;
date_add(ts, interval 1 hour)
2022-03-27 02:30:00
2022-10-30 03:30:00
2022-10-30 03:30:00
set time_zone = default;
drop table if exists t;
create table t(a date);
insert into t values ('2021-08-20');
select timestampadd(microsecond, 1, a) from t;
timestampadd(microsecond, 1, a)
2021-08-20 00:00:00.000001
select timestampadd(second, 6/4, a) from t;
timestampadd(second, 6/4, a)
2021-08-20 00:00:01.500000
select timestampadd(second, 9.9999e2, a) from t;
timestampadd(second, 9.9999e2, a)
2021-08-20 00:16:39.990000
select timestampadd(second, 1, '2021-08-20 00:00:01.0001');
timestampadd(second, 1, '2021-08-20 00:00:01.0001')
2021-08-20 00:00:02.000100
select timestampadd(minute, 1.5, '2021-08-20 00:00:00');
timestampadd(minute, 1.5, '2021-08-20 00:00:00')
2021-08-20 00:02:00
select timestampadd(minute, 1.5, '2021-08-20 00:00:00.0001');
timestampadd(minute, 1.5, '2021-08-20 00:00:00.0001')
2021-08-20 00:02:00.000100
SELECT timestampadd(year,1.212208e+308,'1995-01-05 06:32:20.859724') as result;
result
NULL
Level	Code	Message
Warning	1441	Datetime function: datetime field overflow
select DATE_ADD('2007-03-28 22:08:28',INTERVAL -2 SECOND_MICROSECOND);
DATE_ADD('2007-03-28 22:08:28',INTERVAL -2 SECOND_MICROSECOND)
2007-03-28 22:08:27.800000
select DATE_ADD('2007-03-28 22:08:28',INTERVAL -2 MINUTE_MICROSECOND);
DATE_ADD('2007-03-28 22:08:28',INTERVAL -2 MINUTE_MICROSECOND)
2007-03-28 22:08:27.800000
select DATE_ADD('2007-03-28 22:08:28',INTERVAL -2 HOUR_MICROSECOND);
DATE_ADD('2007-03-28 22:08:28',INTERVAL -2 HOUR_MICROSECOND)
2007-03-28 22:08:27.800000
select DATE_ADD('2007-03-28 22:08:28',INTERVAL -2 DAY_MICROSECOND);
DATE_ADD('2007-03-28 22:08:28',INTERVAL -2 DAY_MICROSECOND)
2007-03-28 22:08:27.800000
select DATE_ADD('2007-03-28 22:08:28',INTERVAL 2.2 HOUR_MINUTE);
DATE_ADD('2007-03-28 22:08:28',INTERVAL 2.2 HOUR_MINUTE)
2007-03-29 00:10:28
select DATE_ADD('2007-03-28 22:08:28',INTERVAL 2.2 MINUTE_SECOND);
DATE_ADD('2007-03-28 22:08:28',INTERVAL 2.2 MINUTE_SECOND)
2007-03-28 22:10:30
select DATE_ADD('2007-03-28 22:08:28',INTERVAL 2.2 YEAR_MONTH);
DATE_ADD('2007-03-28 22:08:28',INTERVAL 2.2 YEAR_MONTH)
2009-05-28 22:08:28
select DATE_ADD('2007-03-28 22:08:28',INTERVAL 2.2 DAY_HOUR);
DATE_ADD('2007-03-28 22:08:28',INTERVAL 2.2 DAY_HOUR)
2007-03-31 00:08:28
select DATE_ADD('2007-03-28 22:08:28',INTERVAL 2.2 DAY_MINUTE);
DATE_ADD('2007-03-28 22:08:28',INTERVAL 2.2 DAY_MINUTE)
2007-03-29 00:10:28
select DATE_ADD('2007-03-28 22:08:28',INTERVAL 2.2 DAY_SECOND);
DATE_ADD('2007-03-28 22:08:28',INTERVAL 2.2 DAY_SECOND)
2007-03-28 22:10:30
select DATE_ADD('2007-03-28 22:08:28',INTERVAL 2.2 HOUR_SECOND);
DATE_ADD('2007-03-28 22:08:28',INTERVAL 2.2 HOUR_SECOND)
2007-03-28 22:10:30
select DATE_ADD('2007-03-28 22:08:28',INTERVAL 2.2 SECOND);
DATE_ADD('2007-03-28 22:08:28',INTERVAL 2.2 SECOND)
2007-03-28 22:08:30.200000
select DATE_ADD('2007-03-28 22:08:28',INTERVAL 2.2 YEAR);
DATE_ADD('2007-03-28 22:08:28',INTERVAL 2.2 YEAR)
2009-03-28 22:08:28
select DATE_ADD('2007-03-28 22:08:28',INTERVAL 2.2 QUARTER);
DATE_ADD('2007-03-28 22:08:28',INTERVAL 2.2 QUARTER)
2007-09-28 22:08:28
select DATE_ADD('2007-03-28 22:08:28',INTERVAL 2.2 MONTH);
DATE_ADD('2007-03-28 22:08:28',INTERVAL 2.2 MONTH)
2007-05-28 22:08:28
select DATE_ADD('2007-03-28 22:08:28',INTERVAL 2.2 WEEK);
DATE_ADD('2007-03-28 22:08:28',INTERVAL 2.2 WEEK)
2007-04-11 22:08:28
select DATE_ADD('2007-03-28 22:08:28',INTERVAL 2.2 DAY);
DATE_ADD('2007-03-28 22:08:28',INTERVAL 2.2 DAY)
2007-03-30 22:08:28
select DATE_ADD('2007-03-28 22:08:28',INTERVAL 2.2 HOUR);
DATE_ADD('2007-03-28 22:08:28',INTERVAL 2.2 HOUR)
2007-03-29 00:08:28
select DATE_ADD('2007-03-28 22:08:28',INTERVAL 2.2 MINUTE);
DATE_ADD('2007-03-28 22:08:28',INTERVAL 2.2 MINUTE)
2007-03-28 22:10:28
select DATE_ADD('2007-03-28 22:08:28',INTERVAL 2.2 MICROSECOND);
DATE_ADD('2007-03-28 22:08:28',INTERVAL 2.2 MICROSECOND)
2007-03-28 22:08:28.000002
select DATE_ADD('2007-03-28 22:08:28',INTERVAL -2.2 HOUR_MINUTE);
DATE_ADD('2007-03-28 22:08:28',INTERVAL -2.2 HOUR_MINUTE)
2007-03-28 20:06:28
select DATE_ADD('2007-03-28 22:08:28',INTERVAL -2.2 MINUTE_SECOND);
DATE_ADD('2007-03-28 22:08:28',INTERVAL -2.2 MINUTE_SECOND)
2007-03-28 22:06:26
select DATE_ADD('2007-03-28 22:08:28',INTERVAL -2.2 YEAR_MONTH);
DATE_ADD('2007-03-28 22:08:28',INTERVAL -2.2 YEAR_MONTH)
2005-01-28 22:08:28
select DATE_ADD('2007-03-28 22:08:28',INTERVAL -2.2 DAY_HOUR);
DATE_ADD('2007-03-28 22:08:28',INTERVAL -2.2 DAY_HOUR)
2007-03-26 20:08:28
select DATE_ADD('2007-03-28 22:08:28',INTERVAL -2.2 DAY_MINUTE);
DATE_ADD('2007-03-28 22:08:28',INTERVAL -2.2 DAY_MINUTE)
2007-03-28 20:06:28
select DATE_ADD('2007-03-28 22:08:28',INTERVAL -2.2 DAY_SECOND);
DATE_ADD('2007-03-28 22:08:28',INTERVAL -2.2 DAY_SECOND)
2007-03-28 22:06:26
select DATE_ADD('2007-03-28 22:08:28',INTERVAL -2.2 HOUR_SECOND);
DATE_ADD('2007-03-28 22:08:28',INTERVAL -2.2 HOUR_SECOND)
2007-03-28 22:06:26
select DATE_ADD('2007-03-28 22:08:28',INTERVAL -2.2 YEAR);
DATE_ADD('2007-03-28 22:08:28',INTERVAL -2.2 YEAR)
2005-03-28 22:08:28
select DATE_ADD('2007-03-28 22:08:28',INTERVAL -2.2 QUARTER);
DATE_ADD('2007-03-28 22:08:28',INTERVAL -2.2 QUARTER)
2006-09-28 22:08:28
select DATE_ADD('2007-03-28 22:08:28',INTERVAL -2.2 MONTH);
DATE_ADD('2007-03-28 22:08:28',INTERVAL -2.2 MONTH)
2007-01-28 22:08:28
select DATE_ADD('2007-03-28 22:08:28',INTERVAL -2.2 WEEK);
DATE_ADD('2007-03-28 22:08:28',INTERVAL -2.2 WEEK)
2007-03-14 22:08:28
select DATE_ADD('2007-03-28 22:08:28',INTERVAL -2.2 DAY);
DATE_ADD('2007-03-28 22:08:28',INTERVAL -2.2 DAY)
2007-03-26 22:08:28
select DATE_ADD('2007-03-28 22:08:28',INTERVAL -2.2 HOUR);
DATE_ADD('2007-03-28 22:08:28',INTERVAL -2.2 HOUR)
2007-03-28 20:08:28
select DATE_ADD('2007-03-28 22:08:28',INTERVAL -2.2 MINUTE);
DATE_ADD('2007-03-28 22:08:28',INTERVAL -2.2 MINUTE)
2007-03-28 22:06:28
select DATE_ADD('2007-03-28 22:08:28',INTERVAL -2.2 MICROSECOND);
DATE_ADD('2007-03-28 22:08:28',INTERVAL -2.2 MICROSECOND)
2007-03-28 22:08:27.999998
select DATE_ADD('2007-03-28 22:08:28',INTERVAL "-2.2" HOUR_MINUTE);
DATE_ADD('2007-03-28 22:08:28',INTERVAL "-2.2" HOUR_MINUTE)
2007-03-28 20:06:28
select DATE_ADD('2007-03-28 22:08:28',INTERVAL "-2.2" MINUTE_SECOND);
DATE_ADD('2007-03-28 22:08:28',INTERVAL "-2.2" MINUTE_SECOND)
2007-03-28 22:06:26
select DATE_ADD('2007-03-28 22:08:28',INTERVAL "-2.2" YEAR_MONTH);
DATE_ADD('2007-03-28 22:08:28',INTERVAL "-2.2" YEAR_MONTH)
2005-01-28 22:08:28
select DATE_ADD('2007-03-28 22:08:28',INTERVAL "-2.2" DAY_HOUR);
DATE_ADD('2007-03-28 22:08:28',INTERVAL "-2.2" DAY_HOUR)
2007-03-26 20:08:28
select DATE_ADD('2007-03-28 22:08:28',INTERVAL "-2.2" DAY_MINUTE);
DATE_ADD('2007-03-28 22:08:28',INTERVAL "-2.2" DAY_MINUTE)
2007-03-28 20:06:28
select DATE_ADD('2007-03-28 22:08:28',INTERVAL "-2.2" DAY_SECOND);
DATE_ADD('2007-03-28 22:08:28',INTERVAL "-2.2" DAY_SECOND)
2007-03-28 22:06:26
select DATE_ADD('2007-03-28 22:08:28',INTERVAL "-2.2" HOUR_SECOND);
DATE_ADD('2007-03-28 22:08:28',INTERVAL "-2.2" HOUR_SECOND)
2007-03-28 22:06:26
select DATE_ADD('2007-03-28 22:08:28',INTERVAL "-2.2" SECOND);
DATE_ADD('2007-03-28 22:08:28',INTERVAL "-2.2" SECOND)
2007-03-28 22:08:25.800000
select DATE_ADD('2007-03-28 22:08:28',INTERVAL "-2.2" YEAR);
DATE_ADD('2007-03-28 22:08:28',INTERVAL "-2.2" YEAR)
2005-03-28 22:08:28
select DATE_ADD('2007-03-28 22:08:28',INTERVAL "-2.2" QUARTER);
DATE_ADD('2007-03-28 22:08:28',INTERVAL "-2.2" QUARTER)
2006-09-28 22:08:28
select DATE_ADD('2007-03-28 22:08:28',INTERVAL "-2.2" MONTH);
DATE_ADD('2007-03-28 22:08:28',INTERVAL "-2.2" MONTH)
2007-01-28 22:08:28
select DATE_ADD('2007-03-28 22:08:28',INTERVAL "-2.2" WEEK);
DATE_ADD('2007-03-28 22:08:28',INTERVAL "-2.2" WEEK)
2007-03-14 22:08:28
select DATE_ADD('2007-03-28 22:08:28',INTERVAL "-2.2" DAY);
DATE_ADD('2007-03-28 22:08:28',INTERVAL "-2.2" DAY)
2007-03-26 22:08:28
select DATE_ADD('2007-03-28 22:08:28',INTERVAL "-2.2" HOUR);
DATE_ADD('2007-03-28 22:08:28',INTERVAL "-2.2" HOUR)
2007-03-28 20:08:28
select DATE_ADD('2007-03-28 22:08:28',INTERVAL "-2.2" MINUTE);
DATE_ADD('2007-03-28 22:08:28',INTERVAL "-2.2" MINUTE)
2007-03-28 22:06:28
select DATE_ADD('2007-03-28 22:08:28',INTERVAL "-2.2" MICROSECOND);
DATE_ADD('2007-03-28 22:08:28',INTERVAL "-2.2" MICROSECOND)
2007-03-28 22:08:27.999998
select DATE_ADD('2007-03-28 22:08:28',INTERVAL "-2.-2" HOUR_MINUTE);
DATE_ADD('2007-03-28 22:08:28',INTERVAL "-2.-2" HOUR_MINUTE)
2007-03-28 20:06:28
select DATE_ADD('2007-03-28 22:08:28',INTERVAL "-2.-2" MINUTE_SECOND);
DATE_ADD('2007-03-28 22:08:28',INTERVAL "-2.-2" MINUTE_SECOND)
2007-03-28 22:06:26
select DATE_ADD('2007-03-28 22:08:28',INTERVAL "-2.-2" YEAR_MONTH);
DATE_ADD('2007-03-28 22:08:28',INTERVAL "-2.-2" YEAR_MONTH)
2005-01-28 22:08:28
select DATE_ADD('2007-03-28 22:08:28',INTERVAL "-2.-2" DAY_HOUR);
DATE_ADD('2007-03-28 22:08:28',INTERVAL "-2.-2" DAY_HOUR)
2007-03-26 20:08:28
select DATE_ADD('2007-03-28 22:08:28',INTERVAL "-2.-2" DAY_MINUTE);
DATE_ADD('2007-03-28 22:08:28',INTERVAL "-2.-2" DAY_MINUTE)
2007-03-28 20:06:28
select DATE_ADD('2007-03-28 22:08:28',INTERVAL "-2.-2" DAY_SECOND);
DATE_ADD('2007-03-28 22:08:28',INTERVAL "-2.-2" DAY_SECOND)
2007-03-28 22:06:26
select DATE_ADD('2007-03-28 22:08:28',INTERVAL "-2.-2" HOUR_SECOND);
DATE_ADD('2007-03-28 22:08:28',INTERVAL "-2.-2" HOUR_SECOND)
2007-03-28 22:06:26
select DATE_ADD('2007-03-28 22:08:28',INTERVAL "-2.-2" SECOND);
DATE_ADD('2007-03-28 22:08:28',INTERVAL "-2.-2" SECOND)
2007-03-28 22:08:26
select DATE_ADD('2007-03-28 22:08:28',INTERVAL "-2.+2" SECOND);
DATE_ADD('2007-03-28 22:08:28',INTERVAL "-2.+2" SECOND)
2007-03-28 22:08:26
select DATE_ADD('2007-03-28 22:08:28',INTERVAL "-2.*2" SECOND);
DATE_ADD('2007-03-28 22:08:28',INTERVAL "-2.*2" SECOND)
2007-03-28 22:08:26
select DATE_ADD('2007-03-28 22:08:28',INTERVAL "-2./2" SECOND);
DATE_ADD('2007-03-28 22:08:28',INTERVAL "-2./2" SECOND)
2007-03-28 22:08:26
select DATE_ADD('2007-03-28 22:08:28',INTERVAL "-2.a2" SECOND);
DATE_ADD('2007-03-28 22:08:28',INTERVAL "-2.a2" SECOND)
2007-03-28 22:08:26
select DATE_ADD('2007-03-28 22:08:28',INTERVAL "-2.-2" YEAR);
DATE_ADD('2007-03-28 22:08:28',INTERVAL "-2.-2" YEAR)
2005-03-28 22:08:28
select DATE_ADD('2007-03-28 22:08:28',INTERVAL "-2.-2" QUARTER);
DATE_ADD('2007-03-28 22:08:28',INTERVAL "-2.-2" QUARTER)
2006-09-28 22:08:28
select DATE_ADD('2007-03-28 22:08:28',INTERVAL "-2.-2" MONTH);
DATE_ADD('2007-03-28 22:08:28',INTERVAL "-2.-2" MONTH)
2007-01-28 22:08:28
select DATE_ADD('2007-03-28 22:08:28',INTERVAL "-2.-2" WEEK);
DATE_ADD('2007-03-28 22:08:28',INTERVAL "-2.-2" WEEK)
2007-03-14 22:08:28
select DATE_ADD('2007-03-28 22:08:28',INTERVAL "-2.-2" DAY);
DATE_ADD('2007-03-28 22:08:28',INTERVAL "-2.-2" DAY)
2007-03-26 22:08:28
select DATE_ADD('2007-03-28 22:08:28',INTERVAL "-2.-2" HOUR);
DATE_ADD('2007-03-28 22:08:28',INTERVAL "-2.-2" HOUR)
2007-03-28 20:08:28
select DATE_ADD('2007-03-28 22:08:28',INTERVAL "-2.-2" MINUTE);
DATE_ADD('2007-03-28 22:08:28',INTERVAL "-2.-2" MINUTE)
2007-03-28 22:06:28
select DATE_ADD('2007-03-28 22:08:28',INTERVAL "-2.-2" MICROSECOND);
DATE_ADD('2007-03-28 22:08:28',INTERVAL "-2.-2" MICROSECOND)
2007-03-28 22:08:27.999998
set @@session.time_zone = 'Europe/Amsterdam';
drop table if exists t;
create table t (id int, dt datetime, primary key (id, dt));
insert into t values (1, date_add('2023-03-26 00:00:00', interval 2 hour));
insert into t values (4,'2023-03-26 02:00:00');
select * from t;
id	dt
1	2023-03-26 02:00:00
4	2023-03-26 02:00:00
set time_zone = default;
drop table if exists t1;
create table t1(c_time time(5), c_dt datetime(4), c_ts timestamp(3), c_d date, c_str varchar(100));
insert into t1 values('-800:10:10', '2021-10-10 10:10:10.1234', '2021-10-10 10:10:10.1234', '2021-10-11', '2021-10-10 10:10:10.1234');
set @@tidb_enable_vectorized_expression = off;
select greatest(c_time, c_time) from t1;
greatest(c_time, c_time)
-800:10:10.00000
select greatest(c_dt, c_dt) from t1;
greatest(c_dt, c_dt)
2021-10-10 10:10:10.1234
select greatest(c_ts, c_ts) from t1;
greatest(c_ts, c_ts)
2021-10-10 10:10:10.123
select greatest(c_d, c_d) from t1;
greatest(c_d, c_d)
2021-10-11
select greatest(c_str, c_str) from t1;
greatest(c_str, c_str)
2021-10-10 10:10:10.1234
select least(c_time, c_time) from t1;
least(c_time, c_time)
-800:10:10.00000
select least(c_dt, c_dt) from t1;
least(c_dt, c_dt)
2021-10-10 10:10:10.1234
select least(c_ts, c_ts) from t1;
least(c_ts, c_ts)
2021-10-10 10:10:10.123
select least(c_d, c_d) from t1;
least(c_d, c_d)
2021-10-11
select least(c_str, c_str) from t1;
least(c_str, c_str)
2021-10-10 10:10:10.1234
select greatest(c_time, cast('10:01:01' as time)) from t1;
greatest(c_time, cast('10:01:01' as time))
10:01:01.00000
select least(c_time, cast('10:01:01' as time)) from t1;
least(c_time, cast('10:01:01' as time))
-800:10:10.00000
select greatest(c_d, cast('1999-10-10' as date)) from t1;
greatest(c_d, cast('1999-10-10' as date))
2021-10-11
select least(c_d, cast('1999-10-10' as date)) from t1;
least(c_d, cast('1999-10-10' as date))
1999-10-10
select greatest(c_dt, cast('1999-10-10 10:10:10.1234' as datetime)) from t1;
greatest(c_dt, cast('1999-10-10 10:10:10.1234' as datetime))
2021-10-10 10:10:10.1234
select least(c_dt, cast('1999-10-10 10:10:10.1234' as datetime)) from t1;
least(c_dt, cast('1999-10-10 10:10:10.1234' as datetime))
1999-10-10 10:10:10
set @@tidb_enable_vectorized_expression = on;
select greatest(c_time, c_time) from t1;
greatest(c_time, c_time)
-800:10:10.00000
select greatest(c_dt, c_dt) from t1;
greatest(c_dt, c_dt)
2021-10-10 10:10:10.1234
select greatest(c_ts, c_ts) from t1;
greatest(c_ts, c_ts)
2021-10-10 10:10:10.123
select greatest(c_d, c_d) from t1;
greatest(c_d, c_d)
2021-10-11
select greatest(c_str, c_str) from t1;
greatest(c_str, c_str)
2021-10-10 10:10:10.1234
select least(c_time, c_time) from t1;
least(c_time, c_time)
-800:10:10.00000
select least(c_dt, c_dt) from t1;
least(c_dt, c_dt)
2021-10-10 10:10:10.1234
select least(c_ts, c_ts) from t1;
least(c_ts, c_ts)
2021-10-10 10:10:10.123
select least(c_d, c_d) from t1;
least(c_d, c_d)
2021-10-11
select least(c_str, c_str) from t1;
least(c_str, c_str)
2021-10-10 10:10:10.1234
select greatest(c_time, cast('10:01:01' as time)) from t1;
greatest(c_time, cast('10:01:01' as time))
10:01:01.00000
select least(c_time, cast('10:01:01' as time)) from t1;
least(c_time, cast('10:01:01' as time))
-800:10:10.00000
select greatest(c_d, cast('1999-10-10' as date)) from t1;
greatest(c_d, cast('1999-10-10' as date))
2021-10-11
select least(c_d, cast('1999-10-10' as date)) from t1;
least(c_d, cast('1999-10-10' as date))
1999-10-10
select greatest(c_dt, cast('1999-10-10 10:10:10.1234' as datetime)) from t1;
greatest(c_dt, cast('1999-10-10 10:10:10.1234' as datetime))
2021-10-10 10:10:10.1234
select least(c_dt, cast('1999-10-10 10:10:10.1234' as datetime)) from t1;
least(c_dt, cast('1999-10-10 10:10:10.1234' as datetime))
1999-10-10 10:10:10
set @@tidb_enable_vectorized_expression = default;
drop table if exists t1;
create table t1 (d date);
set sql_mode='traditional';
insert into t1 (d) select date_add('2000-01-01',interval 8000 year);
Error 1441 (22008): Datetime function: datetime field overflow
insert into t1 (d) select date_sub('2000-01-01', INTERVAL 2001 YEAR);
Error 1441 (22008): Datetime function: datetime field overflow
insert into t1 (d) select date_add('9999-12-31',interval 1 year);
Error 1441 (22008): Datetime function: datetime field overflow
insert into t1 (d) select date_add('9999-12-31',interval 1 day);
Error 1441 (22008): Datetime function: datetime field overflow
set sql_mode='';
insert into t1 (d) select date_add('2000-01-01',interval 8000 year);
insert into t1 (d) select date_sub('2000-01-01', INTERVAL 2001 YEAR);
insert into t1 (d) select date_add('9999-12-31',interval 1 year);
insert into t1 (d) select date_add('9999-12-31',interval 1 day);
select * from t1;
d
NULL
NULL
NULL
NULL
set sql_mode=default;
