SELECT IS_UUID(UUID());
IS_UUID(UUID())
1
SELECT IS_UUID(UUID_V4());
IS_UUID(UUID_V4())
1
SELECT IS_UUID(UUID_V7());
IS_UUID(UUID_V7())
1
SELECT UUID_VERSION(UUID());
UUID_VERSION(UUID())
1
SELECT UUID_VERSION(UUID_V4());
UUID_VERSION(UUID_V4())
4
SELECT UUID_VERSION(UUID_V7());
UUID_VERSION(UUID_V7())
7
SELECT UUID_TIMESTAMP('5f13f854-d74a-11f0-9b7a-0ae0156bd76b');
UUID_TIMESTAMP('5f13f854-d74a-11f0-9b7a-0ae0156bd76b')
1765537487.118139
SELECT FROM_UNIXTIME(UUID_TIMESTAMP('5f13f854-d74a-11f0-9b7a-0ae0156bd76b'));
FROM_UNIXTIME(UUID_TIMESTAMP('5f13f854-d74a-11f0-9b7a-0ae0156bd76b'))
2025-12-12 19:04:47.118139
SELECT UUID_TIMESTAMP('a3e3b4a1-ea6d-471e-9860-8303a8b261f6');
UUID_TIMESTAMP('a3e3b4a1-ea6d-471e-9860-8303a8b261f6')
NULL
SELECT UUID_TIMESTAMP('019b1440-87b7-7380-ab00-ce413e795004');
UUID_TIMESTAMP('019b1440-87b7-7380-ab00-ce413e795004')
1765571332.023000
SELECT UUID_VERSION('00000000-0000-0000-0000-000000000000');
UUID_VERSION('00000000-0000-0000-0000-000000000000')
0
SELECT UUID_VERSION('ffffffff-ffff-ffff-ffff-ffffffffffff');
UUID_VERSION('ffffffff-ffff-ffff-ffff-ffffffffffff')
15
SELECT UUID_TIMESTAMP('00000000-0000-0000-0000-000000000000');
UUID_TIMESTAMP('00000000-0000-0000-0000-000000000000')
NULL
SELECT UUID_TIMESTAMP('ffffffff-ffff-ffff-ffff-ffffffffffff');
UUID_TIMESTAMP('ffffffff-ffff-ffff-ffff-ffffffffffff')
NULL
SELECT UUID_VERSION('abc');
Error 1411 (HY000): Incorrect string value: 'abc' for function uuid_version
SELECT UUID_TIMESTAMP('abc');
Error 1411 (HY000): Incorrect string value: 'abc' for function uuid_timestamp
SELECT UUID_TO_BIN('abc');
Error 1411 (HY000): Incorrect string value: 'abc' for function uuid_to_bin
SELECT UUID_VERSION('5f13f854-d74a-11f0-9b7a-0ae0156bd76z');
Error 1411 (HY000): Incorrect string value: '5f13f854-d74a-11f0-9b7a-0ae0156bd76z' for function uuid_version
SELECT UUID_TIMESTAMP('5f13f854-d74a-11f0-9b7a-0ae0156bd76z');
Error 1411 (HY000): Incorrect string value: '5f13f854-d74a-11f0-9b7a-0ae0156bd76z' for function uuid_timestamp
SELECT HEX(UUID_TO_BIN('5f13f854-d74a-11f0-9b7a-0ae0156bd76z'));
Error 1411 (HY000): Incorrect string value: '5f13f854-d74a-11f0-9b7a-0ae0156bd76z' for function uuid_to_bin
SELECT UUID_VERSION('123e4567-e89b-02d3-a456-426614174000');
UUID_VERSION('123e4567-e89b-02d3-a456-426614174000')
0
SELECT UUID_TIMESTAMP('123e4567-e89b-02d3-a456-426614174000');
UUID_TIMESTAMP('123e4567-e89b-02d3-a456-426614174000')
NULL
SELECT HEX(UUID_TO_BIN('123e4567-e89b-02d3-a456-426614174000'));
HEX(UUID_TO_BIN('123e4567-e89b-02d3-a456-426614174000'))
123E4567E89B02D3A456426614174000
SELECT UUID_VERSION('123e4567-e89b-12d3-a456-426614174000');
UUID_VERSION('123e4567-e89b-12d3-a456-426614174000')
1
SELECT UUID_TIMESTAMP('123e4567-e89b-12d3-a456-426614174000');
UUID_TIMESTAMP('123e4567-e89b-12d3-a456-426614174000')
8156923288.545008
SELECT HEX(UUID_TO_BIN('123e4567-e89b-12d3-a456-426614174000'));
HEX(UUID_TO_BIN('123e4567-e89b-12d3-a456-426614174000'))
123E4567E89B12D3A456426614174000
SELECT UUID_SHORT();
Error 1305 (42000): FUNCTION UUID_SHORT does not exist
CREATE TABLE t123 (id int PRIMARY KEY, uuid VARCHAR(255) AS (UUID()));
Error 3102 (HY000): Expression of generated column 'uuid' contains a disallowed function.
CREATE TABLE t123 (id int PRIMARY KEY, uuid VARCHAR(255) AS (UUID_V4()));
Error 3102 (HY000): Expression of generated column 'uuid' contains a disallowed function.
CREATE TABLE t123 (id int PRIMARY KEY, uuid VARCHAR(255) AS (UUID_V7()));
Error 3102 (HY000): Expression of generated column 'uuid' contains a disallowed function.
CREATE TABLE t123 (id int PRIMARY KEY, uuid VARCHAR(255) DEFAULT (UUID()));
CREATE TABLE t123 (id int PRIMARY KEY, uuid VARCHAR(255) DEFAULT (UUID_V4()));
Error 3770 (HY000): Default value expression of column 'uuid' contains a disallowed function: `UUID_V4`.
CREATE TABLE t123 (id int PRIMARY KEY, uuid VARCHAR(255) DEFAULT (UUID_V7()));
Error 3770 (HY000): Default value expression of column 'uuid' contains a disallowed function: `UUID_V7`.
CREATE TABLE t1234 (id int PRIMARY KEY, uuid BINARY(16) DEFAULT (UUID_TO_BIN(UUID())));
CREATE TABLE t12345 (id int PRIMARY KEY, uuid BINARY(16) DEFAULT (UUID_TO_BIN(UUID_V4())));
CREATE TABLE t12346 (id int PRIMARY KEY, uuid BINARY(16) DEFAULT (UUID_TO_BIN(UUID_V7())));
DROP TABLE IF EXISTS t123, t1234, t12345, t12346;
CREATE TABLE u1 (
uuid BINARY(16) PRIMARY KEY
);
INSERT INTO u1 VALUES
(UUID_TO_BIN("5f13f854-d74a-11f0-9b7a-0ae0156bd76b")),
(UUID_TO_BIN("c6437ef1-5b86-3a4e-a071-c2d4ad414e65")),
(UUID_TO_BIN("a3e3b4a1-ea6d-471e-9860-8303a8b261f6")),
(UUID_TO_BIN("271a8175-dadd-5df9-b0bd-20a4a0b441e6")),
(UUID_TO_BIN("1f0e48c1-7860-69cc-9b3f-35f89c103d4d")),
(UUID_TO_BIN("019b1440-87b7-7380-ab00-ce413e795004"));
SELECT
BIN_TO_UUID(uuid),
UUID_VERSION(BIN_TO_UUID(uuid)),
UUID_TIMESTAMP(BIN_TO_UUID(uuid)),
FROM_UNIXTIME(UUID_TIMESTAMP(BIN_TO_UUID(uuid)))
FROM u1
ORDER BY uuid;
BIN_TO_UUID(uuid)	UUID_VERSION(BIN_TO_UUID(uuid))	UUID_TIMESTAMP(BIN_TO_UUID(uuid))	FROM_UNIXTIME(UUID_TIMESTAMP(BIN_TO_UUID(uuid)))
019b1440-87b7-7380-ab00-ce413e795004	7	1765571332.023000	2025-12-13 04:28:52.023000
1f0e48c1-7860-69cc-9b3f-35f89c103d4d	6	1766995078.970004	2025-12-29 15:57:58.970004
271a8175-dadd-5df9-b0bd-20a4a0b441e6	5	0	1970-01-01 08:00:00.000000
5f13f854-d74a-11f0-9b7a-0ae0156bd76b	1	1765537487.118139	2025-12-12 19:04:47.118139
a3e3b4a1-ea6d-471e-9860-8303a8b261f6	4	0	1970-01-01 08:00:00.000000
c6437ef1-5b86-3a4e-a071-c2d4ad414e65	3	0	1970-01-01 08:00:00.000000
DROP TABLE u1;
