# IntHandle
drop table if exists t;
CREATE TABLE `t` (
`a` int(11) DEFAULT NULL,
`b` int(11) DEFAULT NULL,
KEY `idx` (`a`) GLOBAL,
KEY `idx1` (`b`) GLOBAL
) ENGINE=InnoDB DEFAULT CHARSET=utf8mb4 COLLATE=utf8mb4_bin
PARTITION BY HASH (`a`) PARTITIONS 5;
insert into t values (1, 2), (2, 3), (3, 4), (4, 5);
begin;
insert into t values (5, 1);
select b from t use index(idx1) where b > 2;
b
3
4
5
select * from t use index(idx1) where b > 2;
a	b
2	3
3	4
4	5
select b from t partition(p0) use index(idx1) where b <= 2;
b
1
select * from t partition(p0) use index(idx1) where b <= 2;
a	b
5	1
select b from t partition(p0, p1) use index(idx1) where b <= 2;
b
1
2
select * from t partition(p0, p1) use index(idx1) where b <= 2;
a	b
1	2
5	1
select a from t use index(idx) where a > 2;
a
3
4
5
select * from t use index(idx) where a > 2;
a	b
3	4
4	5
5	1
select a from t partition(p0) use index(idx) where a <= 2;
a
select * from t partition(p0) use index(idx) where a <= 2;
a	b
select a from t partition(p0, p1) use index(idx) where a <= 2;
a
1
select * from t partition(p0, p1) use index(idx) where a <= 2;
a	b
1	2
rollback;
# CommonHandle
drop table if exists t;
CREATE TABLE `t` (
`a` year(4) primary key CLUSTERED,
`b` int(11) DEFAULT NULL,
KEY `idx` (`a`) GLOBAL,
KEY `idx1` (`b`) GLOBAL
) ENGINE=InnoDB DEFAULT CHARSET=utf8mb4 COLLATE=utf8mb4_bin
PARTITION BY HASH (`a`) PARTITIONS 5;
insert into t values (2001, 2), (2002, 3), (2003, 4), (2004, 5);
begin;
insert into t values (2005, 1);
select b from t use index(idx1) where b > 2;
b
3
4
5
select * from t use index(idx1) where b > 2;
a	b
2002	3
2003	4
2004	5
select b from t partition(p0) use index(idx1) where b <= 2;
b
1
select * from t partition(p0) use index(idx1) where b <= 2;
a	b
2005	1
select b from t partition(p0, p1) use index(idx1) where b <= 2;
b
1
2
select * from t partition(p0, p1) use index(idx1) where b <= 2;
a	b
2001	2
2005	1
select a from t use index(idx) where a > 2002;
a
2003
2004
2005
select * from t use index(idx) where a > 2002;
a	b
2003	4
2004	5
2005	1
select a from t partition(p0) use index(idx) where a <= 2002;
a
select * from t partition(p0) use index(idx) where a <= 2002;
a	b
select a from t partition(p0, p1) use index(idx) where a <= 2002;
a
2001
select * from t partition(p0, p1) use index(idx) where a <= 2002;
a	b
2001	2
rollback;
