with recursive cte1 as (select 1 c1 union all select c1 + 1 c1 from cte1 where c1 < 5) select * from cte1;
c1
1
2
3
4
5
with recursive cte1 as (select 1 c1 union all select 2 c1 union all select c1 + 1 c1 from cte1 where c1 < 10) select * from cte1 order by c1;
c1
1
2
2
3
3
4
4
5
5
6
6
7
7
8
8
9
9
10
10
with recursive cte1 as (select 1 c1 union all select 2 c1 union all select c1 + 1 c1 from cte1 where c1 < 3 union all select c1 + 2 c1 from cte1 where c1 < 5) select * from cte1 order by c1;
c1
1
2
2
3
3
3
4
4
5
5
5
6
6
drop table if exists t1;
create table t1(a int);
insert into t1 values(1);
insert into t1 values(2);
SELECT * FROM t1 dt WHERE EXISTS(WITH RECURSIVE qn AS (SELECT a*0 AS b UNION ALL SELECT b+1 FROM qn WHERE b=0) SELECT * FROM qn WHERE b=a);
a
1
SELECT * FROM t1 dt WHERE EXISTS( WITH RECURSIVE qn AS (SELECT a*0 AS b UNION ALL SELECT b+1 FROM qn WHERE b=0 or b = 1) SELECT * FROM qn WHERE b=a );
a
1
2
with recursive  c(p) as (select 1), cte(a, b) as (select 1, 1 union select a+1, 1 from cte, c where a < 5)  select * from cte order by 1, 2;
a	b
1	1
2	1
3	1
4	1
5	1
with recursive cte1(c1) as (select 1 union select 1 union select 1 union all select c1 + 1 from cte1 where c1 < 3) select * from cte1 order by c1;
c1
1
2
3
with recursive cte1(c1) as (select 1 union all select 1 union select 1 union all select c1 + 1 from cte1 where c1 < 3) select * from cte1 order by c1;
c1
1
2
3
drop table if exists t1;
create table t1(c1 int, c2 int);
insert into t1 values(1, 1), (1, 2), (2, 2);
with recursive cte1(c1) as (select c1 from t1 union select c1 + 1 c1 from t1) select * from cte1 order by c1;
c1
1
2
3
drop table if exists t1;
create table t1(c1 int);
insert into t1 values(1), (1), (1), (2), (2), (2);
with recursive cte1(c1) as (select c1 from t1 union select c1 + 1 c1 from cte1 where c1 < 4) select * from cte1 order by c1;
c1
1
2
3
4
set @@cte_max_recursion_depth = -1;
with recursive cte1(c1) as (select 1 union select c1 + 1 c1 from cte1 where c1 < 100) select * from cte1;
Error 3636 (HY000): Recursive query aborted after 1 iterations. Try increasing @@cte_max_recursion_depth to a larger value
with recursive cte1(c1) as (select 1 union select 2) select * from cte1 order by c1;
c1
1
2
with cte1(c1) as (select 1 union select 2) select * from cte1 order by c1;
c1
1
2
set @@cte_max_recursion_depth = 0;
with recursive cte1(c1) as (select 1 union select c1 + 1 c1 from cte1 where c1 < 0) select * from cte1;
Error 3636 (HY000): Recursive query aborted after 1 iterations. Try increasing @@cte_max_recursion_depth to a larger value
with recursive cte1(c1) as (select 1 union select c1 + 1 c1 from cte1 where c1 < 1) select * from cte1;
Error 3636 (HY000): Recursive query aborted after 1 iterations. Try increasing @@cte_max_recursion_depth to a larger value
with recursive cte1(c1) as (select 1 union select 2) select * from cte1 order by c1;
c1
1
2
with cte1(c1) as (select 1 union select 2) select * from cte1 order by c1;
c1
1
2
set @@cte_max_recursion_depth = 1;
with recursive cte1(c1) as (select 1 union select c1 + 1 c1 from cte1 where c1 < 0) select * from cte1;
c1
1
with recursive cte1(c1) as (select 1 union select c1 + 1 c1 from cte1 where c1 < 1) select * from cte1;
c1
1
with recursive cte1(c1) as (select 1 union select c1 + 1 c1 from cte1 where c1 < 2) select * from cte1;
Error 3636 (HY000): Recursive query aborted after 2 iterations. Try increasing @@cte_max_recursion_depth to a larger value
with recursive cte1(c1) as (select 1 union select 2) select * from cte1 order by c1;
c1
1
2
with cte1(c1) as (select 1 union select 2) select * from cte1 order by c1;
c1
1
2
set @@cte_max_recursion_depth = default;
with recursive cte1(c1) as (select 1 union select c1 + 1 from cte1 limit 5 offset 0) select * from cte1;
c1
1
2
3
4
5
with recursive cte1(c1) as (select 1 union select c1 + 1 from cte1 limit 5 offset 1) select * from cte1;
c1
2
3
4
5
6
with recursive cte1(c1) as (select 1 union select c1 + 1 from cte1 limit 5 offset 10) select * from cte1;
c1
11
12
13
14
15
with recursive cte1(c1) as (select 1 union select c1 + 1 from cte1 limit 5 offset 995) select * from cte1;
c1
996
997
998
999
1000
with recursive cte1(c1) as (select 1 union select c1 + 1 from cte1 limit 5 offset 6) select * from cte1;
c1
7
8
9
10
11
set cte_max_recursion_depth=2;
with recursive cte1(c1) as (select 0 union select c1 + 1 from cte1 limit 1 offset 2) select * from cte1;
c1
2
with recursive cte1(c1) as (select 0 union select c1 + 1 from cte1 limit 1 offset 3) select * from cte1;
Error 3636 (HY000): Recursive query aborted after 3 iterations. Try increasing @@cte_max_recursion_depth to a larger value
set cte_max_recursion_depth=1000;
with recursive cte1(c1) as (select 0 union select c1 + 1 from cte1 limit 5 offset 996) select * from cte1;
c1
996
997
998
999
1000
with recursive cte1(c1) as (select 0 union select c1 + 1 from cte1 limit 5 offset 997) select * from cte1;
Error 3636 (HY000): Recursive query aborted after 1001 iterations. Try increasing @@cte_max_recursion_depth to a larger value
with recursive cte1(c1) as (select 1 union select c1 + 1 from cte1 limit 0 offset 1) select * from cte1;
c1
with recursive cte1(c1) as (select 1 union select c1 + 1 from cte1 limit 0 offset 10) select * from cte1;
c1
with recursive cte1(c1) as (select 1 union select c1 + 1 from cte1 limit 2 offset 1) select * from cte1 dt1 join cte1 dt2 order by dt1.c1, dt2.c1;
c1	c1
2	2
2	3
3	2
3	3
with recursive cte1(c1) as (select 1 union select c1 + 1 from cte1 limit 2 offset 1) select * from cte1 dt1 join cte1 dt2 on dt1.c1 = dt2.c1 order by dt1.c1, dt1.c1;
c1	c1
2	2
3	3
with recursive cte1(c1) as (select 1 union select c1 + 1 from cte1 limit 2 offset 1) select c1 from cte1 where c1 in (select 2);
c1
2
with recursive cte1(c1) as (select 1 union select c1 + 1 from cte1 limit 2 offset 1) select c1 from cte1 dt where c1 in (select c1 from cte1 where 1 = dt.c1 - 1);
c1
2
with recursive cte1(c1) as (select 1 union select c1 + 1 from cte1 limit 2 offset 1) select c1 from cte1 where cte1.c1 = (select dt1.c1 from cte1 dt1 where dt1.c1 = cte1.c1);
c1
2
3
drop table if exists t1;
create table t1(c1 int);
insert into t1 values(1), (2), (3);
with recursive cte1(c1) as (select c1 from t1 limit 1 offset 1 union select c1 + 1 from cte1 limit 0 offset 1) select * from cte1;
Error 1221 (HY000): Incorrect usage of UNION and LIMIT
with recursive cte1(c1) as (select 1 union select 2 order by 1 limit 1 offset 1) select * from cte1;
c1
2
with recursive cte1(c1) as (select 1 union select 2 order by 1 limit 0 offset 1) select * from cte1;
c1
with recursive cte1(c1) as (select 1 union select 2 order by 1 limit 2 offset 0) select * from cte1;
c1
1
2
drop table if exists t1;
create table t1(c1 int);
insert into t1 values(0), (1), (2), (3), (4), (5), (6), (7), (8), (9), (10), (11), (12), (13), (14), (15), (16), (17), (18), (19), (20), (21), (22), (23), (24), (25), (26), (27), (28), (29), (30), (31), (32), (33), (34), (35), (36), (37), (38), (39), (40), (41), (42), (43), (44), (45), (46), (47), (48), (49), (50), (51), (52), (53), (54), (55), (56), (57), (58), (59), (60), (61), (62), (63), (64), (65), (66), (67), (68), (69), (70), (71), (72), (73), (74), (75), (76), (77), (78), (79), (80), (81), (82), (83), (84), (85), (86), (87), (88), (89), (90), (91), (92), (93), (94), (95), (96), (97), (98), (99), (100), (101), (102), (103), (104), (105), (106), (107), (108), (109), (110), (111), (112), (113), (114), (115), (116), (117), (118), (119), (120), (121), (122), (123), (124), (125), (126), (127), (128), (129), (130), (131), (132), (133), (134), (135), (136), (137), (138), (139), (140), (141), (142), (143), (144), (145), (146), (147), (148), (149), (150), (151), (152), (153), (154), (155), (156), (157), (158), (159), (160), (161), (162), (163), (164), (165), (166), (167), (168), (169), (170), (171), (172), (173), (174), (175), (176), (177), (178), (179), (180), (181), (182), (183), (184), (185), (186), (187), (188), (189), (190), (191), (192), (193), (194), (195), (196), (197), (198), (199), (200), (201), (202), (203), (204), (205), (206), (207), (208), (209), (210), (211), (212), (213), (214), (215), (216), (217), (218), (219), (220), (221), (222), (223), (224), (225), (226), (227), (228), (229), (230), (231), (232), (233), (234), (235), (236), (237), (238), (239), (240), (241), (242), (243), (244), (245), (246), (247), (248), (249), (250), (251), (252), (253), (254), (255), (256), (257), (258), (259), (260), (261), (262), (263), (264), (265), (266), (267), (268), (269), (270), (271), (272), (273), (274), (275), (276), (277), (278), (279), (280), (281), (282), (283), (284), (285), (286), (287), (288), (289), (290), (291), (292), (293), (294), (295), (296), (297), (298), (299);
with recursive cte1(c1) as (select c1 from t1 union select c1 + 1 c1 from cte1 limit 1) select * from cte1;
c1
0
with recursive cte1(c1) as (select c1 from t1 union select c1 + 1 c1 from cte1 limit 1 offset 100) select * from cte1;
c1
100
with recursive cte1(c1) as (select c1 from t1 union select c1 + 1 c1 from cte1 limit 5 offset 100) select * from cte1;
c1
100
101
102
103
104
with cte1 as (select c1 from t1 limit 2 offset 1) select * from cte1;
c1
1
2
with cte1 as (select c1 from t1 limit 2 offset 1) select * from cte1 dt1 join cte1 dt2 on dt1.c1 = dt2.c1;
c1	c1
1	1
2	2
with recursive cte1(c1) as (select c1 from t1 union select 2 limit 0 offset 1) select * from cte1;
c1
with recursive cte1(c1) as (select c1 from t1 union select 2 limit 0 offset 1) select * from cte1 dt1 join cte1 dt2 on dt1.c1 = dt2.c1;
c1	c1
with recursive cte1(c1) as (select c1 from t1 limit 3 offset 100) select * from cte1;
c1
100
101
102
with recursive cte1(c1) as (select c1 from t1 limit 3 offset 100) select * from cte1 dt1 join cte1 dt2 on dt1.c1 = dt2.c1;
c1	c1
100	100
101	101
102	102
set cte_max_recursion_depth = 0;
drop table if exists t1;
create table t1(c1 int);
insert into t1 values(0);
with recursive cte1 as (select 1/c1 c1 from t1 union select c1 + 1 c1 from cte1 where c1 < 2 limit 0) select * from cte1;
c1
with recursive cte1 as (select 1/c1 c1 from t1 union select c1 + 1 c1 from cte1 where c1 < 2 limit 1) select * from cte1;
Error 3636 (HY000): Recursive query aborted after 1 iterations. Try increasing @@cte_max_recursion_depth to a larger value
set cte_max_recursion_depth = 1000;
drop table if exists t1;
create table t1(c1 int);
insert into t1 values(1), (2), (3);
with recursive cte1(c1) as (select c1 from t1 union select c1 + 1 from cte1 limit 0 offset 2) select * from cte1;
c1
with recursive cte1(c1) as (select c1 from t1 union select c1 + 1 from cte1 limit 1 offset 2) select * from cte1;
c1
3
with recursive cte1(c1) as (select c1 from t1 union select c1 + 1 from cte1 limit 2 offset 2) select * from cte1;
c1
3
4
with recursive cte1(c1) as (select c1 from t1 union select c1 + 1 from cte1 limit 3 offset 2) select * from cte1;
c1
3
4
5
with recursive cte1(c1) as (select c1 from t1 union select c1 + 1 from cte1 limit 4 offset 2) select * from cte1;
c1
3
4
5
6
with recursive cte1(c1) as (select c1 from t1 union select c1 + 1 from cte1 limit 0 offset 3) select * from cte1;
c1
with recursive cte1(c1) as (select c1 from t1 union select c1 + 1 from cte1 limit 1 offset 3) select * from cte1;
c1
4
with recursive cte1(c1) as (select c1 from t1 union select c1 + 1 from cte1 limit 2 offset 3) select * from cte1;
c1
4
5
with recursive cte1(c1) as (select c1 from t1 union select c1 + 1 from cte1 limit 3 offset 3) select * from cte1;
c1
4
5
6
with recursive cte1(c1) as (select c1 from t1 union select c1 + 1 from cte1 limit 4 offset 3) select * from cte1;
c1
4
5
6
7
with recursive cte1(c1) as (select c1 from t1 union select c1 + 1 from cte1 limit 0 offset 4) select * from cte1;
c1
with recursive cte1(c1) as (select c1 from t1 union select c1 + 1 from cte1 limit 1 offset 4) select * from cte1;
c1
5
with recursive cte1(c1) as (select c1 from t1 union select c1 + 1 from cte1 limit 2 offset 4) select * from cte1;
c1
5
6
with recursive cte1(c1) as (select c1 from t1 union select c1 + 1 from cte1 limit 3 offset 4) select * from cte1;
c1
5
6
7
with recursive cte1(c1) as (select c1 from t1 union select c1 + 1 from cte1 limit 4 offset 4) select * from cte1;
c1
5
6
7
8
with recursive cte1(c1) as (select c1 from t1 union all select c1 + 1 from cte1 limit 0 offset 2) select * from cte1;
c1
with recursive cte1(c1) as (select c1 from t1 union all select c1 + 1 from cte1 limit 1 offset 2) select * from cte1;
c1
3
with recursive cte1(c1) as (select c1 from t1 union all select c1 + 1 from cte1 limit 2 offset 2) select * from cte1;
c1
3
2
with recursive cte1(c1) as (select c1 from t1 union all select c1 + 1 from cte1 limit 3 offset 2) select * from cte1;
c1
3
2
3
with recursive cte1(c1) as (select c1 from t1 union all select c1 + 1 from cte1 limit 4 offset 2) select * from cte1;
c1
3
2
3
4
with recursive cte1(c1) as (select c1 from t1 union all select c1 + 1 from cte1 limit 0 offset 3) select * from cte1;
c1
with recursive cte1(c1) as (select c1 from t1 union all select c1 + 1 from cte1 limit 1 offset 3) select * from cte1;
c1
2
with recursive cte1(c1) as (select c1 from t1 union all select c1 + 1 from cte1 limit 2 offset 3) select * from cte1;
c1
2
3
with recursive cte1(c1) as (select c1 from t1 union all select c1 + 1 from cte1 limit 3 offset 3) select * from cte1;
c1
2
3
4
with recursive cte1(c1) as (select c1 from t1 union all select c1 + 1 from cte1 limit 4 offset 3) select * from cte1;
c1
2
3
4
3
with recursive cte1(c1) as (select c1 from t1 union all select c1 + 1 from cte1 limit 0 offset 4) select * from cte1;
c1
with recursive cte1(c1) as (select c1 from t1 union all select c1 + 1 from cte1 limit 1 offset 4) select * from cte1;
c1
3
with recursive cte1(c1) as (select c1 from t1 union all select c1 + 1 from cte1 limit 2 offset 4) select * from cte1;
c1
3
4
with recursive cte1(c1) as (select c1 from t1 union all select c1 + 1 from cte1 limit 3 offset 4) select * from cte1;
c1
3
4
3
with recursive cte1(c1) as (select c1 from t1 union all select c1 + 1 from cte1 limit 4 offset 4) select * from cte1;
c1
3
4
3
4
set cte_max_recursion_depth = default;
drop table if exists executor__cte.t;
drop view if exists executor__cte.v;
create database if not exists executor__cte1;
create table executor__cte.t (a int);
create table executor__cte1.t (a int);
insert into executor__cte.t values (1);
insert into executor__cte1.t values (2);
create definer='root'@'localhost' view executor__cte.v as with tt as (select * from t) select * from tt;
select * from executor__cte.v;
a
1
use executor__cte1;
select * from executor__cte.v;
a
1
use executor__cte;
drop database executor__cte1;
set tidb_max_chunk_size=32;
drop table if exists t1;
create table t1(c1 int);
insert into t1 values(0), (1), (2), (3), (4), (5), (6), (7), (8), (9), (10), (11), (12), (13), (14), (15), (16), (17), (18), (19), (20), (21), (22), (23), (24), (25), (26), (27), (28), (29), (30), (31), (32), (33), (34), (35), (36), (37), (38), (39), (40), (41), (42), (43), (44), (45), (46), (47), (48), (49), (50), (51), (52), (53), (54), (55), (56), (57), (58), (59), (60), (61), (62), (63), (64), (65), (66), (67), (68), (69), (70), (71), (72), (73), (74), (75), (76), (77), (78), (79), (80), (81), (82), (83), (84), (85), (86), (87), (88), (89), (90), (91), (92), (93), (94), (95), (96), (97), (98), (99), (100), (101), (102), (103), (104), (105), (106), (107), (108), (109), (110), (111), (112), (113), (114), (115), (116), (117), (118), (119), (120), (121), (122), (123), (124), (125), (126), (127), (128), (129), (130), (131), (132), (133), (134), (135), (136), (137), (138), (139), (140), (141), (142), (143), (144), (145), (146), (147), (148), (149), (150), (151), (152), (153), (154), (155), (156), (157), (158), (159), (160), (161), (162), (163), (164), (165), (166), (167), (168), (169), (170), (171), (172), (173), (174), (175), (176), (177), (178), (179), (180), (181), (182), (183), (184), (185), (186), (187), (188), (189), (190), (191), (192), (193), (194), (195), (196), (197), (198), (199), (200), (201), (202), (203), (204), (205), (206), (207), (208), (209), (210), (211), (212), (213), (214), (215), (216), (217), (218), (219), (220), (221), (222), (223), (224), (225), (226), (227), (228), (229), (230), (231), (232), (233), (234), (235), (236), (237), (238), (239), (240), (241), (242), (243), (244), (245), (246), (247), (248), (249), (250), (251), (252), (253), (254), (255), (256), (257), (258), (259), (260), (261), (262), (263), (264), (265), (266), (267), (268), (269), (270), (271), (272), (273), (274), (275), (276), (277), (278), (279), (280), (281), (282), (283), (284), (285), (286), (287), (288), (289), (290), (291), (292), (293), (294), (295), (296), (297), (298), (299);
with recursive cte1(c1) as (select c1 from t1 union select c1 + 1 c1 from cte1 limit 1 offset 100) select * from cte1;
c1
100
set tidb_max_chunk_size=default;
