drop table if exists t;
create table t(a char(10) collate utf8mb4_unicode_ci, b char(10) collate utf8mb4_general_ci);
insert into t values ('啊', '撒旦');
select coercibility(concat(a, b)) from t;
coercibility(concat(a, b))
1
select coercibility(convert(concat(a, b) using utf8mb4) collate utf8mb4_general_ci) from t;
coercibility(convert(concat(a, b) using utf8mb4) collate utf8mb4_general_ci)
0
select coercibility(convert('a' using utf8mb4));
coercibility(convert('a' using utf8mb4))
2
select coercibility(convert('a' using utf8mb4) collate utf8mb4_general_ci);
coercibility(convert('a' using utf8mb4) collate utf8mb4_general_ci)
0
DROP TABLE IF EXISTS t2;
CREATE TABLE t2 (
id INT NOT NULL PRIMARY KEY auto_increment,
`col_91` char(47) CHARACTER SET utf8 COLLATE utf8_bin NOT NULL,
`col_92` int(10) unsigned DEFAULT '2478966067',
`col_97` char(32) COLLATE utf8mb4_bin NOT NULL
) collate utf8mb4_general_ci;
INSERT INTO `t2` VALUES (17,'UUtJeaV',497551109,'snRXXCZHBPW');
SET names utf8mb4 collate utf8mb4_bin;
SELECT greatest( col_91 , col_97 ) as expr1 FROM t2 ORDER BY id;
expr1
snRXXCZHBPW
SELECT least( col_91 , col_97 ) as expr1 FROM t2 ORDER BY id;
expr1
UUtJeaV
SET names utf8mb4 collate utf8mb4_general_ci;
SELECT greatest( col_91 , col_97 ) as expr1 FROM t2 ORDER BY id;
expr1
snRXXCZHBPW
SELECT least( col_91 , col_97 ) as expr1 FROM t2 ORDER BY id;
expr1
UUtJeaV
