drop table if exists t;
create table t (id int, c1 timestamp);
show columns from t;
Field	Type	Null	Key	Default	Extra
id	int(11)	YES		NULL	
c1	timestamp	YES		NULL	
explain t;
Field	Type	Null	Key	Default	Extra
id	int(11)	YES		NULL	
c1	timestamp	YES		NULL	
describe t;
Field	Type	Null	Key	Default	Extra
id	int(11)	YES		NULL	
c1	timestamp	YES		NULL	
desc t;
Field	Type	Null	Key	Default	Extra
id	int(11)	YES		NULL	
c1	timestamp	YES		NULL	
desc t c1;
Field	Type	Null	Key	Default	Extra
c1	timestamp	YES		NULL	
desc t id;
Field	Type	Null	Key	Default	Extra
id	int(11)	YES		NULL	
drop table if exists t;
create table t(id int primary key, a int, b int);
explain select group_concat(a) from t group by id;
<<<<<<< HEAD
id	count	task	operator info
StreamAgg_8	8000.00	root	group by:col_1, funcs:group_concat(col_0, ",")
└─Projection_18	10000.00	root	cast(test.t.a), test.t.id
  └─TableReader_15	10000.00	root	data:TableScan_14
    └─TableScan_14	10000.00	cop	table:t, range:[-inf,+inf], keep order:true, stats:pseudo
explain select group_concat(a, b) from t group by id;
id	count	task	operator info
StreamAgg_8	8000.00	root	group by:col_2, funcs:group_concat(col_0, col_1, ",")
└─Projection_18	10000.00	root	cast(test.t.a), cast(test.t.b), test.t.id
  └─TableReader_15	10000.00	root	data:TableScan_14
    └─TableScan_14	10000.00	cop	table:t, range:[-inf,+inf], keep order:true, stats:pseudo
=======
id	estRows	task	access object	operator info
StreamAgg_8	8000.00	root		group by:Column#6, funcs:group_concat(Column#5 separator ",")->Column#4
└─Projection_18	10000.00	root		cast(test.t.a, var_string(20))->Column#5, test.t.id
  └─TableReader_15	10000.00	root		data:TableFullScan_14
    └─TableFullScan_14	10000.00	cop[tikv]	table:t	keep order:true, stats:pseudo
explain select group_concat(a, b) from t group by id;
id	estRows	task	access object	operator info
StreamAgg_8	8000.00	root		group by:Column#7, funcs:group_concat(Column#5, Column#6 separator ",")->Column#4
└─Projection_18	10000.00	root		cast(test.t.a, var_string(20))->Column#5, cast(test.t.b, var_string(20))->Column#6, test.t.id
  └─TableReader_15	10000.00	root		data:TableFullScan_14
    └─TableFullScan_14	10000.00	cop[tikv]	table:t	keep order:true, stats:pseudo
>>>>>>> 7ebcc20... executor: support GROUP_CONCAT(ORDER BY) (#16591)
drop table t;
