drop table if exists t;
create table t (a char(20) charset utf8mb4, b char(20) charset gbk, c binary(20));
insert into t values ('ä¸€äºŒä¸‰', 'ä¸€äºŒä¸‰', 'ä¸€äºŒä¸‰');
select hex(a), hex(b), hex(c) from t;
hex(a)	hex(b)	hex(c)
E4B880E4BA8CE4B889	D2BBB6FEC8FD	E4B880E4BA8CE4B8890000000000000000000000
select length(a), length(b), length(c) from t;
length(a)	length(b)	length(c)
9	6	20
select ascii(a), ascii(b), ascii(c) from t;
ascii(a)	ascii(b)	ascii(c)
228	210	228
select octet_length(a), octet_length(b), octet_length(c) from t;
octet_length(a)	octet_length(b)	octet_length(c)
9	6	20
set @@tidb_enable_vectorized_expression = true;
select hex(a), hex(b), hex(c) from t;
hex(a)	hex(b)	hex(c)
E4B880E4BA8CE4B889	D2BBB6FEC8FD	E4B880E4BA8CE4B8890000000000000000000000
select length(a), length(b), length(c) from t;
length(a)	length(b)	length(c)
9	6	20
select ascii(a), ascii(b), ascii(c) from t;
ascii(a)	ascii(b)	ascii(c)
228	210	228
select octet_length(a), octet_length(b), octet_length(c) from t;
octet_length(a)	octet_length(b)	octet_length(c)
9	6	20
set @@tidb_enable_vectorized_expression = false;
drop table if exists t;
create table t (a char(100) charset utf8mb4, b char(100) charset gbk);
insert into t values ('Ã Ã¡Ã¨Ã©ÃªÃ¬Ã­Ã²Ã³Ã¹ÃºÃ¼ÄÄ“Ä›Ä«Å„ÅˆÅÅ«ÇÇÇ’Ç”Ç–Ç˜ÇšÇœâ…ªâ…«', 'Ã Ã¡Ã¨Ã©ÃªÃ¬Ã­Ã²Ã³Ã¹ÃºÃ¼ÄÄ“Ä›Ä«Å„ÅˆÅÅ«ÇÇÇ’Ç”Ç–Ç˜ÇšÇœâ…ªâ…«');
select upper(a), upper(b) from t;
upper(a)	upper(b)
Ã€ÃÃˆÃ‰ÃŠÃŒÃÃ’Ã“Ã™ÃšÃœÄ€Ä’ÄšÄªÅƒÅ‡ÅŒÅªÇÇÇ‘Ç“Ç•Ç—Ç™Ç›â…ªâ…«	Ã Ã¡Ã¨Ã©ÃªÃ¬Ã­Ã²Ã³Ã¹ÃºÃ¼ÄÄ“Ä›Ä«Å„ÅˆÅÅ«ÇÇÇ’Ç”Ç–Ç˜ÇšÇœâ…ªâ…«
select lower(a), lower(b) from t;
lower(a)	lower(b)
Ã Ã¡Ã¨Ã©ÃªÃ¬Ã­Ã²Ã³Ã¹ÃºÃ¼ÄÄ“Ä›Ä«Å„ÅˆÅÅ«ÇÇÇ’Ç”Ç–Ç˜ÇšÇœâ…ºâ…»	Ã Ã¡Ã¨Ã©ÃªÃ¬Ã­Ã²Ã³Ã¹ÃºÃ¼ÄÄ“Ä›Ä«Å„ÅˆÅÅ«ÇÇÇ’Ç”Ç–Ç˜ÇšÇœâ…ªâ…«
set @@tidb_enable_vectorized_expression = true;
select upper(a), upper(b) from t;
upper(a)	upper(b)
Ã€ÃÃˆÃ‰ÃŠÃŒÃÃ’Ã“Ã™ÃšÃœÄ€Ä’ÄšÄªÅƒÅ‡ÅŒÅªÇÇÇ‘Ç“Ç•Ç—Ç™Ç›â…ªâ…«	Ã Ã¡Ã¨Ã©ÃªÃ¬Ã­Ã²Ã³Ã¹ÃºÃ¼ÄÄ“Ä›Ä«Å„ÅˆÅÅ«ÇÇÇ’Ç”Ç–Ç˜ÇšÇœâ…ªâ…«
select lower(a), lower(b) from t;
lower(a)	lower(b)
Ã Ã¡Ã¨Ã©ÃªÃ¬Ã­Ã²Ã³Ã¹ÃºÃ¼ÄÄ“Ä›Ä«Å„ÅˆÅÅ«ÇÇÇ’Ç”Ç–Ç˜ÇšÇœâ…ºâ…»	Ã Ã¡Ã¨Ã©ÃªÃ¬Ã­Ã²Ã³Ã¹ÃºÃ¼ÄÄ“Ä›Ä«Å„ÅˆÅÅ«ÇÇÇ’Ç”Ç–Ç˜ÇšÇœâ…ªâ…«
set @@tidb_enable_vectorized_expression = false;
drop table if exists t;
create table t (a char(20) charset utf8mb4, b char(20) charset gbk, c binary(20));
insert into t values ('ä¸€äºŒä¸‰', 'ä¸€äºŒä¸‰', 'ä¸€äºŒä¸‰');
select to_base64(a), to_base64(b), to_base64(c) from t;
to_base64(a)	to_base64(b)	to_base64(c)
5LiA5LqM5LiJ	0ru2/sj9	5LiA5LqM5LiJAAAAAAAAAAAAAAA=
set @@tidb_enable_vectorized_expression = true;
select to_base64(a), to_base64(b), to_base64(c) from t;
to_base64(a)	to_base64(b)	to_base64(c)
5LiA5LqM5LiJ	0ru2/sj9	5LiA5LqM5LiJAAAAAAAAAAAAAAA=
set @@tidb_enable_vectorized_expression = false;
drop table if exists t;
create table t(a char(10));
insert into t values ('ä¸­æ–‡'), ('å•Š'), ('a'), ('1'), ('ã…‚');
set @@tidb_enable_vectorized_expression = true;
select hex(convert(a using gbk)), convert(a using gbk) from t;
hex(convert(a using gbk))	convert(a using gbk)
D6D0CEC4	ä¸­æ–‡
B0A1	å•Š
61	a
31	1
3F	?
select hex(convert('ä¸­æ–‡' using gbk)), convert('ä¸­æ–‡' using gbk);
hex(convert('ä¸­æ–‡' using gbk))	convert('ä¸­æ–‡' using gbk)
D6D0CEC4	ä¸­æ–‡
select hex(convert('å•Š' using gbk)), convert('å•Š' using gbk);
hex(convert('å•Š' using gbk))	convert('å•Š' using gbk)
B0A1	å•Š
select hex(convert('a' using gbk)), convert('a' using gbk);
hex(convert('a' using gbk))	convert('a' using gbk)
61	a
select hex(convert('1' using gbk)), convert('1' using gbk);
hex(convert('1' using gbk))	convert('1' using gbk)
31	1
select hex(convert('ã…‚' using gbk)), convert('ã…‚' using gbk);
hex(convert('ã…‚' using gbk))	convert('ã…‚' using gbk)
3F	?
select convert(a using binary), convert(convert(a using gbk) using binary) from t;
convert(a using binary)	convert(convert(a using gbk) using binary)
ä¸­æ–‡	ÖĞÎÄ
å•Š	°¡
a	a
1	1
ã…‚	?
select convert(convert('ä¸­æ–‡' using gbk) using binary), convert('ä¸­æ–‡' using binary);
convert(convert('ä¸­æ–‡' using gbk) using binary)	convert('ä¸­æ–‡' using binary)
ÖĞÎÄ	ä¸­æ–‡
select convert(convert('ã…‚' using gbk) using binary), convert('ã…‚' using binary);
convert(convert('ã…‚' using gbk) using binary)	convert('ã…‚' using binary)
?	ã…‚
set @@tidb_enable_vectorized_expression = false;
select hex(convert(a using gbk)), convert(a using gbk) from t;
hex(convert(a using gbk))	convert(a using gbk)
D6D0CEC4	ä¸­æ–‡
B0A1	å•Š
61	a
31	1
3F	?
select hex(convert('ä¸­æ–‡' using gbk)), convert('ä¸­æ–‡' using gbk);
hex(convert('ä¸­æ–‡' using gbk))	convert('ä¸­æ–‡' using gbk)
D6D0CEC4	ä¸­æ–‡
select hex(convert('å•Š' using gbk)), convert('å•Š' using gbk);
hex(convert('å•Š' using gbk))	convert('å•Š' using gbk)
B0A1	å•Š
select hex(convert('a' using gbk)), convert('a' using gbk);
hex(convert('a' using gbk))	convert('a' using gbk)
61	a
select hex(convert('1' using gbk)), convert('1' using gbk);
hex(convert('1' using gbk))	convert('1' using gbk)
31	1
select hex(convert('ã…‚' using gbk)), convert('ã…‚' using gbk);
hex(convert('ã…‚' using gbk))	convert('ã…‚' using gbk)
3F	?
select convert(a using binary) from t;
convert(a using binary)
ä¸­æ–‡
å•Š
a
1
ã…‚
select convert(convert('ä¸­æ–‡' using gbk) using binary), convert('ä¸­æ–‡' using binary);
convert(convert('ä¸­æ–‡' using gbk) using binary)	convert('ä¸­æ–‡' using binary)
ÖĞÎÄ	ä¸­æ–‡
select convert(convert('ã…‚' using gbk) using binary), convert('ã…‚' using binary);
convert(convert('ã…‚' using gbk) using binary)	convert('ã…‚' using binary)
?	ã…‚
drop table if exists t;
create table t (a char(20) charset utf8mb4, b char(20) charset gbk, c binary(20));
insert into t values ('ä¸€äºŒä¸‰', 'ä¸€äºŒä¸‰', 'ä¸€äºŒä¸‰');
select md5(a), md5(b), md5(c) from t;
md5(a)	md5(b)	md5(c)
8093a32450075324682d01456d6e3919	a45d4af7b243e7f393fa09bed72ac73e	aae0117857fe54811a5239275dd81133
set @@tidb_enable_vectorized_expression = true;
select md5(a), md5(b), md5(c) from t;
md5(a)	md5(b)	md5(c)
8093a32450075324682d01456d6e3919	a45d4af7b243e7f393fa09bed72ac73e	aae0117857fe54811a5239275dd81133
set @@tidb_enable_vectorized_expression = false;
drop table if exists t;
create table t (a char(20) charset utf8mb4, b char(20) charset gbk, c binary(20));
insert into t values ('ä¸€äºŒä¸‰', 'ä¸€äºŒä¸‰', 'ä¸€äºŒä¸‰');
select decode(encode(a,"monty"),"monty") = a, md5(decode(encode(b,"monty"),"monty")) = md5(b), decode(encode(c,"monty"),"monty") = c from t;
decode(encode(a,"monty"),"monty") = a	md5(decode(encode(b,"monty"),"monty")) = md5(b)	decode(encode(c,"monty"),"monty") = c
1	1	1
set @@tidb_enable_vectorized_expression = true;
select decode(encode(a,"monty"),"monty") = a, md5(decode(encode(b,"monty"),"monty")) = md5(b), decode(encode(c,"monty"),"monty") = c from t;
decode(encode(a,"monty"),"monty") = a	md5(decode(encode(b,"monty"),"monty")) = md5(b)	decode(encode(c,"monty"),"monty") = c
1	1	1
set @@tidb_enable_vectorized_expression = false;
drop table if exists t;
create table t (a char(20) charset utf8mb4, b char(20) charset gbk, c binary(20));
insert into t values ('ä¸€äºŒä¸‰', 'ä¸€äºŒä¸‰', 'ä¸€äºŒä¸‰');
select password(a), password(b), password(c) from t;
password(a)	password(b)	password(c)
*D13577D198CA3F0AF5C548195065991E0E3EE665	*A669F2B2DD49E2463FE62D8F72DDF4F858687EA5	*9FC0B2ABDF3EC9895E852B15BE432EE0EA0C26BA
set @@tidb_enable_vectorized_expression = true;
select password(a), password(b), password(c) from t;
password(a)	password(b)	password(c)
*D13577D198CA3F0AF5C548195065991E0E3EE665	*A669F2B2DD49E2463FE62D8F72DDF4F858687EA5	*9FC0B2ABDF3EC9895E852B15BE432EE0EA0C26BA
set @@tidb_enable_vectorized_expression = false;
drop table if exists t;
create table t (a char(20) charset utf8mb4, b char(20) charset gbk, c binary(20));
insert into t values ('ä¸€äºŒä¸‰', 'ä¸€äºŒä¸‰', 'ä¸€äºŒä¸‰');
select sha1(a), sha1(b), sha1(c) from t;
sha1(a)	sha1(b)	sha1(c)
01c1743ce7a7e822454a659f659bad61375ff10c	30cda4eed59a2ff592f2881f39d42fed6e10cad8	a112317779176843452f88e5b1fdbf3092ad124a
select sha(a), sha(b), sha(c) from t;
sha(a)	sha(b)	sha(c)
01c1743ce7a7e822454a659f659bad61375ff10c	30cda4eed59a2ff592f2881f39d42fed6e10cad8	a112317779176843452f88e5b1fdbf3092ad124a
set @@tidb_enable_vectorized_expression = true;
select sha1(a), sha1(b), sha1(c) from t;
sha1(a)	sha1(b)	sha1(c)
01c1743ce7a7e822454a659f659bad61375ff10c	30cda4eed59a2ff592f2881f39d42fed6e10cad8	a112317779176843452f88e5b1fdbf3092ad124a
select sha(a), sha(b), sha(c) from t;
sha(a)	sha(b)	sha(c)
01c1743ce7a7e822454a659f659bad61375ff10c	30cda4eed59a2ff592f2881f39d42fed6e10cad8	a112317779176843452f88e5b1fdbf3092ad124a
set @@tidb_enable_vectorized_expression = false;
drop table if exists t;
create table t (a char(20) charset utf8mb4, b char(20) charset gbk, c binary(20));
insert into t values ('ä¸€äºŒä¸‰', 'ä¸€äºŒä¸‰', 'ä¸€äºŒä¸‰');
select sha2(a, 0), sha2(b, 0), sha2(c, 0) from t;
sha2(a, 0)	sha2(b, 0)	sha2(c, 0)
4fc9d8955b6155d931b24a583a6ad872f7d77fd4e4562cf8f619faa9c1a2cdc7	b6c1ae1f8d8a07426ddb13fca5124fb0b9f1f0ef1cca6730615099cf198ca8af	f98670d7ccdf803dfa2f24555cfd733d626dd24f5f2bb0b91e37cc4f54a0f359
select sha2(a, 224), sha2(b, 224), sha2(c, 224) from t;
sha2(a, 224)	sha2(b, 224)	sha2(c, 224)
ae47a60dd96e1deed3988d8fff3d662165e0aac7ddf371f244d7c11e	2362f577783f6cd6cc10b0308f946f479fef868a39d6339b5d74cc6d	eb0de82dfada1205f65ac4aa6e4778d2f7730144f31688d42a316b9c
select sha2(a, 256), sha2(b, 256), sha2(c, 256) from t;
sha2(a, 256)	sha2(b, 256)	sha2(c, 256)
4fc9d8955b6155d931b24a583a6ad872f7d77fd4e4562cf8f619faa9c1a2cdc7	b6c1ae1f8d8a07426ddb13fca5124fb0b9f1f0ef1cca6730615099cf198ca8af	f98670d7ccdf803dfa2f24555cfd733d626dd24f5f2bb0b91e37cc4f54a0f359
select sha2(a, 384), sha2(b, 384), sha2(c, 384) from t;
sha2(a, 384)	sha2(b, 384)	sha2(c, 384)
cdb9c8d3e2579d021116ebe9d7d7bb4f5b3a489cae84768f7b3348c9b8d716897a409ea96fd92bfb95e3fd8aa91ffc74	54e75070f1faab03e7ce808ca2824ed4614ad1d58ee1409d8c1e4fd72ecab12c92ac3a2f919721c2aa09b23e5f3cc8aa	1b526bf926dbc53609628f145a6efe2b17eb29754ba2c6e0e33673dbd79d62ea50bbfc233252f06ba27712f8bd406963
select sha2(a, 514), sha2(b, 514), sha2(c, 514) from t;
sha2(a, 514)	sha2(b, 514)	sha2(c, 514)
NULL	NULL	NULL
set @@tidb_enable_vectorized_expression = true;
select sha2(a, 0), sha2(b, 0), sha2(c, 0) from t;
sha2(a, 0)	sha2(b, 0)	sha2(c, 0)
4fc9d8955b6155d931b24a583a6ad872f7d77fd4e4562cf8f619faa9c1a2cdc7	4fc9d8955b6155d931b24a583a6ad872f7d77fd4e4562cf8f619faa9c1a2cdc7	f98670d7ccdf803dfa2f24555cfd733d626dd24f5f2bb0b91e37cc4f54a0f359
select sha2(a, 224), sha2(b, 224), sha2(c, 224) from t;
sha2(a, 224)	sha2(b, 224)	sha2(c, 224)
ae47a60dd96e1deed3988d8fff3d662165e0aac7ddf371f244d7c11e	ae47a60dd96e1deed3988d8fff3d662165e0aac7ddf371f244d7c11e	eb0de82dfada1205f65ac4aa6e4778d2f7730144f31688d42a316b9c
select sha2(a, 256), sha2(b, 256), sha2(c, 256) from t;
sha2(a, 256)	sha2(b, 256)	sha2(c, 256)
4fc9d8955b6155d931b24a583a6ad872f7d77fd4e4562cf8f619faa9c1a2cdc7	4fc9d8955b6155d931b24a583a6ad872f7d77fd4e4562cf8f619faa9c1a2cdc7	f98670d7ccdf803dfa2f24555cfd733d626dd24f5f2bb0b91e37cc4f54a0f359
select sha2(a, 384), sha2(b, 384), sha2(c, 384) from t;
sha2(a, 384)	sha2(b, 384)	sha2(c, 384)
cdb9c8d3e2579d021116ebe9d7d7bb4f5b3a489cae84768f7b3348c9b8d716897a409ea96fd92bfb95e3fd8aa91ffc74	cdb9c8d3e2579d021116ebe9d7d7bb4f5b3a489cae84768f7b3348c9b8d716897a409ea96fd92bfb95e3fd8aa91ffc74	1b526bf926dbc53609628f145a6efe2b17eb29754ba2c6e0e33673dbd79d62ea50bbfc233252f06ba27712f8bd406963
select sha2(a, 514), sha2(b, 514), sha2(c, 514) from t;
sha2(a, 514)	sha2(b, 514)	sha2(c, 514)
NULL	NULL	NULL
set @@tidb_enable_vectorized_expression = false;
drop table if exists t;
create table t (a char(20) charset utf8mb4, b char(20) charset gbk, c binary(20));
insert into t values ('ä¸€äºŒä¸‰', 'ä¸€äºŒä¸‰', 'ä¸€äºŒä¸‰');
select md5(b) from t where md5(b) = 'a45d4af7b243e7f393fa09bed72ac73e';
md5(b)
a45d4af7b243e7f393fa09bed72ac73e
set @@tidb_enable_vectorized_expression = true;
select md5(b) from t where md5(b) = 'a45d4af7b243e7f393fa09bed72ac73e';
md5(b)
a45d4af7b243e7f393fa09bed72ac73e
set @@tidb_enable_vectorized_expression = false;
