drop database if exists test_partition_2;
create database test_partition_2;
use test_partition_2;
create table t1 (id int, a int, b int);
create table t2 (a int, id int, b int);
create table t3 (b int, id int, a int);
create table t4 (id int, a int, b int, primary key (a));
create table t5 (a int, id int, b int, unique key (a,b));
create table t6 (b int, id int, a int, unique key (a,b));
insert into t1 (id,a,b) values (1,1,1),(2,2,2),(3,3,3),(4,4,4),(5,5,5),(6,6,6),(7,7,7),(8,8,8),(9,9,9),(10,10,10),(null,null,null);
insert into t2 (id,a,b) values (1,1,1),(2,2,2),(3,3,3),(4,4,4),(5,5,5),(6,6,6),(7,7,7),(8,8,8),(9,9,9),(10,10,10),(null,null,null);
insert into t3 (id,a,b) values (1,1,1),(2,2,2),(3,3,3),(4,4,4),(5,5,5),(6,6,6),(7,7,7),(8,8,8),(9,9,9),(10,10,10),(null,null,null);
insert into t4 (id,a,b) values (1,1,1),(2,2,2),(3,3,3),(4,4,4),(5,5,5),(6,6,6),(7,7,7),(8,8,8),(9,9,9),(10,10,10);
insert into t5 (id,a,b) values (1,1,1),(2,2,2),(3,3,3),(4,4,4),(5,5,5),(6,6,6),(7,7,7),(8,8,8),(9,9,9),(10,10,10),(null,null,null);
insert into t6 (id,a,b) values (1,1,1),(2,2,2),(3,3,3),(4,4,4),(5,5,5),(6,6,6),(7,7,7),(8,8,8),(9,9,9),(10,10,10),(null,null,null);
create table t7 (a int unsigned);
insert into t7 values (null),(0),(1),(2);
select * from t1 where id = 6 and a = 6;
id	a	b
6	6	6
select * from t2 where id = 6 and a = 6 and b = 6;
a	id	b
6	6	6
select * from t3 where id = 6 and a = 6;
b	id	a
6	6	6
select * from t1 where id = 6 and (a = 6 or a is null);
id	a	b
6	6	6
select * from t2 where id = 6 and (a = 6 and b = 6 ) or ( a is null and b = 6 );
a	id	b
6	6	6
select * from t3 where id = 6 and (a = 6 or a is null);
b	id	a
6	6	6
select * from t1 where id = 6 and (a = 1 or a is null);
id	a	b
select * from t2 where id = 6 and (a = 6 and b = 6) or ( a is null and b = 6);
a	id	b
6	6	6
select * from t3 where id = 6 and (a = 1 or a is null);
b	id	a
select * from t1 where (id = 1 and a = 1) or a is null;
id	a	b
1	1	1
NULL	NULL	NULL
select * from t2 where (id = 1 and a = 1 and b = 1) or (a is null and b is null);
a	id	b
1	1	1
NULL	NULL	NULL
select * from t3 where (id = 1 and a = 1) or a is null;
b	id	a
1	1	1
NULL	NULL	NULL
select * from t1 where (id = 1 and a = 1) or (a = 1 and id = 1);
id	a	b
1	1	1
select * from t2 where (id = 1 and a = 1 and b = 1) or (a = 1 and id = 1 and b=1);
a	id	b
1	1	1
select * from t3 where (id = 1 and a = 1) or (a = 1 and id = 1);
b	id	a
1	1	1
select * from t1 where a is null;
id	a	b
NULL	NULL	NULL
select * from t2 where a is null and b is null;
a	id	b
NULL	NULL	NULL
select * from t3 where a is null;
b	id	a
NULL	NULL	NULL
select * from t1 where a=id and id >10;
id	a	b
select * from t2 where a=id and id >10;
a	id	b
select * from t3 where a=id and id >10;
b	id	a
select * from t1 where a=id and id >10 or a is null;
id	a	b
NULL	NULL	NULL
select * from t2 where a=id and id >10 or a is null;
a	id	b
NULL	NULL	NULL
select * from t3 where a=id and id >10 or a is null;
b	id	a
NULL	NULL	NULL
select * from t1 where a in (1,2) or a=4;
id	a	b
1	1	1
2	2	2
4	4	4
select * from t2 where a in (1,2) or a=4;
a	id	b
1	1	1
2	2	2
4	4	4
select * from t3 where a in (1,2) or a=4;
b	id	a
1	1	1
2	2	2
4	4	4
select * from t1 where a in (1,2) or a=6;
id	a	b
1	1	1
2	2	2
6	6	6
select * from t2 where (a in (1,2) or a=7) and b = 2;
a	id	b
2	2	2
select * from t3 where a in (1,2) or a=8;
b	id	a
1	1	1
2	2	2
8	8	8
select * from t1 where id = 1 or b = 1;
id	a	b
1	1	1
select * from t2 where id = 1 or b = 1;
a	id	b
1	1	1
select * from t3 where id = 1 or b = 1;
b	id	a
1	1	1
select * from t1 where a = 100;
id	a	b
select * from t2 where a = 100 and b = 100;
a	id	b
select * from t3 where a = 100;
b	id	a
select * from t1 join t2 on t1.id = t2.id where (t1.a=1 or t1.a = 3) and (t2.a = 6 and t2.b = 6);
id	a	b	a	id	b
select * from t1 left join t3 on t1.id = t3.id where (t1.a=1 or t1.a = 3) and t3.a in (6,7,8);
id	a	b	b	id	a
select * from t3 right join t2 on t3.id = t2.id where (t3.a=1 or t3.a = 3) and t2.a in (6,7,8) and t2.b = 6;
b	id	a	a	id	b
select * from t1 join t2 on true where t1.a=5 and t2.a in (6,7,8) and t1.a-t2.a=1 and t2.b = 6;
id	a	b	a	id	b
select * from t1 where a = 6 union select * from t1 where a = 1 order by a;
id	a	b
1	1	1
6	6	6
select * from t4 join t5 on t4.id = t5.id where (t4.a=1 or t4.a = 3) and (t5.a = 1 or t5.a = 6) and t5.b in (1,6);
id	a	b	a	id	b
1	1	1	1	1	1
select * from t4 t1 join t4 t2 on t1.id = t2.id where t1.a in (1, 4) and t2.a in (1,3,9,100);
id	a	b	id	a	b
1	1	1	1	1	1
select * from t6 t1 join t6 t2 on t1.id = t2.id where t1.a in (1, 4) and t2.a in (1,3,9,100);
b	id	a	b	id	a
1	1	1	1	1	1
select count(*) from t6 join t5 on t6.b = t5.b where t6.a in (1,2) and t5.a in (1,6) and t5.b in (1,6);
count(*)
1
select /*+ INL_JOIN(t6,t5) */ count(*) from t6 join t5 on t6.b = t5.b where t6.a in (1,2) and t5.a in (1,6) and t5.b in (1,6);
count(*)
1
select /*+ INL_HASH_JOIN(t5,t6) */ count(*) from t6 join t5 on t6.b = t5.b where t6.a in (1,2) and t5.a in (1,6) and t5.b in (1,6);
count(*)
1
select * from t7 where a is null or a > 0 order by a;
a
NULL
1
2
drop database if exists test_partition_2;
create database test_partition_2;
use test_partition_2;
create table t1 (id int, a int, b int);
create table t2 (a int, id int, b int);
create table t3 (b int, id int, a int);
create table t4 (id int, a int, b int, primary key (a));
create table t5 (a int, id int, b int, unique key (a,b));
create table t6 (b int, id int, a int, unique key (a,b));
create table t7 (a int unsigned);
insert into t1 (id,a,b) values (1,1,1),(2,2,2),(3,3,3),(4,4,4),(5,5,5),(6,6,6),(7,7,7),(8,8,8),(9,9,9),(10,10,10),(null,null,null),(0,0,0),(11,11,11);
insert into t2 (id,a,b) values (1,1,1),(2,2,2),(3,3,3),(4,4,4),(5,5,5),(6,6,6),(7,7,7),(8,8,8),(9,9,9),(10,10,10),(null,null,null),(0,0,0),(11,11,11);
insert into t3 (id,a,b) values (1,1,1),(2,2,2),(3,3,3),(4,4,4),(5,5,5),(6,6,6),(7,7,7),(8,8,8),(9,9,9),(10,10,10),(null,null,null),(0,0,0),(11,11,11);
insert into t4 (id,a,b) values (1,1,1),(2,2,2),(3,3,3),(4,4,4),(5,5,5),(6,6,6),(7,7,7),(8,8,8),(9,9,9),(10,10,10),(0,0,0),(11,11,11);
insert into t5 (id,a,b) values (1,1,1),(2,2,2),(3,3,3),(4,4,4),(5,5,5),(6,6,6),(7,7,7),(8,8,8),(9,9,9),(10,10,10),(null,null,null),(0,0,0),(11,11,11);
insert into t6 (id,a,b) values (1,1,1),(2,2,2),(3,3,3),(4,4,4),(5,5,5),(6,6,6),(7,7,7),(8,8,8),(9,9,9),(10,10,10),(null,null,null),(0,0,0),(11,11,11);
insert into t7 values (null),(0),(1),(2),(3);
select * from t1 where id = 6 and a = 6;
id	a	b
6	6	6
select * from t2 where id = 6 and a = 6 and b = 6;
a	id	b
6	6	6
select * from t3 where id = 6 and a = 6;
b	id	a
6	6	6
select * from t1 where id = 6 and (a = 6 or a is null);
id	a	b
6	6	6
select * from t2 where id = 6 and (a = 6 and b = 6 ) or ( a is null and b = 6 );
a	id	b
6	6	6
select * from t3 where id = 6 and (a = 6 or a is null);
b	id	a
6	6	6
select * from t1 where id = 6 and (a = 1 or a is null);
id	a	b
select * from t2 where id = 6 and (a = 6 and b = 6) or ( a is null and b = 6);
a	id	b
6	6	6
select * from t3 where id = 6 and (a = 1 or a is null);
b	id	a
select * from t1 where (id = 1 and a = 1) or a is null;
id	a	b
1	1	1
NULL	NULL	NULL
select * from t2 where (id = 1 and a = 1 and b = 1) or (a is null and b is null);
a	id	b
1	1	1
NULL	NULL	NULL
select * from t3 where (id = 1 and a = 1) or a is null;
b	id	a
1	1	1
NULL	NULL	NULL
select * from t1 where (id = 1 and a = 1) or (a = 1 and id = 1);
id	a	b
1	1	1
select * from t2 where (id = 1 and a = 1 and b = 1) or (a = 1 and id = 1 and b=1);
a	id	b
1	1	1
select * from t3 where (id = 1 and a = 1) or (a = 1 and id = 1);
b	id	a
1	1	1
select * from t1 where a is null;
id	a	b
NULL	NULL	NULL
select * from t2 where a is null and b is null;
a	id	b
NULL	NULL	NULL
select * from t3 where a is null;
b	id	a
NULL	NULL	NULL
select * from t1 where a=id and id >10;
id	a	b
11	11	11
select * from t2 where a=id and id >10;
a	id	b
11	11	11
select * from t3 where a=id and id >10;
b	id	a
11	11	11
select * from t1 where a=id and id >10 or a is null;
id	a	b
NULL	NULL	NULL
11	11	11
select * from t2 where a=id and id >10 or a is null;
a	id	b
NULL	NULL	NULL
11	11	11
select * from t3 where a=id and id >10 or a is null;
b	id	a
NULL	NULL	NULL
11	11	11
select * from t1 where a in (1,2) or a=4;
id	a	b
1	1	1
2	2	2
4	4	4
select * from t2 where a in (1,2) or a=4;
a	id	b
1	1	1
2	2	2
4	4	4
select * from t3 where a in (1,2) or a=4;
b	id	a
1	1	1
2	2	2
4	4	4
select * from t1 where a in (1,2) or a=6;
id	a	b
1	1	1
2	2	2
6	6	6
select * from t2 where (a in (1,2) or a=7) and b = 2;
a	id	b
2	2	2
select * from t3 where a in (1,2) or a=8;
b	id	a
1	1	1
2	2	2
8	8	8
select * from t1 where id = 1 or b = 1;
id	a	b
1	1	1
select * from t2 where id = 1 or b = 1;
a	id	b
1	1	1
select * from t3 where id = 1 or b = 1;
b	id	a
1	1	1
select * from t1 where a = 100;
id	a	b
select * from t2 where a = 100 and b = 100;
a	id	b
select * from t3 where a = 100;
b	id	a
select * from t1 join t2 on t1.id = t2.id where (t1.a=1 or t1.a = 3) and (t2.a = 6 and t2.b = 6);
id	a	b	a	id	b
select * from t1 left join t3 on t1.id = t3.id where (t1.a=1 or t1.a = 3) and t3.a in (6,7,8);
id	a	b	b	id	a
select * from t3 right join t2 on t3.id = t2.id where (t3.a=1 or t3.a = 3) and t2.a in (6,7,8) and t2.b = 6;
b	id	a	a	id	b
select * from t1 join t2 on true where t1.a=5 and t2.a in (6,7,8) and t1.a-t2.a=1 and t2.b = 6;
id	a	b	a	id	b
select * from t1 where a = 6 union select * from t1 where a = 1 order by a;
id	a	b
1	1	1
6	6	6
select * from t4 join t5 on t4.id = t5.id where (t4.a=1 or t4.a = 3) and (t5.a = 1 or t5.a = 6) and t5.b in (1,6);
id	a	b	a	id	b
1	1	1	1	1	1
select * from t4 t1 join t4 t2 on t1.id = t2.id where t1.a in (1, 4) and t2.a in (1,3,9,100);
id	a	b	id	a	b
1	1	1	1	1	1
select * from t6 t1 join t6 t2 on t1.id = t2.id where t1.a in (1, 4) and t2.a in (1,3,9,100);
b	id	a	b	id	a
1	1	1	1	1	1
select count(*) from t6 join t5 on t6.b = t5.b where t6.a in (1,2) and t5.a in (1,6) and t5.b in (1,6);
count(*)
1
select /*+ INL_JOIN(t6,t5) */ count(*) from t6 join t5 on t6.b = t5.b where t6.a in (1,2) and t5.a in (1,6) and t5.b in (1,6);
count(*)
1
select /*+ INL_HASH_JOIN(t5,t6) */ count(*) from t6 join t5 on t6.b = t5.b where t6.a in (1,2) and t5.a in (1,6) and t5.b in (1,6);
count(*)
1
select * from t7 where a is null or a > 0 order by a;
a
NULL
1
2
3
set tidb_cost_model_version=2;
drop database if exists test_partition_2;
set @@session.tidb_regard_null_as_point=false;
create database test_partition_2;
use test_partition_2;
create table t1 (id int, a int, b int);
create table t2 (id int, a int, b int);
insert into t1 (id,a,b) values (1,1,1),(2,2,2),(3,3,3),(4,4,4),(5,5,5),(6,6,6),(7,7,7),(8,8,8),(9,9,9),(10,10,10),(null,10,null);
insert into t2 (id,a,b) values (1,1,1),(2,2,2),(3,3,3),(4,4,4),(5,5,5),(6,6,6),(7,7,7),(8,8,8),(9,9,9),(10,10,10),(null,null,null);
analyze table t1;
analyze table t2;
select * from t1 order by id,a;
id	a	b
NULL	10	NULL
1	1	1
2	2	2
3	3	3
4	4	4
5	5	5
6	6	6
7	7	7
8	8	8
9	9	9
10	10	10
select count(1) from t1 order by id,a;
count(1)
11
select * from t1 where a = 1 or b = 2;
id	a	b
1	1	1
2	2	2
select count(1) from t1 where a = 1 or b = 2;
count(1)
2
select * from t1 where a = 1 and b = 2;
id	a	b
select count(1) from t1 where a = 1 and b = 2;
count(1)
0
select * from t1 where a = 1 and b = 1;
id	a	b
1	1	1
select * from t1 where a in (1,2,3) or b in (4,5,6);
id	a	b
1	1	1
2	2	2
3	3	3
4	4	4
5	5	5
6	6	6
select * from t1 where a in (1,2,3) and b in (4,5,6);
id	a	b
select * from t1 where a in (1,2,3) and b in (3,4,6);
id	a	b
3	3	3
select * from t1 where a in (1,2,3) and b in (1,2,3);
id	a	b
1	1	1
2	2	2
3	3	3
select * from t1 where a in (1,2,3) or b in (1,2,3);
id	a	b
1	1	1
2	2	2
3	3	3
select * from t1 where ( a=1 and b=1) or (a=6 and b=6);
id	a	b
1	1	1
6	6	6
select * from t1 where a = 100 and b = 100;
id	a	b
select * from t1 join t2 on t1.id = t2.id where (t1.a=1 or t1.a = 3 and t1.b in (3,5)) and t2.a in (6,7,8) and t2.b=7 and t2.id=7;
id	a	b	id	a	b
select * from t1 left join t2 on true where (t1.a=1 or t1.a = 3 and t1.b in (3,5)) and t2.a in (6,7,8) and t2.b=7 and t2.id = 7 order by t1.id,t1.a;
id	a	b	id	a	b
1	1	1	7	7	7
3	3	3	7	7	7
select * from t1 where a = 1;
id	a	b
1	1	1
select * from t1 where b = 1;
id	a	b
1	1	1
select * from t1 where b is null;
id	a	b
NULL	10	NULL
select * from t1 where a is null;
id	a	b
select * from t1 where a = 1 or b = 2;
id	a	b
1	1	1
2	2	2
select * from t1 where a = 1 or (a = 2 and b = 2) or ((a,b) in ((4,4),(5,5)));
id	a	b
1	1	1
2	2	2
4	4	4
5	5	5
select * from t1 where a = 1 or (a is null and b = 10);
id	a	b
1	1	1
select * from t1 where a = 1 or (a = 10 and b is null);
id	a	b
1	1	1
NULL	10	NULL
select * from t1 where a = 8 or (a = 10 and b is null);
id	a	b
8	8	8
NULL	10	NULL
select * from t1 where a = 1 and false;
id	a	b
select * from t1 where a = 1 and true;
id	a	b
1	1	1
select * from t1 where a = 1 or false;
id	a	b
1	1	1
select * from t1 where a = 1 or true order by id,a;
id	a	b
NULL	10	NULL
1	1	1
2	2	2
3	3	3
4	4	4
5	5	5
6	6	6
7	7	7
8	8	8
9	9	9
10	10	10
select * from t1 where a = 1 or b in (100,200);
id	a	b
1	1	1
select * from t1 where a = 100 or b in (1,2);
id	a	b
1	1	1
2	2	2
select * from t1 where a = 100 or b in (1,6);
id	a	b
1	1	1
6	6	6
select * from t1 where a = 100 or b in (100,200);
id	a	b
select * from t1 where a in (1,6) or b in (1,2) or (a=3 and b =3);
id	a	b
1	1	1
2	2	2
3	3	3
6	6	6
select * from t1 where a in (1,6);
id	a	b
1	1	1
6	6	6
select * from t1 where a in (1,6) or (a=3 and b =3);
id	a	b
1	1	1
3	3	3
6	6	6
select * from t1 where a in (1,6) and (a=3 and b =3);
id	a	b
select * from t1 where a = 1 and (b=6 or a=6);
id	a	b
select * from t1 where a = 100 and (b=200 or a=200);
id	a	b
select * from t1 where a = 1 or (a+b=3);
id	a	b
1	1	1
select * from t1 where id = 1 or id=2;
id	a	b
1	1	1
2	2	2
select * from t1 where id = 1 and a=1;
id	a	b
1	1	1
select * from t1 join t2 on t1.id = t2.id where (t1.a=1 or t1.a = 3) and (t2.a = 6 and t2.b = 6);
id	a	b	id	a	b
select * from t1 join t1 as t2 on t1.id = t2.id where (t1.a=1 or t1.a = 3) and (t2.a = 6 and t2.b = 6);
id	a	b	id	a	b
select * from t1 where t1.a in (select b from t2 where a in (1,2)) order by a;
id	a	b
1	1	1
2	2	2
select * from t1 where t1.a in (select b from t1 where a in (1,2)) order by a;
id	a	b
1	1	1
2	2	2
select * from t1 left join t2 on t1.id = t2.id where (t1.a=1 or t1.a = 3) and t2.a in (6,7,8);
id	a	b	id	a	b
select * from t1 right join t2 on t1.id = t2.id where (t1.a=1 or t1.a = 3) and t2.a in (1,2,3);
id	a	b	id	a	b
1	1	1	1	1	1
3	3	3	3	3	3
select * from t1 join t2 on true where t1.a=5 and t2.a in (6,7,8) and t2.b = 6;
id	a	b	id	a	b
5	5	5	6	6	6
select count(*) from t1 join t2 on t1.b = t2.b where t1.a in (1,2) and t2.a in (1,6) and t1.b in (1,6);
count(*)
1
select /*+ INL_JOIN(t2,t1) */      count(*) from t2 join t1 on t2.b = t1.b where t2.a in (1,2) and t1.a in (1,6) and t1.b in (1,6);
count(*)
1
select /*+ INL_HASH_JOIN(t1,t2) */ count(*) from t2 join t1 on t2.b = t1.b where t2.a in (1,2) and t1.a in (1,6) and t1.b in (6,1);
count(*)
1
select /*+ INL_HASH_JOIN(t1,t2) */ count(*) from t2 join t1 on t2.b = t1.b where t2.a in (1,2) and t1.a in (1,6) and t1.b in (100,9,6);
count(*)
0
select /*+ INL_HASH_JOIN(t1,t2) */ count(*) from t2 join t1 on t2.b = t1.b where t2.a in (1,2) and t1.a in (1,6) and t1.b in (100,9,6,1);
count(*)
1
select * from t1 where a in (1,2,3) union select * from t1 where b in (6,7,8) order by a;
id	a	b
1	1	1
2	2	2
3	3	3
6	6	6
7	7	7
8	8	8
select * from t1 where a < 1 or b < 2;
id	a	b
1	1	1
select count(1) from t1 where a < 1 or b < 2;
count(1)
1
select * from t1 where a < 1 and b < 2;
id	a	b
select * from t1 where a < 3 or b > 4;
id	a	b
1	1	1
2	2	2
5	5	5
6	6	6
7	7	7
8	8	8
9	9	9
10	10	10
select * from t1 where a < 3 and b > 4;
id	a	b
select * from t1 where a < 3 and b >= 3;
id	a	b
select * from t1 where a < 3 and (b >= 1 and b <= 3);
id	a	b
1	1	1
2	2	2
select * from t1 where a <= 3 or b <= 3;
id	a	b
1	1	1
2	2	2
3	3	3
select * from t1 where (a<=1 and b<=1) or (a >=6 and b>=6);
id	a	b
1	1	1
6	6	6
7	7	7
8	8	8
9	9	9
10	10	10
select * from t1 where a <= 100 and b <= 100;
id	a	b
1	1	1
2	2	2
3	3	3
4	4	4
5	5	5
6	6	6
7	7	7
8	8	8
9	9	9
10	10	10
select * from t1 join t2 on t1.id = t2.id where (t1.a <= 3 and (t1.b >= 3 and t1.b <= 5)) and (t2.a >= 6 and t2.a <= 8) and t2.b>=7 and t2.id>=7;
id	a	b	id	a	b
select * from t1 left join t2 on true where (t1.a <=1 or t1.a <= 3 and (t1.b >=3 and t1.b <= 5)) and (t2.a >= 6 and t2.a <= 8) and t2.b>=7 and t2.id>=7 order by t1.id,t1.a;
id	a	b	id	a	b
1	1	1	8	8	8
1	1	1	7	7	7
3	3	3	8	8	8
3	3	3	7	7	7
select * from t1 where a <= 1;
id	a	b
1	1	1
select * from t1 where b <= 1;
id	a	b
1	1	1
select * from t1 where a <= 1 or b <= 2;
id	a	b
1	1	1
2	2	2
select * from t1 where a <= 1 or (a <= 2 and b <= 2) or (a <= 5 or b <= 5);
id	a	b
1	1	1
2	2	2
3	3	3
4	4	4
5	5	5
select * from t1 where a <= 1 or (a is null and b >= 10);
id	a	b
1	1	1
select * from t1 where a <= 1 or (a <= 10 and b is null);
id	a	b
1	1	1
NULL	10	NULL
select * from t1 where a <= 8 or b <= 9;
id	a	b
1	1	1
2	2	2
3	3	3
4	4	4
5	5	5
6	6	6
7	7	7
8	8	8
9	9	9
select * from t1 where a <= 3 and false;
id	a	b
select * from t1 where a <= 3 and true;
id	a	b
1	1	1
2	2	2
3	3	3
select * from t1 where a <= 3 or false;
id	a	b
1	1	1
2	2	2
3	3	3
select * from t1 where a = 3 or true order by id,a;
id	a	b
NULL	10	NULL
1	1	1
2	2	2
3	3	3
4	4	4
5	5	5
6	6	6
7	7	7
8	8	8
9	9	9
10	10	10
select * from t1 where a = 3 or (b >= 100 and b <= 200);
id	a	b
3	3	3
select * from t1 where a = 100 or b >= 1 and b <= 2;
id	a	b
1	1	1
2	2	2
select * from t1 where a = 100 or b >= 1 and b <= 6;
id	a	b
1	1	1
2	2	2
3	3	3
4	4	4
5	5	5
6	6	6
select * from t1 where a = 100 or (b >= 100 and b <= 200);
id	a	b
select * from t1 where (a >= 1 and a <= 6) or (b >= 1 and b <= 2) or (a<=3 and b <=3);
id	a	b
1	1	1
2	2	2
3	3	3
4	4	4
5	5	5
6	6	6
select * from t1 where a >= 1 and a <= 6;
id	a	b
1	1	1
2	2	2
3	3	3
4	4	4
5	5	5
6	6	6
select * from t1 where (a >= 1 and a <= 6) or (a>=3 and b >=3);
id	a	b
1	1	1
2	2	2
3	3	3
4	4	4
5	5	5
6	6	6
7	7	7
8	8	8
9	9	9
10	10	10
select * from t1 where a in (1,6) and (a=3 and b =3);
id	a	b
select * from t1 where a <= 1 and (b>=6 or a>=6);
id	a	b
select * from t1 where a = 100 and (b<=200 or a<=200);
id	a	b
select * from t1 where a <= 5 or (a+b=3);
id	a	b
1	1	1
2	2	2
3	3	3
4	4	4
5	5	5
select * from t1 where id <= 1 or id<=2;
id	a	b
1	1	1
2	2	2
select * from t1 where id <= 1 and a<=1;
id	a	b
1	1	1
select * from t1 join t2 on t1.id = t2.id where (t1.a<=1 or t1.a <= 3) and (t2.a <= 6 and t2.b <= 6);
id	a	b	id	a	b
1	1	1	1	1	1
2	2	2	2	2	2
3	3	3	3	3	3
select * from t1 join t1 as t2 on t1.id = t2.id where (t1.a<=1 or t1.a <= 3) and (t2.a <= 6 and t2.b <= 6);
id	a	b	id	a	b
1	1	1	1	1	1
2	2	2	2	2	2
3	3	3	3	3	3
select * from t1 where t1.a in (select b from t2 where a BETWEEN 1 AND 2) order by a;
id	a	b
1	1	1
2	2	2
select * from t1 where t1.a in (select b from t1 where a BETWEEN 1 AND 2) order by a;
id	a	b
1	1	1
2	2	2
select * from t1 left join t2 on t1.id = t2.id where (t1.a<=1 or t1.a <= 3) and t2.a BETWEEN 6 AND 8;
id	a	b	id	a	b
select * from t1 right join t2 on t1.id = t2.id where (t1.a<=1 or t1.a <= 3) and t2.a BETWEEN 1 AND 3;
id	a	b	id	a	b
1	1	1	1	1	1
2	2	2	2	2	2
3	3	3	3	3	3
select * from t1 join t2 on true where t1.a=5 and t2.a BETWEEN 6 AND 8 and t2.b >= 6;
id	a	b	id	a	b
5	5	5	6	6	6
5	5	5	7	7	7
5	5	5	8	8	8
select count(*) from t1 join t2 on t1.b = t2.b where t1.a BETWEEN 1 AND 2 and t2.a BETWEEN 1 AND 6 and t1.b BETWEEN 1 AND 6;
count(*)
2
select /*+ INL_JOIN(t2,t1) */      count(*) from t2 join t1 on t2.b = t1.b where t2.a BETWEEN 1 AND 2 and t1.a BETWEEN 1 AND 6 and t1.b BETWEEN 1 AND 6;
count(*)
2
set @@tidb_partition_prune_mode='static';
drop database if exists test_partition;
create database test_partition;
use test_partition;
drop table if exists t;
create table t (a int(11) default null) ENGINE=InnoDB DEFAULT CHARSET=utf8mb4 COLLATE=utf8mb4_bin
partition by range(a) (
partition p0 values less than (1),
partition p1 values less than (2),
partition p2 values less than (3),
partition p_max values less than (maxvalue));
explain format = 'brief' select * from t where a = 1;
id	estRows	task	access object	operator info
TableReader	10.00	root		data:Selection
└─Selection	10.00	cop[tikv]		eq(test_partition.t.a, 1)
  └─TableFullScan	10000.00	cop[tikv]	table:t, partition:p1	keep order:false, stats:pseudo
explain format = 'brief' select * from t where a = 2;
id	estRows	task	access object	operator info
TableReader	10.00	root		data:Selection
└─Selection	10.00	cop[tikv]		eq(test_partition.t.a, 2)
  └─TableFullScan	10000.00	cop[tikv]	table:t, partition:p2	keep order:false, stats:pseudo
explain format = 'brief' select * from t where a = 10;
id	estRows	task	access object	operator info
TableReader	10.00	root		data:Selection
└─Selection	10.00	cop[tikv]		eq(test_partition.t.a, 10)
  └─TableFullScan	10000.00	cop[tikv]	table:t, partition:p_max	keep order:false, stats:pseudo
explain format = 'brief' select * from t where a = -1;
id	estRows	task	access object	operator info
TableReader	10.00	root		data:Selection
└─Selection	10.00	cop[tikv]		eq(test_partition.t.a, -1)
  └─TableFullScan	10000.00	cop[tikv]	table:t, partition:p0	keep order:false, stats:pseudo
explain format = 'brief' select * from t where a is NULL;
id	estRows	task	access object	operator info
TableReader	10.00	root		data:Selection
└─Selection	10.00	cop[tikv]		isnull(test_partition.t.a)
  └─TableFullScan	10000.00	cop[tikv]	table:t, partition:p0	keep order:false, stats:pseudo
explain format = 'brief' select * from t where a = 1.5;
id	estRows	task	access object	operator info
PartitionUnion	32000.00	root		
├─TableReader	8000.00	root		data:Selection
│ └─Selection	8000.00	cop[tikv]		eq(cast(test_partition.t.a, decimal(10,0) BINARY), 1.5)
│   └─TableFullScan	10000.00	cop[tikv]	table:t, partition:p0	keep order:false, stats:pseudo
├─TableReader	8000.00	root		data:Selection
│ └─Selection	8000.00	cop[tikv]		eq(cast(test_partition.t.a, decimal(10,0) BINARY), 1.5)
│   └─TableFullScan	10000.00	cop[tikv]	table:t, partition:p1	keep order:false, stats:pseudo
├─TableReader	8000.00	root		data:Selection
│ └─Selection	8000.00	cop[tikv]		eq(cast(test_partition.t.a, decimal(10,0) BINARY), 1.5)
│   └─TableFullScan	10000.00	cop[tikv]	table:t, partition:p2	keep order:false, stats:pseudo
└─TableReader	8000.00	root		data:Selection
  └─Selection	8000.00	cop[tikv]		eq(cast(test_partition.t.a, decimal(10,0) BINARY), 1.5)
    └─TableFullScan	10000.00	cop[tikv]	table:t, partition:p_max	keep order:false, stats:pseudo
explain format = 'brief' select * from t where a in (2);
id	estRows	task	access object	operator info
TableReader	10.00	root		data:Selection
└─Selection	10.00	cop[tikv]		eq(test_partition.t.a, 2)
  └─TableFullScan	10000.00	cop[tikv]	table:t, partition:p2	keep order:false, stats:pseudo
create database issue42135;
use issue42135;
CREATE TABLE `tx1` (`ID` varchar(13), `a` varchar(13), `b` varchar(4000), `ltype` int(5) NOT NULL);
CREATE TABLE `tx2` (`ID` varchar(13), `rid` varchar(12), `a` varchar(9), `b` varchar(8), `c` longtext, `d` varchar(12), `ltype` int(5) NOT NULL) PARTITION BY LIST (`ltype`) (PARTITION `p1` VALUES IN (501), PARTITION `p2` VALUES IN (502));
insert into tx1 values(1,1,1,501);
insert into tx2 values(1,1,1,1,1,1,501);
analyze table tx1;
analyze table tx2;
select * from tx1 inner join tx2 on tx1.ID=tx2.ID and tx1.ltype=tx2.ltype where tx2.rid='1';
ID	a	b	ltype	ID	rid	a	b	c	d	ltype
1	1	1	501	1	1	1	1	1	1	501
explain format='brief' select * from tx1 inner join tx2 on tx1.ID=tx2.ID and tx1.ltype=tx2.ltype where tx2.rid='1';
id	estRows	task	access object	operator info
HashJoin	1.22	root		inner join, equal:[eq(issue42135.tx1.id, issue42135.tx2.id) eq(issue42135.tx1.ltype, issue42135.tx2.ltype)]
├─TableReader(Build)	1.00	root		data:Selection
│ └─Selection	1.00	cop[tikv]		not(isnull(issue42135.tx1.id))
│   └─TableFullScan	1.00	cop[tikv]	table:tx1	keep order:false
└─PartitionUnion(Probe)	10.99	root		
  ├─TableReader	1.00	root		data:Selection
  │ └─Selection	1.00	cop[tikv]		eq(issue42135.tx2.rid, "1"), not(isnull(issue42135.tx2.id))
  │   └─TableFullScan	1.00	cop[tikv]	table:tx2, partition:p1	keep order:false
  └─TableReader	9.99	root		data:Selection
    └─Selection	9.99	cop[tikv]		eq(issue42135.tx2.rid, "1"), not(isnull(issue42135.tx2.id))
      └─TableFullScan	10000.00	cop[tikv]	table:tx2, partition:p2	keep order:false, stats:pseudo
drop table tx2;
CREATE TABLE `tx2` (`ID` varchar(13), `rid` varchar(12), `a` varchar(9), `b` varchar(8), `c` longtext, `d` varchar(12), `ltype` int(5) NOT NULL) PARTITION BY LIST COLUMNS (`ltype`,d) (PARTITION `p1` VALUES IN ((501,1)), PARTITION `p2` VALUES IN ((502,1)));
insert into tx2 values(1,1,1,1,1,1,501);
analyze table tx2;
select * from tx1 inner join tx2 on tx1.ID=tx2.ID and tx1.ltype=tx2.ltype where tx2.rid='1';
ID	a	b	ltype	ID	rid	a	b	c	d	ltype
1	1	1	501	1	1	1	1	1	1	501
explain format='brief' select * from tx1 inner join tx2 on tx1.ID=tx2.ID and tx1.ltype=tx2.ltype where tx2.rid='1';
id	estRows	task	access object	operator info
HashJoin	1.22	root		inner join, equal:[eq(issue42135.tx1.id, issue42135.tx2.id) eq(issue42135.tx1.ltype, issue42135.tx2.ltype)]
├─TableReader(Build)	1.00	root		data:Selection
│ └─Selection	1.00	cop[tikv]		not(isnull(issue42135.tx1.id))
│   └─TableFullScan	1.00	cop[tikv]	table:tx1	keep order:false
└─PartitionUnion(Probe)	10.99	root		
  ├─TableReader	1.00	root		data:Selection
  │ └─Selection	1.00	cop[tikv]		eq(issue42135.tx2.rid, "1"), not(isnull(issue42135.tx2.id))
  │   └─TableFullScan	1.00	cop[tikv]	table:tx2, partition:p1	keep order:false
  └─TableReader	9.99	root		data:Selection
    └─Selection	9.99	cop[tikv]		eq(issue42135.tx2.rid, "1"), not(isnull(issue42135.tx2.id))
      └─TableFullScan	10000.00	cop[tikv]	table:tx2, partition:p2	keep order:false, stats:pseudo
