set @@time_zone = '+00:00';
select timestamp '2024-01-01 14:00:00+01:00';
timestamp '2024-01-01 14:00:00+01:00'
2024-01-01 13:00:00
select timestamp '2024-01-01 14:00:00+01:59';
timestamp '2024-01-01 14:00:00+01:59'
2024-01-01 12:01:00
select timestamp '2024-01-01 14:00:00+01:60';
Error 1292 (22007): Incorrect datetime value: '2024-01-01 14:00:00+01:60'
select timestamp '2024-01-01 14:00:00-01:00';
timestamp '2024-01-01 14:00:00-01:00'
2024-01-01 15:00:00
select timestamp '2024-01-01 14:00:00-01:59';
timestamp '2024-01-01 14:00:00-01:59'
2024-01-01 15:59:00
select timestamp '2024-01-01 14:00:00-01:60';
Error 1292 (22007): Incorrect datetime value: '2024-01-01 14:00:00-01:60'
select timestamp '2024-01-01 14:00:00+14:00';
timestamp '2024-01-01 14:00:00+14:00'
2024-01-01 00:00:00
select timestamp '2024-01-01 14:00:00-14:00';
timestamp '2024-01-01 14:00:00-14:00'
2024-01-02 04:00:00
select timestamp '2024-01-01 14:00:00+14:01';
Error 1292 (22007): Incorrect datetime value: '2024-01-01 14:00:00+14:01'
select timestamp '2024-01-01 14:00:00-14:01';
Error 1292 (22007): Incorrect datetime value: '2024-01-01 14:00:00-14:01'
select timestamp '2024-01-01 14:00:00+14:59';
Error 1292 (22007): Incorrect datetime value: '2024-01-01 14:00:00+14:59'
select timestamp '2024-01-01 14:00:00-14:59';
Error 1292 (22007): Incorrect datetime value: '2024-01-01 14:00:00-14:59'
select timestamp '2024-01-01 14:00:00+15:00';
Error 1292 (22007): Incorrect datetime value: '2024-01-01 14:00:00+15:00'
select timestamp '2024-01-01 14:00:00-15:00';
Error 1292 (22007): Incorrect datetime value: '2024-01-01 14:00:00-15:00'
select timestamp '2024';
Error 1525 (HY000): Incorrect datetime value: '2024'
select timestamp '2024-01';
Error 1525 (HY000): Incorrect datetime value: '2024-01'
select timestamp '2024-1';
Error 1525 (HY000): Incorrect datetime value: '2024-1'
select timestamp '2024-01-01';
Error 1525 (HY000): Incorrect datetime value: '2024-01-01'
select timestamp '2024-1-1';
Error 1525 (HY000): Incorrect datetime value: '2024-1-1'
select timestamp '2024-01-1';
Error 1525 (HY000): Incorrect datetime value: '2024-01-1'
select timestamp '2024-1-01';
Error 1525 (HY000): Incorrect datetime value: '2024-1-01'
select timestamp '2024-01-01 14.999999999999';
Error 1292 (22007): Incorrect datetime value: '2024-01-01 14.999999999999'
select timestamp '2024-01-01 14.888888888888';
Error 1292 (22007): Incorrect datetime value: '2024-01-01 14.888888888888'
select timestamp '2024-01-01 14.66';
Error 1292 (22007): Incorrect datetime value: '2024-01-01 14.66'
select timestamp '2024-01-01 14.555555555555';
Error 1292 (22007): Incorrect datetime value: '2024-01-01 14.555555555555'
select timestamp '2024-01-01 14.0000111';
Error 1292 (22007): Incorrect datetime value: '2024-01-01 14.0000111'
select timestamp '2024-01-01 14.000011';
timestamp '2024-01-01 14.000011'
2024-01-01 14:11:00.000000
select timestamp '2024-01-01 14.55';
timestamp '2024-01-01 14.55'
2024-01-01 14:55:00.00
select timestamp '2024-01-01 14.9';
timestamp '2024-01-01 14.9'
2024-01-01 14:09:00.0
select timestamp '2024-01-01 14.0000000000001';
timestamp '2024-01-01 14.0000000000001'
2024-01-01 14:01:00.000000
select timestamp '2024-01-01 14:00.0000000000001';
timestamp '2024-01-01 14:00.0000000000001'
2024-01-01 14:00:01.000000
select timestamp '2024-01-01 14.';
timestamp '2024-01-01 14.'
2024-01-01 14:00:00
select timestamp '2024-01-01 14:00...';
Error 1525 (HY000): Incorrect datetime value: '2024-01-01 14:00...'
select timestamp '2024-01-01 14:00::';
Error 1525 (HY000): Incorrect datetime value: '2024-01-01 14:00::'
select timestamp '2024-01-01 14:00:';
Error 1525 (HY000): Incorrect datetime value: '2024-01-01 14:00:'
select timestamp '2024-01-01 14:00:00.0000000000001';
timestamp '2024-01-01 14:00:00.0000000000001'
2024-01-01 14:00:00.000000
select timestamp '2024-01-01 14:00:00.999999999999';
timestamp '2024-01-01 14:00:00.999999999999'
2024-01-01 14:00:01.000000
select timestamp '0-02-03 17';
timestamp '0-02-03 17'
2000-02-03 17:00:00
select timestamp '4-01-01 14';
timestamp '4-01-01 14'
2004-01-01 14:00:00
select timestamp '24-01-01 14';
timestamp '24-01-01 14'
2024-01-01 14:00:00
select timestamp '024-01-01 14';
timestamp '024-01-01 14'
0024-01-01 14:00:00
select timestamp '124-01-01 14';
timestamp '124-01-01 14'
0124-01-01 14:00:00
select timestamp '02024-01-01 14';
timestamp '02024-01-01 14'
2024-01-01 14:00:00
select timestamp '000002024-00001-00001 00014';
timestamp '000002024-00001-00001 00014'
2024-01-01 14:00:00
select timestamp '000002024-00001-00001 00014:000001:000001';
timestamp '000002024-00001-00001 00014:000001:000001'
2024-01-01 14:01:01
select timestamp '000002024-00001-00001 00014:000001:000001+001:001';
Error 1525 (HY000): Incorrect datetime value: '000002024-00001-00001 00014:000001:000001+001:001'
select timestamp '000002024-00001-00001 00014:000001:000001+01:001';
Error 1525 (HY000): Incorrect datetime value: '000002024-00001-00001 00014:000001:000001+01:001'
select timestamp '000002024-00001-00001 00014:000001:000001+001:01';
Error 1525 (HY000): Incorrect datetime value: '000002024-00001-00001 00014:000001:000001+001:01'
select timestamp '2024-01-01 14:01:01+1:1';
Error 1525 (HY000): Incorrect datetime value: '2024-01-01 14:01:01+1:1'
select timestamp '2024-01-01 14:01:01+01:1';
Error 1525 (HY000): Incorrect datetime value: '2024-01-01 14:01:01+01:1'
select timestamp '2024-01-01 14:01:01+1:01';
Error 1525 (HY000): Incorrect datetime value: '2024-01-01 14:01:01+1:01'
select timestamp '2024-01-01 14:01:01+01;01';
Error 1525 (HY000): Incorrect datetime value: '2024-01-01 14:01:01+01;01'
select timestamp '2024-01-01 14:01:01+01-01';
Error 1525 (HY000): Incorrect datetime value: '2024-01-01 14:01:01+01-01'
select timestamp '2024-01-01 14:01:01+0101';
Error 1525 (HY000): Incorrect datetime value: '2024-01-01 14:01:01+0101'
select timestamp '2024-1-1 0';
timestamp '2024-1-1 0'
2024-01-01 00:00:00
select timestamp '2024-1-1 1';
timestamp '2024-1-1 1'
2024-01-01 01:00:00
select timestamp '2024-1-1 1:1';
timestamp '2024-1-1 1:1'
2024-01-01 01:01:00
select timestamp '2024-1-1 1:1:1.11';
timestamp '2024-1-1 1:1:1.11'
2024-01-01 01:01:01.11
select timestamp '2024-01-01 0';
timestamp '2024-01-01 0'
2024-01-01 00:00:00
select timestamp '2024-01-01 1';
timestamp '2024-01-01 1'
2024-01-01 01:00:00
select timestamp '2024-01-01 0';
timestamp '2024-01-01 0'
2024-01-01 00:00:00
select timestamp '2024-01-01 14';
timestamp '2024-01-01 14'
2024-01-01 14:00:00
select timestamp '2024-01-01 14:00';
timestamp '2024-01-01 14:00'
2024-01-01 14:00:00
select timestamp '2024-01-01 14:00:00';
timestamp '2024-01-01 14:00:00'
2024-01-01 14:00:00
select timestamp '2024-01-01 14:00:00.010';
timestamp '2024-01-01 14:00:00.010'
2024-01-01 14:00:00.010
select timestamp '2024-01-01 14:00:00.123456789';
timestamp '2024-01-01 14:00:00.123456789'
2024-01-01 14:00:00.123457
select timestamp '2024-01-01 14:00:00.123456789+02:00';
timestamp '2024-01-01 14:00:00.123456789+02:00'
2024-01-01 12:00:00.123457
select timestamp '2024-01-01 14+01:00';
timestamp '2024-01-01 14+01:00'
2024-01-01 14:01:00
select timestamp'10101.5';
Error 1525 (HY000): Incorrect datetime value: '10101.5'
SELECT { ts '2024-01-01 14:00:00+00:00' };
{ ts '2024-01-01 14:00:00+00:00' }
2024-01-01 14:00:00
SELECT { ts '2024-01-01 14:00:00-14:00' };
{ ts '2024-01-01 14:00:00-14:00' }
2024-01-02 04:00:00
SELECT { ts '2024-01-01 14:00:00+14:00' };
{ ts '2024-01-01 14:00:00+14:00' }
2024-01-01 00:00:00
SELECT { ts '2024-01-01 14:00:00-14:01' };
Error 1292 (22007): Incorrect datetime value: '2024-01-01 14:00:00-14:01'
SELECT { ts '2024-01-01 14:00:00+14:01' };
Error 1292 (22007): Incorrect datetime value: '2024-01-01 14:00:00+14:01'
SELECT { ts '2024-01-01 14:00:00-00:00' };
Error 1292 (22007): Incorrect datetime value: '2024-01-01 14:00:00-00:00'
SELECT { d '2024-01-01' };
{ d '2024-01-01' }
2024-01-01
SELECT { d '2024-01-01 01:12:31' };
Error 1292 (22007): Incorrect date value: '2024-01-01 01:12:31'
SELECT { t '14:00:00' };
{ t '14:00:00' }
14:00:00
SELECT { d '2024-01-01 01:12:31' };
Error 1292 (22007): Incorrect date value: '2024-01-01 01:12:31'
set @old_sql_mode = @@sql_mode;
set @@sql_mode = '';
create table t (id int not null auto_increment primary key, ts timestamp, tz varchar(255));
set time_zone = 'Europe/Amsterdam';
insert into t values (NULL, '2024-10-27 02:30:00', @@time_zone);
insert into t values (NULL, '2024-10-27 02:30:00+01:00', @@time_zone);
insert into t values (NULL, '2024-10-27 02:30:00+02:00', @@time_zone);
insert into t values (NULL, '2025-10-26 02:30:00', @@time_zone);
insert into t values (NULL, '2025-10-26 02:30:00+01:00', @@time_zone);
insert into t values (NULL, '2025-10-26 02:30:00+02:00', @@time_zone);
insert into t values (NULL, '2037-10-25 02:30:00', @@time_zone);
insert into t values (NULL, '2037-10-25 02:30:00+01:00', @@time_zone);
insert into t values (NULL, '2037-10-25 02:30:00+02:00', @@time_zone);
set time_zone = 'Australia/Lord_Howe';
insert into t values (NULL, '2024-04-07 01:45:00', @@time_zone);
insert into t values (NULL, '2024-04-07 01:45:00+11:00', @@time_zone);
insert into t values (NULL, '2024-04-07 01:45:00+10:30', @@time_zone);
insert into t values (NULL, '2025-04-06 01:45:00', @@time_zone);
insert into t values (NULL, '2025-04-06 01:45:00+11:00', @@time_zone);
insert into t values (NULL, '2025-04-06 01:45:00+10:30', @@time_zone);
set time_zone = 'Canada/Newfoundland';
insert into t values (NULL, '1998-04-03 00:00:59', @@time_zone);
insert into t values (NULL, '1998-04-03 00:01:00', @@time_zone);
insert into t values (NULL, '1998-04-03 02:00:59', @@time_zone);
insert into t values (NULL, '1998-04-03 02:01:00', @@time_zone);
insert into t values (NULL, '1998-10-29 23:30:00', @@time_zone);
insert into t values (NULL, '1998-10-29 23:30:00-01:30', @@time_zone);
insert into t values (NULL, '1998-10-29 23:30:00-03:30', @@time_zone);
insert into t values (NULL, '1998-10-29 22:00:59', @@time_zone);
insert into t values (NULL, '1998-10-29 22:01:00', @@time_zone);
insert into t values (NULL, '1998-10-30 00:00:59', @@time_zone);
insert into t values (NULL, '1998-10-30 00:01:00', @@time_zone);
set time_zone = 'Pacific/Apia';
insert into t values (NULL, '2011-12-29 23:59:59', @@time_zone);
insert into t values (NULL, '2011-12-30 00:00:00', @@time_zone);
Level	Code	Message
Warning	1292	Incorrect timestamp value: '2011-12-30 00:00:00' for column 'ts' at row 1
insert into t values (NULL, '2011-12-30 23:59:59', @@time_zone);
Level	Code	Message
Warning	1292	Incorrect timestamp value: '2011-12-30 23:59:59' for column 'ts' at row 1
insert into t values (NULL, '2011-12-31 00:00:00', @@time_zone);
select * from t where tz = @@time_zone order by id;
id	ts	tz
27	2011-12-29 23:59:59	Pacific/Apia
28	0000-00-00 00:00:00	Pacific/Apia
29	0000-00-00 00:00:00	Pacific/Apia
30	2011-12-31 00:00:00	Pacific/Apia
set time_zone = 'UTC';
select * from t order by id;
id	ts	tz
1	2024-10-27 00:30:00	Europe/Amsterdam
2	2024-10-27 00:30:00	Europe/Amsterdam
3	2024-10-27 00:30:00	Europe/Amsterdam
4	2025-10-26 00:30:00	Europe/Amsterdam
5	2025-10-26 00:30:00	Europe/Amsterdam
6	2025-10-26 00:30:00	Europe/Amsterdam
7	2037-10-25 00:30:00	Europe/Amsterdam
8	2037-10-25 00:30:00	Europe/Amsterdam
9	2037-10-25 00:30:00	Europe/Amsterdam
10	2024-04-06 14:45:00	Australia/Lord_Howe
11	2024-04-06 14:45:00	Australia/Lord_Howe
12	2024-04-06 14:45:00	Australia/Lord_Howe
13	2025-04-05 14:45:00	Australia/Lord_Howe
14	2025-04-05 14:45:00	Australia/Lord_Howe
15	2025-04-05 14:45:00	Australia/Lord_Howe
16	1998-04-03 03:30:59	Canada/Newfoundland
17	1998-04-03 03:31:00	Canada/Newfoundland
18	1998-04-03 05:30:59	Canada/Newfoundland
19	1998-04-03 05:31:00	Canada/Newfoundland
20	1998-10-30 03:00:00	Canada/Newfoundland
21	1998-10-30 01:00:00	Canada/Newfoundland
22	1998-10-30 03:00:00	Canada/Newfoundland
23	1998-10-30 01:30:59	Canada/Newfoundland
24	1998-10-30 01:31:00	Canada/Newfoundland
25	1998-10-30 03:30:59	Canada/Newfoundland
26	1998-10-30 03:31:00	Canada/Newfoundland
27	2011-12-30 09:59:59	Pacific/Apia
28	0000-00-00 00:00:00	Pacific/Apia
29	0000-00-00 00:00:00	Pacific/Apia
30	2011-12-30 10:00:00	Pacific/Apia
set @@sql_mode = @old_sql_mode;
