CastIntAsInt/base/0	0	value:2d31		0
CastIntAsInt/base/0	2	value:2d31		0
CastIntAsInt/base/0	1	value:2d31		0
CastIntAsInt/unsigned/0	0	value:3138343436373434303733373039353531363135		0
CastIntAsInt/unsigned/0	2	value:3138343436373434303733373039353531363135		0
CastIntAsInt/unsigned/0	1	value:3138343436373434303733373039353531363135		0
CastIntAsInt/base/1	0	value:30		0
CastIntAsInt/base/1	2	value:30		0
CastIntAsInt/base/1	1	value:30		0
CastIntAsInt/unsigned/1	0	value:30		0
CastIntAsInt/unsigned/1	2	value:30		0
CastIntAsInt/unsigned/1	1	value:30		0
CastIntAsInt/base/2	0	value:31		0
CastIntAsInt/base/2	2	value:31		0
CastIntAsInt/base/2	1	value:31		0
CastIntAsInt/unsigned/2	0	value:31		0
CastIntAsInt/unsigned/2	2	value:31		0
CastIntAsInt/unsigned/2	1	value:31		0
CastIntAsInt/base/3	0	value:39323233333732303336383534373735383037		0
CastIntAsInt/base/3	2	value:39323233333732303336383534373735383037		0
CastIntAsInt/base/3	1	value:39323233333732303336383534373735383037		0
CastIntAsInt/unsigned/3	0	value:39323233333732303336383534373735383037		0
CastIntAsInt/unsigned/3	2	value:39323233333732303336383534373735383037		0
CastIntAsInt/unsigned/3	1	value:39323233333732303336383534373735383037		0
CastIntAsInt/uint64max	0	value:2d31		0
CastIntAsInt/uint64max	2	value:2d31		0
CastIntAsInt/uint64max	1	value:2d31		0
CastIntAsReal/base/0	0	real:bff0000000000000		0
CastIntAsReal/base/0	2	real:bff0000000000000		0
CastIntAsReal/base/0	1	real:bff0000000000000		0
CastIntAsReal/unsigned/0	0	real:bff0000000000000		0
CastIntAsReal/unsigned/0	2	real:bff0000000000000		0
CastIntAsReal/unsigned/0	1	real:bff0000000000000		0
CastIntAsReal/base/1	0	real:0000000000000000		0
CastIntAsReal/base/1	2	real:0000000000000000		0
CastIntAsReal/base/1	1	real:0000000000000000		0
CastIntAsReal/unsigned/1	0	real:0000000000000000		0
CastIntAsReal/unsigned/1	2	real:0000000000000000		0
CastIntAsReal/unsigned/1	1	real:0000000000000000		0
CastIntAsReal/base/2	0	real:3ff0000000000000		0
CastIntAsReal/base/2	2	real:3ff0000000000000		0
CastIntAsReal/base/2	1	real:3ff0000000000000		0
CastIntAsReal/unsigned/2	0	real:3ff0000000000000		0
CastIntAsReal/unsigned/2	2	real:3ff0000000000000		0
CastIntAsReal/unsigned/2	1	real:3ff0000000000000		0
CastIntAsReal/base/3	0	real:43e0000000000000		0
CastIntAsReal/base/3	2	real:43e0000000000000		0
CastIntAsReal/base/3	1	real:43e0000000000000		0
CastIntAsReal/unsigned/3	0	real:43e0000000000000		0
CastIntAsReal/unsigned/3	2	real:43e0000000000000		0
CastIntAsReal/unsigned/3	1	real:43e0000000000000		0
CastIntAsReal/uint64max	0	real:bff0000000000000		0
CastIntAsReal/uint64max	2	real:bff0000000000000		0
CastIntAsReal/uint64max	1	real:bff0000000000000		0
CastIntAsDecimal/base/0	0	value:2d312e3030		0
CastIntAsDecimal/base/0	2	value:2d312e3030		0
CastIntAsDecimal/base/0	1	value:2d312e3030		0
CastIntAsDecimal/unsigned/0	0	value:2d312e3030		0
CastIntAsDecimal/unsigned/0	2	value:2d312e3030		0
CastIntAsDecimal/unsigned/0	1	value:2d312e3030		0
CastIntAsDecimal/base/1	0	value:302e3030		0
CastIntAsDecimal/base/1	2	value:302e3030		0
CastIntAsDecimal/base/1	1	value:302e3030		0
CastIntAsDecimal/unsigned/1	0	value:302e3030		0
CastIntAsDecimal/unsigned/1	2	value:302e3030		0
CastIntAsDecimal/unsigned/1	1	value:302e3030		0
CastIntAsDecimal/base/2	0	value:312e3030		0
CastIntAsDecimal/base/2	2	value:312e3030		0
CastIntAsDecimal/base/2	1	value:312e3030		0
CastIntAsDecimal/unsigned/2	0	value:312e3030		0
CastIntAsDecimal/unsigned/2	2	value:312e3030		0
CastIntAsDecimal/unsigned/2	1	value:312e3030		0
CastIntAsDecimal/base/3	0	value:39393939393939392e3939		1
CastIntAsDecimal/base/3	2	value:39393939393939392e3939		1
CastIntAsDecimal/base/3	1	value:39393939393939392e3939		1
CastIntAsDecimal/unsigned/3	0	value:39393939393939392e3939		1
CastIntAsDecimal/unsigned/3	2	value:39393939393939392e3939		1
CastIntAsDecimal/unsigned/3	1	value:39393939393939392e3939		1
CastIntAsDecimal/uint64max	0	value:2d312e3030		0
CastIntAsDecimal/uint64max	2	value:2d312e3030		0
CastIntAsDecimal/uint64max	1	value:2d312e3030		0
CastIntAsString/base/0	0	value:2d31		0
CastIntAsString/base/0	2	value:2d31		0
CastIntAsString/base/0	1	value:2d31		0
CastIntAsString/unsigned/0	0	value:2d31		0
CastIntAsString/unsigned/0	2	value:2d31		0
CastIntAsString/unsigned/0	1	value:2d31		0
CastIntAsString/base/1	0	value:30		0
CastIntAsString/base/1	2	value:30		0
CastIntAsString/base/1	1	value:30		0
CastIntAsString/unsigned/1	0	value:30		0
CastIntAsString/unsigned/1	2	value:30		0
CastIntAsString/unsigned/1	1	value:30		0
CastIntAsString/base/2	0	value:31		0
CastIntAsString/base/2	2	value:31		0
CastIntAsString/base/2	1	value:31		0
CastIntAsString/unsigned/2	0	value:31		0
CastIntAsString/unsigned/2	2	value:31		0
CastIntAsString/unsigned/2	1	value:31		0
CastIntAsString/base/3	0	value:39323233333732303336383534373735383037		0
CastIntAsString/base/3	2	value:39323233333732303336383534373735383037		0
CastIntAsString/base/3	1	value:39323233333732303336383534373735383037		0
CastIntAsString/unsigned/3	0	value:39323233333732303336383534373735383037		0
CastIntAsString/unsigned/3	2	value:39323233333732303336383534373735383037		0
CastIntAsString/unsigned/3	1	value:39323233333732303336383534373735383037		0
CastIntAsString/uint64max	0	value:3138343436373434303733373039353531363135		0
CastIntAsString/uint64max	2	value:3138343436373434303733373039353531363135		0
CastIntAsString/uint64max	1	value:3138343436373434303733373039353531363135		0
CastIntAsTime/base/0	0	null		1
CastIntAsTime/base/0	2	null		1
CastIntAsTime/base/0	1	null		1
CastIntAsTime/unsigned/0	0	null		1
CastIntAsTime/unsigned/0	2	null		1
CastIntAsTime/unsigned/0	1	null		1
CastIntAsTime/base/1	0	value:303030302d30302d30302030303a30303a3030		0
CastIntAsTime/base/1	2	value:303030302d30302d30302030303a30303a3030		0
CastIntAsTime/base/1	1	value:303030302d30302d30302030303a30303a3030		0
CastIntAsTime/unsigned/1	0	value:303030302d30302d30302030303a30303a3030		0
CastIntAsTime/unsigned/1	2	value:303030302d30302d30302030303a30303a3030		0
CastIntAsTime/unsigned/1	1	value:303030302d30302d30302030303a30303a3030		0
CastIntAsTime/base/2	0	null		1
CastIntAsTime/base/2	2	null		1
CastIntAsTime/base/2	1	null		1
CastIntAsTime/unsigned/2	0	null		1
CastIntAsTime/unsigned/2	2	null		1
CastIntAsTime/unsigned/2	1	null		1
CastIntAsTime/base/3	0	null		1
CastIntAsTime/base/3	2	null		1
CastIntAsTime/base/3	1	null		1
CastIntAsTime/unsigned/3	0	null		1
CastIntAsTime/unsigned/3	2	null		1
CastIntAsTime/unsigned/3	1	null		1
CastIntAsTime/uint64max	0	null		1
CastIntAsTime/uint64max	2	null		1
CastIntAsTime/uint64max	1	null		1
CastIntAsTime/timestamp	0	null		1
CastIntAsTime/timestamp	2	null		1
CastIntAsTime/timestamp	1	null		1
CastIntAsDuration/base/0	0	value:2d30303a30303a30312e303030		0
CastIntAsDuration/base/0	2	value:2d30303a30303a30312e303030		0
CastIntAsDuration/base/0	1	value:2d30303a30303a30312e303030		0
CastIntAsDuration/unsigned/0	0	value:2d30303a30303a30312e303030		0
CastIntAsDuration/unsigned/0	2	value:2d30303a30303a30312e303030		0
CastIntAsDuration/unsigned/0	1	value:2d30303a30303a30312e303030		0
CastIntAsDuration/base/1	0	value:30303a30303a30302e303030		0
CastIntAsDuration/base/1	2	value:30303a30303a30302e303030		0
CastIntAsDuration/base/1	1	value:30303a30303a30302e303030		0
CastIntAsDuration/unsigned/1	0	value:30303a30303a30302e303030		0
CastIntAsDuration/unsigned/1	2	value:30303a30303a30302e303030		0
CastIntAsDuration/unsigned/1	1	value:30303a30303a30302e303030		0
CastIntAsDuration/base/2	0	value:30303a30303a30312e303030		0
CastIntAsDuration/base/2	2	value:30303a30303a30312e303030		0
CastIntAsDuration/base/2	1	value:30303a30303a30312e303030		0
CastIntAsDuration/unsigned/2	0	value:30303a30303a30312e303030		0
CastIntAsDuration/unsigned/2	2	value:30303a30303a30312e303030		0
CastIntAsDuration/unsigned/2	1	value:30303a30303a30312e303030		0
CastIntAsDuration/base/3	0	error	5472756e636174656457726f6e6756616c756528225472756e636174656420696e636f72726563742074696d652076616c75653a202739323233333732303336383534373735383037272229	0
CastIntAsDuration/base/3	2	null		1
CastIntAsDuration/base/3	1	null		0
CastIntAsDuration/unsigned/3	0	error	5472756e636174656457726f6e6756616c756528225472756e636174656420696e636f72726563742074696d652076616c75653a202739323233333732303336383534373735383037272229	0
CastIntAsDuration/unsigned/3	2	null		1
CastIntAsDuration/unsigned/3	1	null		0
CastIntAsDuration/uint64max	0	value:2d30303a30303a30312e303030		0
CastIntAsDuration/uint64max	2	value:2d30303a30303a30312e303030		0
CastIntAsDuration/uint64max	1	value:2d30303a30303a30312e303030		0
CastIntAsJson/base/0	0	value:2d31		0
CastIntAsJson/base/0	2	value:2d31		0
CastIntAsJson/base/0	1	value:2d31		0
CastIntAsJson/unsigned/0	0	value:2d31		0
CastIntAsJson/unsigned/0	2	value:2d31		0
CastIntAsJson/unsigned/0	1	value:2d31		0
CastIntAsJson/base/1	0	value:30		0
CastIntAsJson/base/1	2	value:30		0
CastIntAsJson/base/1	1	value:30		0
CastIntAsJson/unsigned/1	0	value:30		0
CastIntAsJson/unsigned/1	2	value:30		0
CastIntAsJson/unsigned/1	1	value:30		0
CastIntAsJson/base/2	0	value:31		0
CastIntAsJson/base/2	2	value:31		0
CastIntAsJson/base/2	1	value:31		0
CastIntAsJson/unsigned/2	0	value:31		0
CastIntAsJson/unsigned/2	2	value:31		0
CastIntAsJson/unsigned/2	1	value:31		0
CastIntAsJson/base/3	0	value:39323233333732303336383534373735383037		0
CastIntAsJson/base/3	2	value:39323233333732303336383534373735383037		0
CastIntAsJson/base/3	1	value:39323233333732303336383534373735383037		0
CastIntAsJson/unsigned/3	0	value:39323233333732303336383534373735383037		0
CastIntAsJson/unsigned/3	2	value:39323233333732303336383534373735383037		0
CastIntAsJson/unsigned/3	1	value:39323233333732303336383534373735383037		0
CastIntAsJson/uint64max	0	value:3138343436373434303733373039353531363135		0
CastIntAsJson/uint64max	2	value:3138343436373434303733373039353531363135		0
CastIntAsJson/uint64max	1	value:3138343436373434303733373039353531363135		0
CastRealAsInt/base/0	0	value:2d31		0
CastRealAsInt/base/0	2	value:2d31		0
CastRealAsInt/base/0	1	value:2d31		0
CastRealAsInt/unsigned/0	0	value:3138343436373434303733373039353531363135		1
CastRealAsInt/unsigned/0	2	value:3138343436373434303733373039353531363135		1
CastRealAsInt/unsigned/0	1	value:3138343436373434303733373039353531363135		1
CastRealAsInt/base/1	0	value:30		0
CastRealAsInt/base/1	2	value:30		0
CastRealAsInt/base/1	1	value:30		0
CastRealAsInt/unsigned/1	0	value:30		0
CastRealAsInt/unsigned/1	2	value:30		0
CastRealAsInt/unsigned/1	1	value:30		0
CastRealAsInt/base/2	0	value:39323233333732303336383534373735383037		1
CastRealAsInt/base/2	2	value:39323233333732303336383534373735383037		1
CastRealAsInt/base/2	1	value:39323233333732303336383534373735383037		1
CastRealAsInt/unsigned/2	0	value:3138343436373434303733373039353531363135		1
CastRealAsInt/unsigned/2	2	value:3138343436373434303733373039353531363135		1
CastRealAsInt/unsigned/2	1	value:3138343436373434303733373039353531363135		1
CastRealAsReal/base/0	0	real:bff428f5c28f5c29		0
CastRealAsReal/base/0	2	real:bff428f5c28f5c29		0
CastRealAsReal/base/0	1	real:bff428f5c28f5c29		0
CastRealAsReal/unsigned/0	0	real:bff428f5c28f5c29		0
CastRealAsReal/unsigned/0	2	real:bff428f5c28f5c29		0
CastRealAsReal/unsigned/0	1	real:bff428f5c28f5c29		0
CastRealAsReal/base/1	0	real:3fe0000000000000		0
CastRealAsReal/base/1	2	real:3fe0000000000000		0
CastRealAsReal/base/1	1	real:3fe0000000000000		0
CastRealAsReal/unsigned/1	0	real:3fe0000000000000		0
CastRealAsReal/unsigned/1	2	real:3fe0000000000000		0
CastRealAsReal/unsigned/1	1	real:3fe0000000000000		0
CastRealAsReal/base/2	0	real:4415af1d78b58c40		0
CastRealAsReal/base/2	2	real:4415af1d78b58c40		0
CastRealAsReal/base/2	1	real:4415af1d78b58c40		0
CastRealAsReal/unsigned/2	0	real:4415af1d78b58c40		0
CastRealAsReal/unsigned/2	2	real:4415af1d78b58c40		0
CastRealAsReal/unsigned/2	1	real:4415af1d78b58c40		0
CastRealAsDecimal/base/0	0	value:2d312e3236		0
CastRealAsDecimal/base/0	2	value:2d312e3236		0
CastRealAsDecimal/base/0	1	value:2d312e3236		0
CastRealAsDecimal/unsigned/0	0	value:2d312e3236		0
CastRealAsDecimal/unsigned/0	2	value:2d312e3236		0
CastRealAsDecimal/unsigned/0	1	value:2d312e3236		0
CastRealAsDecimal/base/1	0	value:302e3530		0
CastRealAsDecimal/base/1	2	value:302e3530		0
CastRealAsDecimal/base/1	1	value:302e3530		0
CastRealAsDecimal/unsigned/1	0	value:302e3530		0
CastRealAsDecimal/unsigned/1	2	value:302e3530		0
CastRealAsDecimal/unsigned/1	1	value:302e3530		0
CastRealAsDecimal/base/2	0	value:39393939393939392e3939		1
CastRealAsDecimal/base/2	2	value:39393939393939392e3939		1
CastRealAsDecimal/base/2	1	value:39393939393939392e3939		1
CastRealAsDecimal/unsigned/2	0	value:39393939393939392e3939		1
CastRealAsDecimal/unsigned/2	2	value:39393939393939392e3939		1
CastRealAsDecimal/unsigned/2	1	value:39393939393939392e3939		1
CastRealAsString/base/0	0	value:2d312e3236		0
CastRealAsString/base/0	2	value:2d312e3236		0
CastRealAsString/base/0	1	value:2d312e3236		0
CastRealAsString/unsigned/0	0	value:2d312e3236		0
CastRealAsString/unsigned/0	2	value:2d312e3236		0
CastRealAsString/unsigned/0	1	value:2d312e3236		0
CastRealAsString/base/1	0	value:302e35		0
CastRealAsString/base/1	2	value:302e35		0
CastRealAsString/base/1	1	value:302e35		0
CastRealAsString/unsigned/1	0	value:302e35		0
CastRealAsString/unsigned/1	2	value:302e35		0
CastRealAsString/unsigned/1	1	value:302e35		0
CastRealAsString/base/2	0	value:313030303030303030303030303030303030303030		0
CastRealAsString/base/2	2	value:313030303030303030303030303030303030303030		0
CastRealAsString/base/2	1	value:313030303030303030303030303030303030303030		0
CastRealAsString/unsigned/2	0	value:313030303030303030303030303030303030303030		0
CastRealAsString/unsigned/2	2	value:313030303030303030303030303030303030303030		0
CastRealAsString/unsigned/2	1	value:313030303030303030303030303030303030303030		0
CastRealAsTime/base/0	0	null		1
CastRealAsTime/base/0	2	null		1
CastRealAsTime/base/0	1	null		1
CastRealAsTime/unsigned/0	0	null		1
CastRealAsTime/unsigned/0	2	null		1
CastRealAsTime/unsigned/0	1	null		1
CastRealAsTime/base/1	0	value:303030302d30302d30302030303a30303a3030		0
CastRealAsTime/base/1	2	value:303030302d30302d30302030303a30303a3030		0
CastRealAsTime/base/1	1	value:303030302d30302d30302030303a30303a3030		0
CastRealAsTime/unsigned/1	0	value:303030302d30302d30302030303a30303a3030		0
CastRealAsTime/unsigned/1	2	value:303030302d30302d30302030303a30303a3030		0
CastRealAsTime/unsigned/1	1	value:303030302d30302d30302030303a30303a3030		0
CastRealAsTime/base/2	0	null		1
CastRealAsTime/base/2	2	null		1
CastRealAsTime/base/2	1	null		1
CastRealAsTime/unsigned/2	0	null		1
CastRealAsTime/unsigned/2	2	null		1
CastRealAsTime/unsigned/2	1	null		1
CastRealAsTime/timestamp	0	null		1
CastRealAsTime/timestamp	2	null		1
CastRealAsTime/timestamp	1	null		1
CastRealAsDuration/base/0	0	value:2d30303a30303a30312e323630		0
CastRealAsDuration/base/0	2	value:2d30303a30303a30312e323630		0
CastRealAsDuration/base/0	1	value:2d30303a30303a30312e323630		0
CastRealAsDuration/unsigned/0	0	value:2d30303a30303a30312e323630		0
CastRealAsDuration/unsigned/0	2	value:2d30303a30303a30312e323630		0
CastRealAsDuration/unsigned/0	1	value:2d30303a30303a30312e323630		0
CastRealAsDuration/base/1	0	value:30303a30303a30302e353030		0
CastRealAsDuration/base/1	2	value:30303a30303a30302e353030		0
CastRealAsDuration/base/1	1	value:30303a30303a30302e353030		0
CastRealAsDuration/unsigned/1	0	value:30303a30303a30302e353030		0
CastRealAsDuration/unsigned/1	2	value:30303a30303a30302e353030		0
CastRealAsDuration/unsigned/1	1	value:30303a30303a30302e353030		0
CastRealAsDuration/base/2	0	error	5472756e636174656457726f6e6756616c756528225472756e636174656420696e636f72726563742074696d652076616c75653a2027313030303030303030303030303030303030303030272229	0
CastRealAsDuration/base/2	2	null		1
CastRealAsDuration/base/2	1	null		0
CastRealAsDuration/unsigned/2	0	error	5472756e636174656457726f6e6756616c756528225472756e636174656420696e636f72726563742074696d652076616c75653a2027313030303030303030303030303030303030303030272229	0
CastRealAsDuration/unsigned/2	2	null		1
CastRealAsDuration/unsigned/2	1	null		0
CastRealAsJson/base/0	0	value:2d312e3236		0
CastRealAsJson/base/0	2	value:2d312e3236		0
CastRealAsJson/base/0	1	value:2d312e3236		0
CastRealAsJson/unsigned/0	0	value:2d312e3236		0
CastRealAsJson/unsigned/0	2	value:2d312e3236		0
CastRealAsJson/unsigned/0	1	value:2d312e3236		0
CastRealAsJson/base/1	0	value:302e35		0
CastRealAsJson/base/1	2	value:302e35		0
CastRealAsJson/base/1	1	value:302e35		0
CastRealAsJson/unsigned/1	0	value:302e35		0
CastRealAsJson/unsigned/1	2	value:302e35		0
CastRealAsJson/unsigned/1	1	value:302e35		0
CastRealAsJson/base/2	0	value:31653230		0
CastRealAsJson/base/2	2	value:31653230		0
CastRealAsJson/base/2	1	value:31653230		0
CastRealAsJson/unsigned/2	0	value:31653230		0
CastRealAsJson/unsigned/2	2	value:31653230		0
CastRealAsJson/unsigned/2	1	value:31653230		0
CastDecimalAsInt/base/0	0	value:2d31		0
CastDecimalAsInt/base/0	2	value:2d31		0
CastDecimalAsInt/base/0	1	value:2d31		0
CastDecimalAsInt/unsigned/0	0	value:30		1
CastDecimalAsInt/unsigned/0	2	value:30		1
CastDecimalAsInt/unsigned/0	1	value:30		1
CastDecimalAsInt/base/1	0	value:31		0
CastDecimalAsInt/base/1	2	value:31		0
CastDecimalAsInt/base/1	1	value:31		0
CastDecimalAsInt/unsigned/1	0	value:31		0
CastDecimalAsInt/unsigned/1	2	value:31		0
CastDecimalAsInt/unsigned/1	1	value:31		0
CastDecimalAsInt/base/2	0	value:313233		0
CastDecimalAsInt/base/2	2	value:313233		0
CastDecimalAsInt/base/2	1	value:313233		0
CastDecimalAsInt/unsigned/2	0	value:313233		0
CastDecimalAsInt/unsigned/2	2	value:313233		0
CastDecimalAsInt/unsigned/2	1	value:313233		0
CastDecimalAsReal/base/0	0	real:bff428f5c28f5c29		0
CastDecimalAsReal/base/0	2	real:bff428f5c28f5c29		0
CastDecimalAsReal/base/0	1	real:bff428f5c28f5c29		0
CastDecimalAsReal/unsigned/0	0	real:bff428f5c28f5c29		0
CastDecimalAsReal/unsigned/0	2	real:bff428f5c28f5c29		0
CastDecimalAsReal/unsigned/0	1	real:bff428f5c28f5c29		0
CastDecimalAsReal/base/1	0	real:3fe0000000000000		0
CastDecimalAsReal/base/1	2	real:3fe0000000000000		0
CastDecimalAsReal/base/1	1	real:3fe0000000000000		0
CastDecimalAsReal/unsigned/1	0	real:3fe0000000000000		0
CastDecimalAsReal/unsigned/1	2	real:3fe0000000000000		0
CastDecimalAsReal/unsigned/1	1	real:3fe0000000000000		0
CastDecimalAsReal/base/2	0	real:405edd2f1a9fbe77		0
CastDecimalAsReal/base/2	2	real:405edd2f1a9fbe77		0
CastDecimalAsReal/base/2	1	real:405edd2f1a9fbe77		0
CastDecimalAsReal/unsigned/2	0	real:405edd2f1a9fbe77		0
CastDecimalAsReal/unsigned/2	2	real:405edd2f1a9fbe77		0
CastDecimalAsReal/unsigned/2	1	real:405edd2f1a9fbe77		0
CastDecimalAsDecimal/base/0	0	value:2d312e3236		0
CastDecimalAsDecimal/base/0	2	value:2d312e3236		0
CastDecimalAsDecimal/base/0	1	value:2d312e3236		0
CastDecimalAsDecimal/unsigned/0	0	value:2d312e3236		0
CastDecimalAsDecimal/unsigned/0	2	value:2d312e3236		0
CastDecimalAsDecimal/unsigned/0	1	value:2d312e3236		0
CastDecimalAsDecimal/base/1	0	value:302e3530		0
CastDecimalAsDecimal/base/1	2	value:302e3530		0
CastDecimalAsDecimal/base/1	1	value:302e3530		0
CastDecimalAsDecimal/unsigned/1	0	value:302e3530		0
CastDecimalAsDecimal/unsigned/1	2	value:302e3530		0
CastDecimalAsDecimal/unsigned/1	1	value:302e3530		0
CastDecimalAsDecimal/base/2	0	value:3132332e3436		1
CastDecimalAsDecimal/base/2	2	value:3132332e3436		1
CastDecimalAsDecimal/base/2	1	value:3132332e3436		1
CastDecimalAsDecimal/unsigned/2	0	value:3132332e3436		1
CastDecimalAsDecimal/unsigned/2	2	value:3132332e3436		1
CastDecimalAsDecimal/unsigned/2	1	value:3132332e3436		1
CastDecimalAsString/base/0	0	value:2d312e3236		0
CastDecimalAsString/base/0	2	value:2d312e3236		0
CastDecimalAsString/base/0	1	value:2d312e3236		0
CastDecimalAsString/unsigned/0	0	value:2d312e3236		0
CastDecimalAsString/unsigned/0	2	value:2d312e3236		0
CastDecimalAsString/unsigned/0	1	value:2d312e3236		0
CastDecimalAsString/base/1	0	value:302e3530		0
CastDecimalAsString/base/1	2	value:302e3530		0
CastDecimalAsString/base/1	1	value:302e3530		0
CastDecimalAsString/unsigned/1	0	value:302e3530		0
CastDecimalAsString/unsigned/1	2	value:302e3530		0
CastDecimalAsString/unsigned/1	1	value:302e3530		0
CastDecimalAsString/base/2	0	value:3132332e343536		0
CastDecimalAsString/base/2	2	value:3132332e343536		0
CastDecimalAsString/base/2	1	value:3132332e343536		0
CastDecimalAsString/unsigned/2	0	value:3132332e343536		0
CastDecimalAsString/unsigned/2	2	value:3132332e343536		0
CastDecimalAsString/unsigned/2	1	value:3132332e343536		0
CastDecimalAsTime/base/0	0	null		1
CastDecimalAsTime/base/0	2	null		1
CastDecimalAsTime/base/0	1	null		1
CastDecimalAsTime/unsigned/0	0	null		1
CastDecimalAsTime/unsigned/0	2	null		1
CastDecimalAsTime/unsigned/0	1	null		1
CastDecimalAsTime/base/1	0	value:303030302d30302d30302030303a30303a3030		0
CastDecimalAsTime/base/1	2	value:303030302d30302d30302030303a30303a3030		0
CastDecimalAsTime/base/1	1	value:303030302d30302d30302030303a30303a3030		0
CastDecimalAsTime/unsigned/1	0	value:303030302d30302d30302030303a30303a3030		0
CastDecimalAsTime/unsigned/1	2	value:303030302d30302d30302030303a30303a3030		0
CastDecimalAsTime/unsigned/1	1	value:303030302d30302d30302030303a30303a3030		0
CastDecimalAsTime/base/2	0	value:323030302d30312d32332030303a30303a30302e303030		0
CastDecimalAsTime/base/2	2	value:323030302d30312d32332030303a30303a30302e303030		0
CastDecimalAsTime/base/2	1	value:323030302d30312d32332030303a30303a30302e303030		0
CastDecimalAsTime/unsigned/2	0	value:323030302d30312d32332030303a30303a30302e303030		0
CastDecimalAsTime/unsigned/2	2	value:323030302d30312d32332030303a30303a30302e303030		0
CastDecimalAsTime/unsigned/2	1	value:323030302d30312d32332030303a30303a30302e303030		0
CastDecimalAsTime/timestamp	0	null		1
CastDecimalAsTime/timestamp	2	null		1
CastDecimalAsTime/timestamp	1	null		1
CastDecimalAsDuration/base/0	0	value:2d30303a30303a30312e323630		0
CastDecimalAsDuration/base/0	2	value:2d30303a30303a30312e323630		0
CastDecimalAsDuration/base/0	1	value:2d30303a30303a30312e323630		0
CastDecimalAsDuration/unsigned/0	0	value:2d30303a30303a30312e323630		0
CastDecimalAsDuration/unsigned/0	2	value:2d30303a30303a30312e323630		0
CastDecimalAsDuration/unsigned/0	1	value:2d30303a30303a30312e323630		0
CastDecimalAsDuration/base/1	0	value:30303a30303a30302e353030		0
CastDecimalAsDuration/base/1	2	value:30303a30303a30302e353030		0
CastDecimalAsDuration/base/1	1	value:30303a30303a30302e353030		0
CastDecimalAsDuration/unsigned/1	0	value:30303a30303a30302e353030		0
CastDecimalAsDuration/unsigned/1	2	value:30303a30303a30302e353030		0
CastDecimalAsDuration/unsigned/1	1	value:30303a30303a30302e353030		0
CastDecimalAsDuration/base/2	0	value:30303a30313a32332e343536		0
CastDecimalAsDuration/base/2	2	value:30303a30313a32332e343536		0
CastDecimalAsDuration/base/2	1	value:30303a30313a32332e343536		0
CastDecimalAsDuration/unsigned/2	0	value:30303a30313a32332e343536		0
CastDecimalAsDuration/unsigned/2	2	value:30303a30313a32332e343536		0
CastDecimalAsDuration/unsigned/2	1	value:30303a30313a32332e343536		0
CastDecimalAsJson/base/0	0	value:2d312e3236		0
CastDecimalAsJson/base/0	2	value:2d312e3236		0
CastDecimalAsJson/base/0	1	value:2d312e3236		0
CastDecimalAsJson/unsigned/0	0	value:2d312e3236		0
CastDecimalAsJson/unsigned/0	2	value:2d312e3236		0
CastDecimalAsJson/unsigned/0	1	value:2d312e3236		0
CastDecimalAsJson/base/1	0	value:302e35		0
CastDecimalAsJson/base/1	2	value:302e35		0
CastDecimalAsJson/base/1	1	value:302e35		0
CastDecimalAsJson/unsigned/1	0	value:302e35		0
CastDecimalAsJson/unsigned/1	2	value:302e35		0
CastDecimalAsJson/unsigned/1	1	value:302e35		0
CastDecimalAsJson/base/2	0	value:3132332e343536		0
CastDecimalAsJson/base/2	2	value:3132332e343536		0
CastDecimalAsJson/base/2	1	value:3132332e343536		0
CastDecimalAsJson/unsigned/2	0	value:3132332e343536		0
CastDecimalAsJson/unsigned/2	2	value:3132332e343536		0
CastDecimalAsJson/unsigned/2	1	value:3132332e343536		0
CastStringAsInt/base/0	0	error	5472756e636174656457726f6e6756616c756528225472756e636174656420696e636f727265637420494e54454745522076616c75653a2027312e3236272229	0
CastStringAsInt/base/0	2	value:31		1
CastStringAsInt/base/0	1	value:31		0
CastStringAsInt/unsigned/0	0	error	5472756e636174656457726f6e6756616c756528225472756e636174656420696e636f727265637420494e54454745522076616c75653a2027312e3236272229	0
CastStringAsInt/unsigned/0	2	value:31		1
CastStringAsInt/unsigned/0	1	value:31		0
CastStringAsInt/base/1	0	error	5472756e636174656457726f6e6756616c756528225472756e636174656420696e636f727265637420494e54454745522076616c75653a2027696e76616c6964272229	0
CastStringAsInt/base/1	2	value:30		1
CastStringAsInt/base/1	1	value:30		0
CastStringAsInt/unsigned/1	0	error	5472756e636174656457726f6e6756616c756528225472756e636174656420696e636f727265637420494e54454745522076616c75653a2027696e76616c6964272229	0
CastStringAsInt/unsigned/1	2	value:30		1
CastStringAsInt/unsigned/1	1	value:30		0
CastStringAsInt/base/2	0	error	5472756e636174656457726f6e6756616c756528225472756e636174656420696e636f727265637420494e54454745522076616c75653a2027323032342d30312d30322030333a30343a3035272229	0
CastStringAsInt/base/2	2	value:32303234		1
CastStringAsInt/base/2	1	value:32303234		0
CastStringAsInt/unsigned/2	0	error	5472756e636174656457726f6e6756616c756528225472756e636174656420696e636f727265637420494e54454745522076616c75653a2027323032342d30312d30322030333a30343a3035272229	0
CastStringAsInt/unsigned/2	2	value:32303234		1
CastStringAsInt/unsigned/2	1	value:32303234		0
CastStringAsInt/base/3	0	value:2d31		0
CastStringAsInt/base/3	2	value:2d31		0
CastStringAsInt/base/3	1	value:2d31		0
CastStringAsInt/unsigned/3	0	value:3138343436373434303733373039353531363135		1
CastStringAsInt/unsigned/3	2	value:3138343436373434303733373039353531363135		1
CastStringAsInt/unsigned/3	1	value:3138343436373434303733373039353531363135		1
CastStringAsInt/base/4	0	error	5472756e636174656457726f6e6756616c756528225472756e636174656420696e636f727265637420494e54454745522076616c75653a202731653939272229	0
CastStringAsInt/base/4	2	value:31		1
CastStringAsInt/base/4	1	value:31		0
CastStringAsInt/unsigned/4	0	error	5472756e636174656457726f6e6756616c756528225472756e636174656420696e636f727265637420494e54454745522076616c75653a202731653939272229	0
CastStringAsInt/unsigned/4	2	value:31		1
CastStringAsInt/unsigned/4	1	value:31		0
CastStringAsReal/base/0	0	real:3ff428f5c28f5c29		0
CastStringAsReal/base/0	2	real:3ff428f5c28f5c29		0
CastStringAsReal/base/0	1	real:3ff428f5c28f5c29		0
CastStringAsReal/unsigned/0	0	real:3ff428f5c28f5c29		0
CastStringAsReal/unsigned/0	2	real:3ff428f5c28f5c29		0
CastStringAsReal/unsigned/0	1	real:3ff428f5c28f5c29		0
CastStringAsReal/base/1	0	error	5472756e636174656457726f6e6756616c756528225472756e636174656420696e636f727265637420444f55424c452076616c75653a2027696e76616c6964272229	0
CastStringAsReal/base/1	2	real:0000000000000000		1
CastStringAsReal/base/1	1	real:0000000000000000		0
CastStringAsReal/unsigned/1	0	error	5472756e636174656457726f6e6756616c756528225472756e636174656420696e636f727265637420444f55424c452076616c75653a2027696e76616c6964272229	0
CastStringAsReal/unsigned/1	2	real:0000000000000000		1
CastStringAsReal/unsigned/1	1	real:0000000000000000		0
CastStringAsReal/base/2	0	error	5472756e636174656457726f6e6756616c756528225472756e636174656420696e636f727265637420444f55424c452076616c75653a2027323032342d30312d30322030333a30343a3035272229	0
CastStringAsReal/base/2	2	real:409fa00000000000		1
CastStringAsReal/base/2	1	real:409fa00000000000		0
CastStringAsReal/unsigned/2	0	error	5472756e636174656457726f6e6756616c756528225472756e636174656420696e636f727265637420444f55424c452076616c75653a2027323032342d30312d30322030333a30343a3035272229	0
CastStringAsReal/unsigned/2	2	real:409fa00000000000		1
CastStringAsReal/unsigned/2	1	real:409fa00000000000		0
CastStringAsReal/base/3	0	real:bff0000000000000		0
CastStringAsReal/base/3	2	real:bff0000000000000		0
CastStringAsReal/base/3	1	real:bff0000000000000		0
CastStringAsReal/unsigned/3	0	error	436f6e76657273696f6e28546572726f724572726f72207b206964656e746974793a20546572726f724964656e74697479207b20636c6173733a20546572726f72436c617373283230292c20636f64653a20546572726f72436f6465283136393029207d2c207266635f636f64653a202274797065733a31363930222c206d6573736167653a2022636f6e7374616e74202d31206f766572666c6f777320646f75626c65222c207265646163745f6172675f706f733a205b5d2c20737461636b3a204e6f6e65207d29	0
CastStringAsReal/unsigned/3	2	error	436f6e76657273696f6e28546572726f724572726f72207b206964656e746974793a20546572726f724964656e74697479207b20636c6173733a20546572726f72436c617373283230292c20636f64653a20546572726f72436f6465283136393029207d2c207266635f636f64653a202274797065733a31363930222c206d6573736167653a2022636f6e7374616e74202d31206f766572666c6f777320646f75626c65222c207265646163745f6172675f706f733a205b5d2c20737461636b3a204e6f6e65207d29	0
CastStringAsReal/unsigned/3	1	error	436f6e76657273696f6e28546572726f724572726f72207b206964656e746974793a20546572726f724964656e74697479207b20636c6173733a20546572726f72436c617373283230292c20636f64653a20546572726f72436f6465283136393029207d2c207266635f636f64653a202274797065733a31363930222c206d6573736167653a2022636f6e7374616e74202d31206f766572666c6f777320646f75626c65222c207265646163745f6172675f706f733a205b5d2c20737461636b3a204e6f6e65207d29	0
CastStringAsReal/base/4	0	real:547d42aea2879f2e		0
CastStringAsReal/base/4	2	real:547d42aea2879f2e		0
CastStringAsReal/base/4	1	real:547d42aea2879f2e		0
CastStringAsReal/unsigned/4	0	real:547d42aea2879f2e		0
CastStringAsReal/unsigned/4	2	real:547d42aea2879f2e		0
CastStringAsReal/unsigned/4	1	real:547d42aea2879f2e		0
CastStringAsDecimal/base/0	0	value:312e3236		0
CastStringAsDecimal/base/0	2	value:312e3236		0
CastStringAsDecimal/base/0	1	value:312e3236		0
CastStringAsDecimal/unsigned/0	0	value:312e3236		0
CastStringAsDecimal/unsigned/0	2	value:312e3236		0
CastStringAsDecimal/unsigned/0	1	value:312e3236		0
CastStringAsDecimal/base/1	0	value:302e3030		1
CastStringAsDecimal/base/1	2	value:302e3030		1
CastStringAsDecimal/base/1	1	value:302e3030		1
CastStringAsDecimal/unsigned/1	0	value:302e3030		1
CastStringAsDecimal/unsigned/1	2	value:302e3030		1
CastStringAsDecimal/unsigned/1	1	value:302e3030		1
CastStringAsDecimal/base/2	0	value:323032342e3030		1
CastStringAsDecimal/base/2	2	value:323032342e3030		1
CastStringAsDecimal/base/2	1	value:323032342e3030		1
CastStringAsDecimal/unsigned/2	0	value:323032342e3030		1
CastStringAsDecimal/unsigned/2	2	value:323032342e3030		1
CastStringAsDecimal/unsigned/2	1	value:323032342e3030		1
CastStringAsDecimal/base/3	0	value:2d312e3030		0
CastStringAsDecimal/base/3	2	value:2d312e3030		0
CastStringAsDecimal/base/3	1	value:2d312e3030		0
CastStringAsDecimal/unsigned/3	0	value:2d312e3030		0
CastStringAsDecimal/unsigned/3	2	value:2d312e3030		0
CastStringAsDecimal/unsigned/3	1	value:2d312e3030		0
CastStringAsDecimal/base/4	0	value:39393939393939392e3939		2
CastStringAsDecimal/base/4	2	value:39393939393939392e3939		2
CastStringAsDecimal/base/4	1	value:39393939393939392e3939		2
CastStringAsDecimal/unsigned/4	0	value:39393939393939392e3939		2
CastStringAsDecimal/unsigned/4	2	value:39393939393939392e3939		2
CastStringAsDecimal/unsigned/4	1	value:39393939393939392e3939		2
CastStringAsString/base/0	0	value:312e3236		0
CastStringAsString/base/0	2	value:312e3236		0
CastStringAsString/base/0	1	value:312e3236		0
CastStringAsString/unsigned/0	0	value:312e3236		0
CastStringAsString/unsigned/0	2	value:312e3236		0
CastStringAsString/unsigned/0	1	value:312e3236		0
CastStringAsString/base/1	0	value:696e76616c6964		0
CastStringAsString/base/1	2	value:696e76616c6964		0
CastStringAsString/base/1	1	value:696e76616c6964		0
CastStringAsString/unsigned/1	0	value:696e76616c6964		0
CastStringAsString/unsigned/1	2	value:696e76616c6964		0
CastStringAsString/unsigned/1	1	value:696e76616c6964		0
CastStringAsString/base/2	0	value:323032342d30312d30322030333a30343a3035		0
CastStringAsString/base/2	2	value:323032342d30312d30322030333a30343a3035		0
CastStringAsString/base/2	1	value:323032342d30312d30322030333a30343a3035		0
CastStringAsString/unsigned/2	0	value:323032342d30312d30322030333a30343a3035		0
CastStringAsString/unsigned/2	2	value:323032342d30312d30322030333a30343a3035		0
CastStringAsString/unsigned/2	1	value:323032342d30312d30322030333a30343a3035		0
CastStringAsString/base/3	0	value:2d31		0
CastStringAsString/base/3	2	value:2d31		0
CastStringAsString/base/3	1	value:2d31		0
CastStringAsString/unsigned/3	0	value:2d31		0
CastStringAsString/unsigned/3	2	value:2d31		0
CastStringAsString/unsigned/3	1	value:2d31		0
CastStringAsString/base/4	0	value:31653939		0
CastStringAsString/base/4	2	value:31653939		0
CastStringAsString/base/4	1	value:31653939		0
CastStringAsString/unsigned/4	0	value:31653939		0
CastStringAsString/unsigned/4	2	value:31653939		0
CastStringAsString/unsigned/4	1	value:31653939		0
CastStringAsTime/base/0	0	null		1
CastStringAsTime/base/0	2	null		1
CastStringAsTime/base/0	1	null		1
CastStringAsTime/unsigned/0	0	null		1
CastStringAsTime/unsigned/0	2	null		1
CastStringAsTime/unsigned/0	1	null		1
CastStringAsTime/base/1	0	null		1
CastStringAsTime/base/1	2	null		1
CastStringAsTime/base/1	1	null		1
CastStringAsTime/unsigned/1	0	null		1
CastStringAsTime/unsigned/1	2	null		1
CastStringAsTime/unsigned/1	1	null		1
CastStringAsTime/base/2	0	value:323032342d30312d30322030333a30343a30352e303030		0
CastStringAsTime/base/2	2	value:323032342d30312d30322030333a30343a30352e303030		0
CastStringAsTime/base/2	1	value:323032342d30312d30322030333a30343a30352e303030		0
CastStringAsTime/unsigned/2	0	value:323032342d30312d30322030333a30343a30352e303030		0
CastStringAsTime/unsigned/2	2	value:323032342d30312d30322030333a30343a30352e303030		0
CastStringAsTime/unsigned/2	1	value:323032342d30312d30322030333a30343a30352e303030		0
CastStringAsTime/base/3	0	null		1
CastStringAsTime/base/3	2	null		1
CastStringAsTime/base/3	1	null		1
CastStringAsTime/unsigned/3	0	null		1
CastStringAsTime/unsigned/3	2	null		1
CastStringAsTime/unsigned/3	1	null		1
CastStringAsTime/base/4	0	null		1
CastStringAsTime/base/4	2	null		1
CastStringAsTime/base/4	1	null		1
CastStringAsTime/unsigned/4	0	null		1
CastStringAsTime/unsigned/4	2	null		1
CastStringAsTime/unsigned/4	1	null		1
CastStringAsTime/timestamp	0	null		1
CastStringAsTime/timestamp	2	null		1
CastStringAsTime/timestamp	1	null		1
CastStringAsDuration/base/0	0	value:30303a30303a30312e323630		0
CastStringAsDuration/base/0	2	value:30303a30303a30312e323630		0
CastStringAsDuration/base/0	1	value:30303a30303a30312e323630		0
CastStringAsDuration/unsigned/0	0	value:30303a30303a30312e323630		0
CastStringAsDuration/unsigned/0	2	value:30303a30303a30312e323630		0
CastStringAsDuration/unsigned/0	1	value:30303a30303a30312e323630		0
CastStringAsDuration/base/1	0	error	5472756e636174656457726f6e6756616c756528225472756e636174656420696e636f72726563742074696d652076616c75653a2027696e76616c6964272229	0
CastStringAsDuration/base/1	2	null		1
CastStringAsDuration/base/1	1	null		0
CastStringAsDuration/unsigned/1	0	error	5472756e636174656457726f6e6756616c756528225472756e636174656420696e636f72726563742074696d652076616c75653a2027696e76616c6964272229	0
CastStringAsDuration/unsigned/1	2	null		1
CastStringAsDuration/unsigned/1	1	null		0
CastStringAsDuration/base/2	0	value:30333a30343a30352e303030		0
CastStringAsDuration/base/2	2	value:30333a30343a30352e303030		0
CastStringAsDuration/base/2	1	value:30333a30343a30352e303030		0
CastStringAsDuration/unsigned/2	0	value:30333a30343a30352e303030		0
CastStringAsDuration/unsigned/2	2	value:30333a30343a30352e303030		0
CastStringAsDuration/unsigned/2	1	value:30333a30343a30352e303030		0
CastStringAsDuration/base/3	0	value:2d30303a30303a30312e303030		0
CastStringAsDuration/base/3	2	value:2d30303a30303a30312e303030		0
CastStringAsDuration/base/3	1	value:2d30303a30303a30312e303030		0
CastStringAsDuration/unsigned/3	0	value:2d30303a30303a30312e303030		0
CastStringAsDuration/unsigned/3	2	value:2d30303a30303a30312e303030		0
CastStringAsDuration/unsigned/3	1	value:2d30303a30303a30312e303030		0
CastStringAsDuration/base/4	0	error	5472756e636174656457726f6e6756616c756528225472756e636174656420696e636f72726563742074696d652076616c75653a202731653939272229	0
CastStringAsDuration/base/4	2	value:30303a30303a30312e303030		1
CastStringAsDuration/base/4	1	value:30303a30303a30312e303030		0
CastStringAsDuration/unsigned/4	0	error	5472756e636174656457726f6e6756616c756528225472756e636174656420696e636f72726563742074696d652076616c75653a202731653939272229	0
CastStringAsDuration/unsigned/4	2	value:30303a30303a30312e303030		1
CastStringAsDuration/unsigned/4	1	value:30303a30303a30312e303030		0
CastStringAsJson/base/0	0	value:22312e323622		0
CastStringAsJson/base/0	2	value:22312e323622		0
CastStringAsJson/base/0	1	value:22312e323622		0
CastStringAsJson/unsigned/0	0	value:22312e323622		0
CastStringAsJson/unsigned/0	2	value:22312e323622		0
CastStringAsJson/unsigned/0	1	value:22312e323622		0
CastStringAsJson/base/1	0	value:22696e76616c696422		0
CastStringAsJson/base/1	2	value:22696e76616c696422		0
CastStringAsJson/base/1	1	value:22696e76616c696422		0
CastStringAsJson/unsigned/1	0	value:22696e76616c696422		0
CastStringAsJson/unsigned/1	2	value:22696e76616c696422		0
CastStringAsJson/unsigned/1	1	value:22696e76616c696422		0
CastStringAsJson/base/2	0	value:22323032342d30312d30322030333a30343a303522		0
CastStringAsJson/base/2	2	value:22323032342d30312d30322030333a30343a303522		0
CastStringAsJson/base/2	1	value:22323032342d30312d30322030333a30343a303522		0
CastStringAsJson/unsigned/2	0	value:22323032342d30312d30322030333a30343a303522		0
CastStringAsJson/unsigned/2	2	value:22323032342d30312d30322030333a30343a303522		0
CastStringAsJson/unsigned/2	1	value:22323032342d30312d30322030333a30343a303522		0
CastStringAsJson/base/3	0	value:222d3122		0
CastStringAsJson/base/3	2	value:222d3122		0
CastStringAsJson/base/3	1	value:222d3122		0
CastStringAsJson/unsigned/3	0	value:222d3122		0
CastStringAsJson/unsigned/3	2	value:222d3122		0
CastStringAsJson/unsigned/3	1	value:222d3122		0
CastStringAsJson/base/4	0	value:223165393922		0
CastStringAsJson/base/4	2	value:223165393922		0
CastStringAsJson/base/4	1	value:223165393922		0
CastStringAsJson/unsigned/4	0	value:223165393922		0
CastStringAsJson/unsigned/4	2	value:223165393922		0
CastStringAsJson/unsigned/4	1	value:223165393922		0
CastTimeAsInt/base/0	0	value:3230323430313032303330343035		0
CastTimeAsInt/base/0	2	value:3230323430313032303330343035		0
CastTimeAsInt/base/0	1	value:3230323430313032303330343035		0
CastTimeAsInt/unsigned/0	0	value:3230323430313032303330343035		0
CastTimeAsInt/unsigned/0	2	value:3230323430313032303330343035		0
CastTimeAsInt/unsigned/0	1	value:3230323430313032303330343035		0
CastTimeAsReal/base/0	0	real:42b26884177c451f		0
CastTimeAsReal/base/0	2	real:42b26884177c451f		0
CastTimeAsReal/base/0	1	real:42b26884177c451f		0
CastTimeAsReal/unsigned/0	0	real:42b26884177c451f		0
CastTimeAsReal/unsigned/0	2	real:42b26884177c451f		0
CastTimeAsReal/unsigned/0	1	real:42b26884177c451f		0
CastTimeAsDecimal/base/0	0	value:39393939393939392e3939		1
CastTimeAsDecimal/base/0	2	value:39393939393939392e3939		1
CastTimeAsDecimal/base/0	1	value:39393939393939392e3939		1
CastTimeAsDecimal/unsigned/0	0	value:39393939393939392e3939		1
CastTimeAsDecimal/unsigned/0	2	value:39393939393939392e3939		1
CastTimeAsDecimal/unsigned/0	1	value:39393939393939392e3939		1
CastTimeAsString/base/0	0	value:323032342d30312d30322030333a30343a30352e313233		0
CastTimeAsString/base/0	2	value:323032342d30312d30322030333a30343a30352e313233		0
CastTimeAsString/base/0	1	value:323032342d30312d30322030333a30343a30352e313233		0
CastTimeAsString/unsigned/0	0	value:323032342d30312d30322030333a30343a30352e313233		0
CastTimeAsString/unsigned/0	2	value:323032342d30312d30322030333a30343a30352e313233		0
CastTimeAsString/unsigned/0	1	value:323032342d30312d30322030333a30343a30352e313233		0
CastTimeAsTime/base/0	0	value:323032342d30312d30322030333a30343a30352e313233		0
CastTimeAsTime/base/0	2	value:323032342d30312d30322030333a30343a30352e313233		0
CastTimeAsTime/base/0	1	value:323032342d30312d30322030333a30343a30352e313233		0
CastTimeAsTime/unsigned/0	0	value:323032342d30312d30322030333a30343a30352e313233		0
CastTimeAsTime/unsigned/0	2	value:323032342d30312d30322030333a30343a30352e313233		0
CastTimeAsTime/unsigned/0	1	value:323032342d30312d30322030333a30343a30352e313233		0
CastTimeAsTime/timestamp	0	value:323032342d30312d30322030333a30343a30352e313233		0
CastTimeAsTime/timestamp	2	value:323032342d30312d30322030333a30343a30352e313233		0
CastTimeAsTime/timestamp	1	value:323032342d30312d30322030333a30343a30352e313233		0
CastTimeAsDuration/base/0	0	value:30333a30343a30352e313233		0
CastTimeAsDuration/base/0	2	value:30333a30343a30352e313233		0
CastTimeAsDuration/base/0	1	value:30333a30343a30352e313233		0
CastTimeAsDuration/unsigned/0	0	value:30333a30343a30352e313233		0
CastTimeAsDuration/unsigned/0	2	value:30333a30343a30352e313233		0
CastTimeAsDuration/unsigned/0	1	value:30333a30343a30352e313233		0
CastTimeAsJson/base/0	0	value:22323032342d30312d30322030333a30343a30352e31323330303022		0
CastTimeAsJson/base/0	2	value:22323032342d30312d30322030333a30343a30352e31323330303022		0
CastTimeAsJson/base/0	1	value:22323032342d30312d30322030333a30343a30352e31323330303022		0
CastTimeAsJson/unsigned/0	0	value:22323032342d30312d30322030333a30343a30352e31323330303022		0
CastTimeAsJson/unsigned/0	2	value:22323032342d30312d30322030333a30343a30352e31323330303022		0
CastTimeAsJson/unsigned/0	1	value:22323032342d30312d30322030333a30343a30352e31323330303022		0
CastDurationAsInt/base/0	0	value:30		0
CastDurationAsInt/base/0	2	value:30		0
CastDurationAsInt/base/0	1	value:30		0
CastDurationAsInt/unsigned/0	0	value:30		0
CastDurationAsInt/unsigned/0	2	value:30		0
CastDurationAsInt/unsigned/0	1	value:30		0
CastDurationAsInt/base/1	0	value:32		0
CastDurationAsInt/base/1	2	value:32		0
CastDurationAsInt/base/1	1	value:32		0
CastDurationAsInt/unsigned/1	0	value:32		0
CastDurationAsInt/unsigned/1	2	value:32		0
CastDurationAsInt/unsigned/1	1	value:32		0
CastDurationAsInt/base/2	0	value:2d31		0
CastDurationAsInt/base/2	2	value:2d31		0
CastDurationAsInt/base/2	1	value:2d31		0
CastDurationAsInt/unsigned/2	0	value:3138343436373434303733373039353531363135		0
CastDurationAsInt/unsigned/2	2	value:3138343436373434303733373039353531363135		0
CastDurationAsInt/unsigned/2	1	value:3138343436373434303733373039353531363135		0
CastDurationAsReal/base/0	0	real:0000000000000000		0
CastDurationAsReal/base/0	2	real:0000000000000000		0
CastDurationAsReal/base/0	1	real:0000000000000000		0
CastDurationAsReal/unsigned/0	0	real:0000000000000000		0
CastDurationAsReal/unsigned/0	2	real:0000000000000000		0
CastDurationAsReal/unsigned/0	1	real:0000000000000000		0
CastDurationAsReal/base/1	0	real:3ff8000000000000		0
CastDurationAsReal/base/1	2	real:3ff8000000000000		0
CastDurationAsReal/base/1	1	real:3ff8000000000000		0
CastDurationAsReal/unsigned/1	0	real:3ff8000000000000		0
CastDurationAsReal/unsigned/1	2	real:3ff8000000000000		0
CastDurationAsReal/unsigned/1	1	real:3ff8000000000000		0
CastDurationAsReal/base/2	0	real:bff8000000000000		0
CastDurationAsReal/base/2	2	real:bff8000000000000		0
CastDurationAsReal/base/2	1	real:bff8000000000000		0
CastDurationAsReal/unsigned/2	0	real:bff8000000000000		0
CastDurationAsReal/unsigned/2	2	real:bff8000000000000		0
CastDurationAsReal/unsigned/2	1	real:bff8000000000000		0
CastDurationAsDecimal/base/0	0	value:302e3030		0
CastDurationAsDecimal/base/0	2	value:302e3030		0
CastDurationAsDecimal/base/0	1	value:302e3030		0
CastDurationAsDecimal/unsigned/0	0	value:302e3030		0
CastDurationAsDecimal/unsigned/0	2	value:302e3030		0
CastDurationAsDecimal/unsigned/0	1	value:302e3030		0
CastDurationAsDecimal/base/1	0	value:312e3530		0
CastDurationAsDecimal/base/1	2	value:312e3530		0
CastDurationAsDecimal/base/1	1	value:312e3530		0
CastDurationAsDecimal/unsigned/1	0	value:312e3530		0
CastDurationAsDecimal/unsigned/1	2	value:312e3530		0
CastDurationAsDecimal/unsigned/1	1	value:312e3530		0
CastDurationAsDecimal/base/2	0	value:2d312e3530		0
CastDurationAsDecimal/base/2	2	value:2d312e3530		0
CastDurationAsDecimal/base/2	1	value:2d312e3530		0
CastDurationAsDecimal/unsigned/2	0	value:2d312e3530		0
CastDurationAsDecimal/unsigned/2	2	value:2d312e3530		0
CastDurationAsDecimal/unsigned/2	1	value:2d312e3530		0
CastDurationAsString/base/0	0	value:30303a30303a30302e303030303030		0
CastDurationAsString/base/0	2	value:30303a30303a30302e303030303030		0
CastDurationAsString/base/0	1	value:30303a30303a30302e303030303030		0
CastDurationAsString/unsigned/0	0	value:30303a30303a30302e303030303030		0
CastDurationAsString/unsigned/0	2	value:30303a30303a30302e303030303030		0
CastDurationAsString/unsigned/0	1	value:30303a30303a30302e303030303030		0
CastDurationAsString/base/1	0	value:30303a30303a30312e353030303030		0
CastDurationAsString/base/1	2	value:30303a30303a30312e353030303030		0
CastDurationAsString/base/1	1	value:30303a30303a30312e353030303030		0
CastDurationAsString/unsigned/1	0	value:30303a30303a30312e353030303030		0
CastDurationAsString/unsigned/1	2	value:30303a30303a30312e353030303030		0
CastDurationAsString/unsigned/1	1	value:30303a30303a30312e353030303030		0
CastDurationAsString/base/2	0	value:2d30303a30303a30312e353030303030		0
CastDurationAsString/base/2	2	value:2d30303a30303a30312e353030303030		0
CastDurationAsString/base/2	1	value:2d30303a30303a30312e353030303030		0
CastDurationAsString/unsigned/2	0	value:2d30303a30303a30312e353030303030		0
CastDurationAsString/unsigned/2	2	value:2d30303a30303a30312e353030303030		0
CastDurationAsString/unsigned/2	1	value:2d30303a30303a30312e353030303030		0
CastDurationAsTime/base/0	0	error	556e737570706f7274656428226e6f2073746174656d656e7420636c6f636b20666f7220612054494d4520636173742229	0
CastDurationAsTime/base/0	2	error	556e737570706f7274656428226e6f2073746174656d656e7420636c6f636b20666f7220612054494d4520636173742229	0
CastDurationAsTime/base/0	1	error	556e737570706f7274656428226e6f2073746174656d656e7420636c6f636b20666f7220612054494d4520636173742229	0
CastDurationAsTime/unsigned/0	0	error	556e737570706f7274656428226e6f2073746174656d656e7420636c6f636b20666f7220612054494d4520636173742229	0
CastDurationAsTime/unsigned/0	2	error	556e737570706f7274656428226e6f2073746174656d656e7420636c6f636b20666f7220612054494d4520636173742229	0
CastDurationAsTime/unsigned/0	1	error	556e737570706f7274656428226e6f2073746174656d656e7420636c6f636b20666f7220612054494d4520636173742229	0
CastDurationAsTime/base/1	0	error	556e737570706f7274656428226e6f2073746174656d656e7420636c6f636b20666f7220612054494d4520636173742229	0
CastDurationAsTime/base/1	2	error	556e737570706f7274656428226e6f2073746174656d656e7420636c6f636b20666f7220612054494d4520636173742229	0
CastDurationAsTime/base/1	1	error	556e737570706f7274656428226e6f2073746174656d656e7420636c6f636b20666f7220612054494d4520636173742229	0
CastDurationAsTime/unsigned/1	0	error	556e737570706f7274656428226e6f2073746174656d656e7420636c6f636b20666f7220612054494d4520636173742229	0
CastDurationAsTime/unsigned/1	2	error	556e737570706f7274656428226e6f2073746174656d656e7420636c6f636b20666f7220612054494d4520636173742229	0
CastDurationAsTime/unsigned/1	1	error	556e737570706f7274656428226e6f2073746174656d656e7420636c6f636b20666f7220612054494d4520636173742229	0
CastDurationAsTime/base/2	0	error	556e737570706f7274656428226e6f2073746174656d656e7420636c6f636b20666f7220612054494d4520636173742229	0
CastDurationAsTime/base/2	2	error	556e737570706f7274656428226e6f2073746174656d656e7420636c6f636b20666f7220612054494d4520636173742229	0
CastDurationAsTime/base/2	1	error	556e737570706f7274656428226e6f2073746174656d656e7420636c6f636b20666f7220612054494d4520636173742229	0
CastDurationAsTime/unsigned/2	0	error	556e737570706f7274656428226e6f2073746174656d656e7420636c6f636b20666f7220612054494d4520636173742229	0
CastDurationAsTime/unsigned/2	2	error	556e737570706f7274656428226e6f2073746174656d656e7420636c6f636b20666f7220612054494d4520636173742229	0
CastDurationAsTime/unsigned/2	1	error	556e737570706f7274656428226e6f2073746174656d656e7420636c6f636b20666f7220612054494d4520636173742229	0
CastDurationAsTime/timestamp	0	error	556e737570706f7274656428226e6f2073746174656d656e7420636c6f636b20666f7220612054494d4520636173742229	0
CastDurationAsTime/timestamp	2	error	556e737570706f7274656428226e6f2073746174656d656e7420636c6f636b20666f7220612054494d4520636173742229	0
CastDurationAsTime/timestamp	1	error	556e737570706f7274656428226e6f2073746174656d656e7420636c6f636b20666f7220612054494d4520636173742229	0
CastDurationAsDuration/base/0	0	value:30303a30303a30302e303030		0
CastDurationAsDuration/base/0	2	value:30303a30303a30302e303030		0
CastDurationAsDuration/base/0	1	value:30303a30303a30302e303030		0
CastDurationAsDuration/unsigned/0	0	value:30303a30303a30302e303030		0
CastDurationAsDuration/unsigned/0	2	value:30303a30303a30302e303030		0
CastDurationAsDuration/unsigned/0	1	value:30303a30303a30302e303030		0
CastDurationAsDuration/base/1	0	value:30303a30303a30312e353030		0
CastDurationAsDuration/base/1	2	value:30303a30303a30312e353030		0
CastDurationAsDuration/base/1	1	value:30303a30303a30312e353030		0
CastDurationAsDuration/unsigned/1	0	value:30303a30303a30312e353030		0
CastDurationAsDuration/unsigned/1	2	value:30303a30303a30312e353030		0
CastDurationAsDuration/unsigned/1	1	value:30303a30303a30312e353030		0
CastDurationAsDuration/base/2	0	value:2d30303a30303a30312e353030		0
CastDurationAsDuration/base/2	2	value:2d30303a30303a30312e353030		0
CastDurationAsDuration/base/2	1	value:2d30303a30303a30312e353030		0
CastDurationAsDuration/unsigned/2	0	value:2d30303a30303a30312e353030		0
CastDurationAsDuration/unsigned/2	2	value:2d30303a30303a30312e353030		0
CastDurationAsDuration/unsigned/2	1	value:2d30303a30303a30312e353030		0
CastDurationAsJson/base/0	0	value:2230303a30303a30302e30303030303022		0
CastDurationAsJson/base/0	2	value:2230303a30303a30302e30303030303022		0
CastDurationAsJson/base/0	1	value:2230303a30303a30302e30303030303022		0
CastDurationAsJson/unsigned/0	0	value:2230303a30303a30302e30303030303022		0
CastDurationAsJson/unsigned/0	2	value:2230303a30303a30302e30303030303022		0
CastDurationAsJson/unsigned/0	1	value:2230303a30303a30302e30303030303022		0
CastDurationAsJson/base/1	0	value:2230303a30303a30312e35303030303022		0
CastDurationAsJson/base/1	2	value:2230303a30303a30312e35303030303022		0
CastDurationAsJson/base/1	1	value:2230303a30303a30312e35303030303022		0
CastDurationAsJson/unsigned/1	0	value:2230303a30303a30312e35303030303022		0
CastDurationAsJson/unsigned/1	2	value:2230303a30303a30312e35303030303022		0
CastDurationAsJson/unsigned/1	1	value:2230303a30303a30312e35303030303022		0
CastDurationAsJson/base/2	0	value:222d30303a30303a30312e35303030303022		0
CastDurationAsJson/base/2	2	value:222d30303a30303a30312e35303030303022		0
CastDurationAsJson/base/2	1	value:222d30303a30303a30312e35303030303022		0
CastDurationAsJson/unsigned/2	0	value:222d30303a30303a30312e35303030303022		0
CastDurationAsJson/unsigned/2	2	value:222d30303a30303a30312e35303030303022		0
CastDurationAsJson/unsigned/2	1	value:222d30303a30303a30312e35303030303022		0
CastJsonAsInt/base/0	0	value:31		0
CastJsonAsInt/base/0	2	value:31		0
CastJsonAsInt/base/0	1	value:31		0
CastJsonAsInt/unsigned/0	0	value:31		0
CastJsonAsInt/unsigned/0	2	value:31		0
CastJsonAsInt/unsigned/0	1	value:31		0
CastJsonAsInt/base/1	0	value:31		0
CastJsonAsInt/base/1	2	value:31		0
CastJsonAsInt/base/1	1	value:31		0
CastJsonAsInt/unsigned/1	0	value:31		0
CastJsonAsInt/unsigned/1	2	value:31		0
CastJsonAsInt/unsigned/1	1	value:31		0
CastJsonAsInt/base/2	0	error	5472756e636174656457726f6e6756616c756528225472756e636174656420696e636f727265637420494e54454745522076616c75653a20277b7d272229	0
CastJsonAsInt/base/2	2	value:30		1
CastJsonAsInt/base/2	1	value:30		0
CastJsonAsInt/unsigned/2	0	error	5472756e636174656457726f6e6756616c756528225472756e636174656420696e636f727265637420494e54454745522076616c75653a20277b7d272229	0
CastJsonAsInt/unsigned/2	2	value:30		1
CastJsonAsInt/unsigned/2	1	value:30		0
CastJsonAsInt/base/3	0	value:31		0
CastJsonAsInt/base/3	2	value:31		0
CastJsonAsInt/base/3	1	value:31		0
CastJsonAsInt/unsigned/3	0	value:31		0
CastJsonAsInt/unsigned/3	2	value:31		0
CastJsonAsInt/unsigned/3	1	value:31		0
CastJsonAsInt/base/4	0	value:30		0
CastJsonAsInt/base/4	2	value:30		0
CastJsonAsInt/base/4	1	value:30		0
CastJsonAsInt/unsigned/4	0	value:30		0
CastJsonAsInt/unsigned/4	2	value:30		0
CastJsonAsInt/unsigned/4	1	value:30		0
CastJsonAsReal/base/0	0	real:3ff428f5c28f5c29		0
CastJsonAsReal/base/0	2	real:3ff428f5c28f5c29		0
CastJsonAsReal/base/0	1	real:3ff428f5c28f5c29		0
CastJsonAsReal/unsigned/0	0	real:3ff428f5c28f5c29		0
CastJsonAsReal/unsigned/0	2	real:3ff428f5c28f5c29		0
CastJsonAsReal/unsigned/0	1	real:3ff428f5c28f5c29		0
CastJsonAsReal/base/1	0	error	5472756e636174656457726f6e6756616c756528225472756e636174656420696e636f727265637420464c4f41542076616c75653a20275c22312e32365c22272229	0
CastJsonAsReal/base/1	2	real:0000000000000000		1
CastJsonAsReal/base/1	1	real:0000000000000000		0
CastJsonAsReal/unsigned/1	0	error	5472756e636174656457726f6e6756616c756528225472756e636174656420696e636f727265637420464c4f41542076616c75653a20275c22312e32365c22272229	0
CastJsonAsReal/unsigned/1	2	real:0000000000000000		1
CastJsonAsReal/unsigned/1	1	real:0000000000000000		0
CastJsonAsReal/base/2	0	error	5472756e636174656457726f6e6756616c756528225472756e636174656420696e636f727265637420464c4f41542076616c75653a20277b7d272229	0
CastJsonAsReal/base/2	2	real:0000000000000000		1
CastJsonAsReal/base/2	1	real:0000000000000000		0
CastJsonAsReal/unsigned/2	0	error	5472756e636174656457726f6e6756616c756528225472756e636174656420696e636f727265637420464c4f41542076616c75653a20277b7d272229	0
CastJsonAsReal/unsigned/2	2	real:0000000000000000		1
CastJsonAsReal/unsigned/2	1	real:0000000000000000		0
CastJsonAsReal/base/3	0	error	5472756e636174656457726f6e6756616c756528225472756e636174656420696e636f727265637420464c4f41542076616c75653a202774727565272229	0
CastJsonAsReal/base/3	2	real:0000000000000000		1
CastJsonAsReal/base/3	1	real:0000000000000000		0
CastJsonAsReal/unsigned/3	0	error	5472756e636174656457726f6e6756616c756528225472756e636174656420696e636f727265637420464c4f41542076616c75653a202774727565272229	0
CastJsonAsReal/unsigned/3	2	real:0000000000000000		1
CastJsonAsReal/unsigned/3	1	real:0000000000000000		0
CastJsonAsReal/base/4	0	error	5472756e636174656457726f6e6756616c756528225472756e636174656420696e636f727265637420464c4f41542076616c75653a20276e756c6c272229	0
CastJsonAsReal/base/4	2	real:0000000000000000		1
CastJsonAsReal/base/4	1	real:0000000000000000		0
CastJsonAsReal/unsigned/4	0	error	5472756e636174656457726f6e6756616c756528225472756e636174656420696e636f727265637420464c4f41542076616c75653a20276e756c6c272229	0
CastJsonAsReal/unsigned/4	2	real:0000000000000000		1
CastJsonAsReal/unsigned/4	1	real:0000000000000000		0
CastJsonAsDecimal/base/0	0	value:312e3236		0
CastJsonAsDecimal/base/0	2	value:312e3236		0
CastJsonAsDecimal/base/0	1	value:312e3236		0
CastJsonAsDecimal/unsigned/0	0	value:312e3236		0
CastJsonAsDecimal/unsigned/0	2	value:312e3236		0
CastJsonAsDecimal/unsigned/0	1	value:312e3236		0
CastJsonAsDecimal/base/1	0	value:312e3236		0
CastJsonAsDecimal/base/1	2	value:312e3236		0
CastJsonAsDecimal/base/1	1	value:312e3236		0
CastJsonAsDecimal/unsigned/1	0	value:312e3236		0
CastJsonAsDecimal/unsigned/1	2	value:312e3236		0
CastJsonAsDecimal/unsigned/1	1	value:312e3236		0
CastJsonAsDecimal/base/2	0	value:302e3030		0
CastJsonAsDecimal/base/2	2	value:302e3030		0
CastJsonAsDecimal/base/2	1	value:302e3030		0
CastJsonAsDecimal/unsigned/2	0	value:302e3030		0
CastJsonAsDecimal/unsigned/2	2	value:302e3030		0
CastJsonAsDecimal/unsigned/2	1	value:302e3030		0
CastJsonAsDecimal/base/3	0	value:312e3030		0
CastJsonAsDecimal/base/3	2	value:312e3030		0
CastJsonAsDecimal/base/3	1	value:312e3030		0
CastJsonAsDecimal/unsigned/3	0	value:312e3030		0
CastJsonAsDecimal/unsigned/3	2	value:312e3030		0
CastJsonAsDecimal/unsigned/3	1	value:312e3030		0
CastJsonAsDecimal/base/4	0	value:302e3030		0
CastJsonAsDecimal/base/4	2	value:302e3030		0
CastJsonAsDecimal/base/4	1	value:302e3030		0
CastJsonAsDecimal/unsigned/4	0	value:302e3030		0
CastJsonAsDecimal/unsigned/4	2	value:302e3030		0
CastJsonAsDecimal/unsigned/4	1	value:302e3030		0
CastJsonAsString/base/0	0	value:312e3236		0
CastJsonAsString/base/0	2	value:312e3236		0
CastJsonAsString/base/0	1	value:312e3236		0
CastJsonAsString/unsigned/0	0	value:312e3236		0
CastJsonAsString/unsigned/0	2	value:312e3236		0
CastJsonAsString/unsigned/0	1	value:312e3236		0
CastJsonAsString/base/1	0	value:22312e323622		0
CastJsonAsString/base/1	2	value:22312e323622		0
CastJsonAsString/base/1	1	value:22312e323622		0
CastJsonAsString/unsigned/1	0	value:22312e323622		0
CastJsonAsString/unsigned/1	2	value:22312e323622		0
CastJsonAsString/unsigned/1	1	value:22312e323622		0
CastJsonAsString/base/2	0	value:7b7d		0
CastJsonAsString/base/2	2	value:7b7d		0
CastJsonAsString/base/2	1	value:7b7d		0
CastJsonAsString/unsigned/2	0	value:7b7d		0
CastJsonAsString/unsigned/2	2	value:7b7d		0
CastJsonAsString/unsigned/2	1	value:7b7d		0
CastJsonAsString/base/3	0	value:74727565		0
CastJsonAsString/base/3	2	value:74727565		0
CastJsonAsString/base/3	1	value:74727565		0
CastJsonAsString/unsigned/3	0	value:74727565		0
CastJsonAsString/unsigned/3	2	value:74727565		0
CastJsonAsString/unsigned/3	1	value:74727565		0
CastJsonAsString/base/4	0	value:6e756c6c		0
CastJsonAsString/base/4	2	value:6e756c6c		0
CastJsonAsString/base/4	1	value:6e756c6c		0
CastJsonAsString/unsigned/4	0	value:6e756c6c		0
CastJsonAsString/unsigned/4	2	value:6e756c6c		0
CastJsonAsString/unsigned/4	1	value:6e756c6c		0
CastJsonAsTime/base/0	0	null		1
CastJsonAsTime/base/0	2	null		1
CastJsonAsTime/base/0	1	null		1
CastJsonAsTime/unsigned/0	0	null		1
CastJsonAsTime/unsigned/0	2	null		1
CastJsonAsTime/unsigned/0	1	null		1
CastJsonAsTime/base/1	0	null		1
CastJsonAsTime/base/1	2	null		1
CastJsonAsTime/base/1	1	null		1
CastJsonAsTime/unsigned/1	0	null		1
CastJsonAsTime/unsigned/1	2	null		1
CastJsonAsTime/unsigned/1	1	null		1
CastJsonAsTime/base/2	0	null		1
CastJsonAsTime/base/2	2	null		1
CastJsonAsTime/base/2	1	null		1
CastJsonAsTime/unsigned/2	0	null		1
CastJsonAsTime/unsigned/2	2	null		1
CastJsonAsTime/unsigned/2	1	null		1
CastJsonAsTime/base/3	0	null		1
CastJsonAsTime/base/3	2	null		1
CastJsonAsTime/base/3	1	null		1
CastJsonAsTime/unsigned/3	0	null		1
CastJsonAsTime/unsigned/3	2	null		1
CastJsonAsTime/unsigned/3	1	null		1
CastJsonAsTime/base/4	0	null		1
CastJsonAsTime/base/4	2	null		1
CastJsonAsTime/base/4	1	null		1
CastJsonAsTime/unsigned/4	0	null		1
CastJsonAsTime/unsigned/4	2	null		1
CastJsonAsTime/unsigned/4	1	null		1
CastJsonAsTime/timestamp	0	null		1
CastJsonAsTime/timestamp	2	null		1
CastJsonAsTime/timestamp	1	null		1
CastJsonAsDuration/base/0	0	error	5472756e636174656457726f6e6756616c756528225472756e636174656420696e636f72726563742074696d652076616c75653a2027312e3236272229	0
CastJsonAsDuration/base/0	2	null		1
CastJsonAsDuration/base/0	1	null		0
CastJsonAsDuration/unsigned/0	0	error	5472756e636174656457726f6e6756616c756528225472756e636174656420696e636f72726563742074696d652076616c75653a2027312e3236272229	0
CastJsonAsDuration/unsigned/0	2	null		1
CastJsonAsDuration/unsigned/0	1	null		0
CastJsonAsDuration/base/1	0	value:30303a30303a30312e323630		0
CastJsonAsDuration/base/1	2	value:30303a30303a30312e323630		0
CastJsonAsDuration/base/1	1	value:30303a30303a30312e323630		0
CastJsonAsDuration/unsigned/1	0	value:30303a30303a30312e323630		0
CastJsonAsDuration/unsigned/1	2	value:30303a30303a30312e323630		0
CastJsonAsDuration/unsigned/1	1	value:30303a30303a30312e323630		0
CastJsonAsDuration/base/2	0	error	5472756e636174656457726f6e6756616c756528225472756e636174656420696e636f72726563742074696d652076616c75653a20277b7d272229	0
CastJsonAsDuration/base/2	2	null		1
CastJsonAsDuration/base/2	1	null		0
CastJsonAsDuration/unsigned/2	0	error	5472756e636174656457726f6e6756616c756528225472756e636174656420696e636f72726563742074696d652076616c75653a20277b7d272229	0
CastJsonAsDuration/unsigned/2	2	null		1
CastJsonAsDuration/unsigned/2	1	null		0
CastJsonAsDuration/base/3	0	error	5472756e636174656457726f6e6756616c756528225472756e636174656420696e636f72726563742074696d652076616c75653a202774727565272229	0
CastJsonAsDuration/base/3	2	null		1
CastJsonAsDuration/base/3	1	null		0
CastJsonAsDuration/unsigned/3	0	error	5472756e636174656457726f6e6756616c756528225472756e636174656420696e636f72726563742074696d652076616c75653a202774727565272229	0
CastJsonAsDuration/unsigned/3	2	null		1
CastJsonAsDuration/unsigned/3	1	null		0
CastJsonAsDuration/base/4	0	error	5472756e636174656457726f6e6756616c756528225472756e636174656420696e636f72726563742074696d652076616c75653a20276e756c6c272229	0
CastJsonAsDuration/base/4	2	null		1
CastJsonAsDuration/base/4	1	null		0
CastJsonAsDuration/unsigned/4	0	error	5472756e636174656457726f6e6756616c756528225472756e636174656420696e636f72726563742074696d652076616c75653a20276e756c6c272229	0
CastJsonAsDuration/unsigned/4	2	null		1
CastJsonAsDuration/unsigned/4	1	null		0
CastJsonAsJson/base/0	0	value:312e3236		0
CastJsonAsJson/base/0	2	value:312e3236		0
CastJsonAsJson/base/0	1	value:312e3236		0
CastJsonAsJson/unsigned/0	0	value:312e3236		0
CastJsonAsJson/unsigned/0	2	value:312e3236		0
CastJsonAsJson/unsigned/0	1	value:312e3236		0
CastJsonAsJson/base/1	0	value:22312e323622		0
CastJsonAsJson/base/1	2	value:22312e323622		0
CastJsonAsJson/base/1	1	value:22312e323622		0
CastJsonAsJson/unsigned/1	0	value:22312e323622		0
CastJsonAsJson/unsigned/1	2	value:22312e323622		0
CastJsonAsJson/unsigned/1	1	value:22312e323622		0
CastJsonAsJson/base/2	0	value:7b7d		0
CastJsonAsJson/base/2	2	value:7b7d		0
CastJsonAsJson/base/2	1	value:7b7d		0
CastJsonAsJson/unsigned/2	0	value:7b7d		0
CastJsonAsJson/unsigned/2	2	value:7b7d		0
CastJsonAsJson/unsigned/2	1	value:7b7d		0
CastJsonAsJson/base/3	0	value:74727565		0
CastJsonAsJson/base/3	2	value:74727565		0
CastJsonAsJson/base/3	1	value:74727565		0
CastJsonAsJson/unsigned/3	0	value:74727565		0
CastJsonAsJson/unsigned/3	2	value:74727565		0
CastJsonAsJson/unsigned/3	1	value:74727565		0
CastJsonAsJson/base/4	0	value:6e756c6c		0
CastJsonAsJson/base/4	2	value:6e756c6c		0
CastJsonAsJson/base/4	1	value:6e756c6c		0
CastJsonAsJson/unsigned/4	0	value:6e756c6c		0
CastJsonAsJson/unsigned/4	2	value:6e756c6c		0
CastJsonAsJson/unsigned/4	1	value:6e756c6c		0
LTInt/ordinary	0	value:31		0
LTInt/ordinary	2	value:31		0
LTInt/ordinary	1	value:31		0
LTInt/null_bad	0	error	436f6e76657273696f6e28546572726f724572726f72207b206964656e746974793a20546572726f724964656e74697479207b20636c6173733a20546572726f72436c617373283230292c20636f64653a20546572726f72436f6465283132393229207d2c207266635f636f64653a202274797065733a31323932222c206d6573736167653a20225472756e636174656420696e636f727265637420444f55424c452076616c75653a2027696e76616c696427222c207265646163745f6172675f706f733a205b5d2c20737461636b3a204e6f6e65207d29	0
LTInt/null_bad	2	null		1
LTInt/null_bad	1	null		0
LEInt/ordinary	0	value:31		0
LEInt/ordinary	2	value:31		0
LEInt/ordinary	1	value:31		0
LEInt/null_bad	0	error	436f6e76657273696f6e28546572726f724572726f72207b206964656e746974793a20546572726f724964656e74697479207b20636c6173733a20546572726f72436c617373283230292c20636f64653a20546572726f72436f6465283132393229207d2c207266635f636f64653a202274797065733a31323932222c206d6573736167653a20225472756e636174656420696e636f727265637420444f55424c452076616c75653a2027696e76616c696427222c207265646163745f6172675f706f733a205b5d2c20737461636b3a204e6f6e65207d29	0
LEInt/null_bad	2	null		1
LEInt/null_bad	1	null		0
GTInt/ordinary	0	value:30		0
GTInt/ordinary	2	value:30		0
GTInt/ordinary	1	value:30		0
GTInt/null_bad	0	error	436f6e76657273696f6e28546572726f724572726f72207b206964656e746974793a20546572726f724964656e74697479207b20636c6173733a20546572726f72436c617373283230292c20636f64653a20546572726f72436f6465283132393229207d2c207266635f636f64653a202274797065733a31323932222c206d6573736167653a20225472756e636174656420696e636f727265637420444f55424c452076616c75653a2027696e76616c696427222c207265646163745f6172675f706f733a205b5d2c20737461636b3a204e6f6e65207d29	0
GTInt/null_bad	2	null		1
GTInt/null_bad	1	null		0
GEInt/ordinary	0	value:30		0
GEInt/ordinary	2	value:30		0
GEInt/ordinary	1	value:30		0
GEInt/null_bad	0	error	436f6e76657273696f6e28546572726f724572726f72207b206964656e746974793a20546572726f724964656e74697479207b20636c6173733a20546572726f72436c617373283230292c20636f64653a20546572726f72436f6465283132393229207d2c207266635f636f64653a202274797065733a31323932222c206d6573736167653a20225472756e636174656420696e636f727265637420444f55424c452076616c75653a2027696e76616c696427222c207265646163745f6172675f706f733a205b5d2c20737461636b3a204e6f6e65207d29	0
GEInt/null_bad	2	null		1
GEInt/null_bad	1	null		0
EQInt/ordinary	0	value:30		0
EQInt/ordinary	2	value:30		0
EQInt/ordinary	1	value:30		0
EQInt/null_bad	0	error	436f6e76657273696f6e28546572726f724572726f72207b206964656e746974793a20546572726f724964656e74697479207b20636c6173733a20546572726f72436c617373283230292c20636f64653a20546572726f72436f6465283132393229207d2c207266635f636f64653a202274797065733a31323932222c206d6573736167653a20225472756e636174656420696e636f727265637420444f55424c452076616c75653a2027696e76616c696427222c207265646163745f6172675f706f733a205b5d2c20737461636b3a204e6f6e65207d29	0
EQInt/null_bad	2	null		1
EQInt/null_bad	1	null		0
NEInt/ordinary	0	value:31		0
NEInt/ordinary	2	value:31		0
NEInt/ordinary	1	value:31		0
NEInt/null_bad	0	error	436f6e76657273696f6e28546572726f724572726f72207b206964656e746974793a20546572726f724964656e74697479207b20636c6173733a20546572726f72436c617373283230292c20636f64653a20546572726f72436f6465283132393229207d2c207266635f636f64653a202274797065733a31323932222c206d6573736167653a20225472756e636174656420696e636f727265637420444f55424c452076616c75653a2027696e76616c696427222c207265646163745f6172675f706f733a205b5d2c20737461636b3a204e6f6e65207d29	0
NEInt/null_bad	2	null		1
NEInt/null_bad	1	null		0
LTReal/ordinary	0	value:31		0
LTReal/ordinary	2	value:31		0
LTReal/ordinary	1	value:31		0
LTReal/null_bad	0	error	436f6e76657273696f6e28546572726f724572726f72207b206964656e746974793a20546572726f724964656e74697479207b20636c6173733a20546572726f72436c617373283230292c20636f64653a20546572726f72436f6465283132393229207d2c207266635f636f64653a202274797065733a31323932222c206d6573736167653a20225472756e636174656420696e636f727265637420444f55424c452076616c75653a2027696e76616c696427222c207265646163745f6172675f706f733a205b5d2c20737461636b3a204e6f6e65207d29	0
LTReal/null_bad	2	null		1
LTReal/null_bad	1	null		0
LEReal/ordinary	0	value:31		0
LEReal/ordinary	2	value:31		0
LEReal/ordinary	1	value:31		0
LEReal/null_bad	0	error	436f6e76657273696f6e28546572726f724572726f72207b206964656e746974793a20546572726f724964656e74697479207b20636c6173733a20546572726f72436c617373283230292c20636f64653a20546572726f72436f6465283132393229207d2c207266635f636f64653a202274797065733a31323932222c206d6573736167653a20225472756e636174656420696e636f727265637420444f55424c452076616c75653a2027696e76616c696427222c207265646163745f6172675f706f733a205b5d2c20737461636b3a204e6f6e65207d29	0
LEReal/null_bad	2	null		1
LEReal/null_bad	1	null		0
GTReal/ordinary	0	value:30		0
GTReal/ordinary	2	value:30		0
GTReal/ordinary	1	value:30		0
GTReal/null_bad	0	error	436f6e76657273696f6e28546572726f724572726f72207b206964656e746974793a20546572726f724964656e74697479207b20636c6173733a20546572726f72436c617373283230292c20636f64653a20546572726f72436f6465283132393229207d2c207266635f636f64653a202274797065733a31323932222c206d6573736167653a20225472756e636174656420696e636f727265637420444f55424c452076616c75653a2027696e76616c696427222c207265646163745f6172675f706f733a205b5d2c20737461636b3a204e6f6e65207d29	0
GTReal/null_bad	2	null		1
GTReal/null_bad	1	null		0
GEReal/ordinary	0	value:30		0
GEReal/ordinary	2	value:30		0
GEReal/ordinary	1	value:30		0
GEReal/null_bad	0	error	436f6e76657273696f6e28546572726f724572726f72207b206964656e746974793a20546572726f724964656e74697479207b20636c6173733a20546572726f72436c617373283230292c20636f64653a20546572726f72436f6465283132393229207d2c207266635f636f64653a202274797065733a31323932222c206d6573736167653a20225472756e636174656420696e636f727265637420444f55424c452076616c75653a2027696e76616c696427222c207265646163745f6172675f706f733a205b5d2c20737461636b3a204e6f6e65207d29	0
GEReal/null_bad	2	null		1
GEReal/null_bad	1	null		0
EQReal/ordinary	0	value:30		0
EQReal/ordinary	2	value:30		0
EQReal/ordinary	1	value:30		0
EQReal/null_bad	0	error	436f6e76657273696f6e28546572726f724572726f72207b206964656e746974793a20546572726f724964656e74697479207b20636c6173733a20546572726f72436c617373283230292c20636f64653a20546572726f72436f6465283132393229207d2c207266635f636f64653a202274797065733a31323932222c206d6573736167653a20225472756e636174656420696e636f727265637420444f55424c452076616c75653a2027696e76616c696427222c207265646163745f6172675f706f733a205b5d2c20737461636b3a204e6f6e65207d29	0
EQReal/null_bad	2	null		1
EQReal/null_bad	1	null		0
NEReal/ordinary	0	value:31		0
NEReal/ordinary	2	value:31		0
NEReal/ordinary	1	value:31		0
NEReal/null_bad	0	error	436f6e76657273696f6e28546572726f724572726f72207b206964656e746974793a20546572726f724964656e74697479207b20636c6173733a20546572726f72436c617373283230292c20636f64653a20546572726f72436f6465283132393229207d2c207266635f636f64653a202274797065733a31323932222c206d6573736167653a20225472756e636174656420696e636f727265637420444f55424c452076616c75653a2027696e76616c696427222c207265646163745f6172675f706f733a205b5d2c20737461636b3a204e6f6e65207d29	0
NEReal/null_bad	2	null		1
NEReal/null_bad	1	null		0
LTDecimal/ordinary	0	value:31		0
LTDecimal/ordinary	2	value:31		0
LTDecimal/ordinary	1	value:31		0
LTDecimal/null_bad	0	error	436f6e76657273696f6e28546572726f724572726f72207b206964656e746974793a20546572726f724964656e74697479207b20636c6173733a20546572726f72436c617373283230292c20636f64653a20546572726f72436f6465283132393229207d2c207266635f636f64653a202274797065733a31323932222c206d6573736167653a20225472756e636174656420696e636f727265637420444543494d414c2076616c75653a2027696e76616c696427222c207265646163745f6172675f706f733a205b5d2c20737461636b3a204e6f6e65207d29	0
LTDecimal/null_bad	2	null		1
LTDecimal/null_bad	1	null		0
LEDecimal/ordinary	0	value:31		0
LEDecimal/ordinary	2	value:31		0
LEDecimal/ordinary	1	value:31		0
LEDecimal/null_bad	0	error	436f6e76657273696f6e28546572726f724572726f72207b206964656e746974793a20546572726f724964656e74697479207b20636c6173733a20546572726f72436c617373283230292c20636f64653a20546572726f72436f6465283132393229207d2c207266635f636f64653a202274797065733a31323932222c206d6573736167653a20225472756e636174656420696e636f727265637420444543494d414c2076616c75653a2027696e76616c696427222c207265646163745f6172675f706f733a205b5d2c20737461636b3a204e6f6e65207d29	0
LEDecimal/null_bad	2	null		1
LEDecimal/null_bad	1	null		0
GTDecimal/ordinary	0	value:30		0
GTDecimal/ordinary	2	value:30		0
GTDecimal/ordinary	1	value:30		0
GTDecimal/null_bad	0	error	436f6e76657273696f6e28546572726f724572726f72207b206964656e746974793a20546572726f724964656e74697479207b20636c6173733a20546572726f72436c617373283230292c20636f64653a20546572726f72436f6465283132393229207d2c207266635f636f64653a202274797065733a31323932222c206d6573736167653a20225472756e636174656420696e636f727265637420444543494d414c2076616c75653a2027696e76616c696427222c207265646163745f6172675f706f733a205b5d2c20737461636b3a204e6f6e65207d29	0
GTDecimal/null_bad	2	null		1
GTDecimal/null_bad	1	null		0
GEDecimal/ordinary	0	value:30		0
GEDecimal/ordinary	2	value:30		0
GEDecimal/ordinary	1	value:30		0
GEDecimal/null_bad	0	error	436f6e76657273696f6e28546572726f724572726f72207b206964656e746974793a20546572726f724964656e74697479207b20636c6173733a20546572726f72436c617373283230292c20636f64653a20546572726f72436f6465283132393229207d2c207266635f636f64653a202274797065733a31323932222c206d6573736167653a20225472756e636174656420696e636f727265637420444543494d414c2076616c75653a2027696e76616c696427222c207265646163745f6172675f706f733a205b5d2c20737461636b3a204e6f6e65207d29	0
GEDecimal/null_bad	2	null		1
GEDecimal/null_bad	1	null		0
EQDecimal/ordinary	0	value:30		0
EQDecimal/ordinary	2	value:30		0
EQDecimal/ordinary	1	value:30		0
EQDecimal/null_bad	0	error	436f6e76657273696f6e28546572726f724572726f72207b206964656e746974793a20546572726f724964656e74697479207b20636c6173733a20546572726f72436c617373283230292c20636f64653a20546572726f72436f6465283132393229207d2c207266635f636f64653a202274797065733a31323932222c206d6573736167653a20225472756e636174656420696e636f727265637420444543494d414c2076616c75653a2027696e76616c696427222c207265646163745f6172675f706f733a205b5d2c20737461636b3a204e6f6e65207d29	0
EQDecimal/null_bad	2	null		1
EQDecimal/null_bad	1	null		0
NEDecimal/ordinary	0	value:31		0
NEDecimal/ordinary	2	value:31		0
NEDecimal/ordinary	1	value:31		0
NEDecimal/null_bad	0	error	436f6e76657273696f6e28546572726f724572726f72207b206964656e746974793a20546572726f724964656e74697479207b20636c6173733a20546572726f72436c617373283230292c20636f64653a20546572726f72436f6465283132393229207d2c207266635f636f64653a202274797065733a31323932222c206d6573736167653a20225472756e636174656420696e636f727265637420444543494d414c2076616c75653a2027696e76616c696427222c207265646163745f6172675f706f733a205b5d2c20737461636b3a204e6f6e65207d29	0
NEDecimal/null_bad	2	null		1
NEDecimal/null_bad	1	null		0
LTString/ordinary	0	value:31		0
LTString/ordinary	2	value:31		0
LTString/ordinary	1	value:31		0
LTString/null_bad	0	null		0
LTString/null_bad	2	null		0
LTString/null_bad	1	null		0
LEString/ordinary	0	value:31		0
LEString/ordinary	2	value:31		0
LEString/ordinary	1	value:31		0
LEString/null_bad	0	null		0
LEString/null_bad	2	null		0
LEString/null_bad	1	null		0
GTString/ordinary	0	value:30		0
GTString/ordinary	2	value:30		0
GTString/ordinary	1	value:30		0
GTString/null_bad	0	null		0
GTString/null_bad	2	null		0
GTString/null_bad	1	null		0
GEString/ordinary	0	value:30		0
GEString/ordinary	2	value:30		0
GEString/ordinary	1	value:30		0
GEString/null_bad	0	null		0
GEString/null_bad	2	null		0
GEString/null_bad	1	null		0
EQString/ordinary	0	value:30		0
EQString/ordinary	2	value:30		0
EQString/ordinary	1	value:30		0
EQString/null_bad	0	null		0
EQString/null_bad	2	null		0
EQString/null_bad	1	null		0
NEString/ordinary	0	value:31		0
NEString/ordinary	2	value:31		0
NEString/ordinary	1	value:31		0
NEString/null_bad	0	null		0
NEString/null_bad	2	null		0
NEString/null_bad	1	null		0
LTTime/ordinary	0	value:30		0
LTTime/ordinary	2	value:30		0
LTTime/ordinary	1	value:30		0
LTTime/null_bad	0	error	556e737570706f727465642822636f6e7374616e74206973206e6f7420696e20697473206465636c61726564206576616c756174696f6e20646f6d61696e2229	0
LTTime/null_bad	2	error	556e737570706f727465642822636f6e7374616e74206973206e6f7420696e20697473206465636c61726564206576616c756174696f6e20646f6d61696e2229	0
LTTime/null_bad	1	error	556e737570706f727465642822636f6e7374616e74206973206e6f7420696e20697473206465636c61726564206576616c756174696f6e20646f6d61696e2229	0
LETime/ordinary	0	value:31		0
LETime/ordinary	2	value:31		0
LETime/ordinary	1	value:31		0
LETime/null_bad	0	error	556e737570706f727465642822636f6e7374616e74206973206e6f7420696e20697473206465636c61726564206576616c756174696f6e20646f6d61696e2229	0
LETime/null_bad	2	error	556e737570706f727465642822636f6e7374616e74206973206e6f7420696e20697473206465636c61726564206576616c756174696f6e20646f6d61696e2229	0
LETime/null_bad	1	error	556e737570706f727465642822636f6e7374616e74206973206e6f7420696e20697473206465636c61726564206576616c756174696f6e20646f6d61696e2229	0
GTTime/ordinary	0	value:30		0
GTTime/ordinary	2	value:30		0
GTTime/ordinary	1	value:30		0
GTTime/null_bad	0	error	556e737570706f727465642822636f6e7374616e74206973206e6f7420696e20697473206465636c61726564206576616c756174696f6e20646f6d61696e2229	0
GTTime/null_bad	2	error	556e737570706f727465642822636f6e7374616e74206973206e6f7420696e20697473206465636c61726564206576616c756174696f6e20646f6d61696e2229	0
GTTime/null_bad	1	error	556e737570706f727465642822636f6e7374616e74206973206e6f7420696e20697473206465636c61726564206576616c756174696f6e20646f6d61696e2229	0
GETime/ordinary	0	value:31		0
GETime/ordinary	2	value:31		0
GETime/ordinary	1	value:31		0
GETime/null_bad	0	error	556e737570706f727465642822636f6e7374616e74206973206e6f7420696e20697473206465636c61726564206576616c756174696f6e20646f6d61696e2229	0
GETime/null_bad	2	error	556e737570706f727465642822636f6e7374616e74206973206e6f7420696e20697473206465636c61726564206576616c756174696f6e20646f6d61696e2229	0
GETime/null_bad	1	error	556e737570706f727465642822636f6e7374616e74206973206e6f7420696e20697473206465636c61726564206576616c756174696f6e20646f6d61696e2229	0
EQTime/ordinary	0	value:31		0
EQTime/ordinary	2	value:31		0
EQTime/ordinary	1	value:31		0
EQTime/null_bad	0	error	556e737570706f727465642822636f6e7374616e74206973206e6f7420696e20697473206465636c61726564206576616c756174696f6e20646f6d61696e2229	0
EQTime/null_bad	2	error	556e737570706f727465642822636f6e7374616e74206973206e6f7420696e20697473206465636c61726564206576616c756174696f6e20646f6d61696e2229	0
EQTime/null_bad	1	error	556e737570706f727465642822636f6e7374616e74206973206e6f7420696e20697473206465636c61726564206576616c756174696f6e20646f6d61696e2229	0
NETime/ordinary	0	value:30		0
NETime/ordinary	2	value:30		0
NETime/ordinary	1	value:30		0
NETime/null_bad	0	error	556e737570706f727465642822636f6e7374616e74206973206e6f7420696e20697473206465636c61726564206576616c756174696f6e20646f6d61696e2229	0
NETime/null_bad	2	error	556e737570706f727465642822636f6e7374616e74206973206e6f7420696e20697473206465636c61726564206576616c756174696f6e20646f6d61696e2229	0
NETime/null_bad	1	error	556e737570706f727465642822636f6e7374616e74206973206e6f7420696e20697473206465636c61726564206576616c756174696f6e20646f6d61696e2229	0
PlusInt/-1/2	0	value:31		0
PlusInt/-1/2	2	value:31		0
PlusInt/-1/2	1	value:31		0
PlusInt/1/0	0	value:31		0
PlusInt/1/0	2	value:31		0
PlusInt/1/0	1	value:31		0
PlusInt/9223372036854775807/2	0	error	446174614f75744f6652616e6765207b2076616c75653a2022424947494e54222c2065787072657373696f6e3a20222839323233333732303336383534373735383037202b20322922207d	0
PlusInt/9223372036854775807/2	2	error	446174614f75744f6652616e6765207b2076616c75653a2022424947494e54222c2065787072657373696f6e3a20222839323233333732303336383534373735383037202b20322922207d	0
PlusInt/9223372036854775807/2	1	error	446174614f75744f6652616e6765207b2076616c75653a2022424947494e54222c2065787072657373696f6e3a20222839323233333732303336383534373735383037202b20322922207d	0
PlusInt/null_bad	0	null		0
PlusInt/null_bad	2	null		0
PlusInt/null_bad	1	null		0
PlusReal/-1/2	0	real:3ff0000000000000		0
PlusReal/-1/2	2	real:3ff0000000000000		0
PlusReal/-1/2	1	real:3ff0000000000000		0
PlusReal/1/0	0	real:3ff0000000000000		0
PlusReal/1/0	2	real:3ff0000000000000		0
PlusReal/1/0	1	real:3ff0000000000000		0
PlusReal/9223372036854775807/2	0	real:43e0000000000000		0
PlusReal/9223372036854775807/2	2	real:43e0000000000000		0
PlusReal/9223372036854775807/2	1	real:43e0000000000000		0
PlusReal/null_bad	0	null		0
PlusReal/null_bad	2	null		0
PlusReal/null_bad	1	null		0
PlusDecimal/-1/2	0	value:312e3030		0
PlusDecimal/-1/2	2	value:312e3030		0
PlusDecimal/-1/2	1	value:312e3030		0
PlusDecimal/1/0	0	value:312e3030		0
PlusDecimal/1/0	2	value:312e3030		0
PlusDecimal/1/0	1	value:312e3030		0
PlusDecimal/9223372036854775807/2	0	value:393232333337323033363835343737353830392e3030		0
PlusDecimal/9223372036854775807/2	2	value:393232333337323033363835343737353830392e3030		0
PlusDecimal/9223372036854775807/2	1	value:393232333337323033363835343737353830392e3030		0
PlusDecimal/null_bad	0	null		0
PlusDecimal/null_bad	2	null		0
PlusDecimal/null_bad	1	null		0
MinusInt/-1/2	0	value:2d33		0
MinusInt/-1/2	2	value:2d33		0
MinusInt/-1/2	1	value:2d33		0
MinusInt/1/0	0	value:31		0
MinusInt/1/0	2	value:31		0
MinusInt/1/0	1	value:31		0
MinusInt/9223372036854775807/2	0	value:39323233333732303336383534373735383035		0
MinusInt/9223372036854775807/2	2	value:39323233333732303336383534373735383035		0
MinusInt/9223372036854775807/2	1	value:39323233333732303336383534373735383035		0
MinusInt/null_bad	0	null		0
MinusInt/null_bad	2	null		0
MinusInt/null_bad	1	null		0
MinusReal/-1/2	0	real:c008000000000000		0
MinusReal/-1/2	2	real:c008000000000000		0
MinusReal/-1/2	1	real:c008000000000000		0
MinusReal/1/0	0	real:3ff0000000000000		0
MinusReal/1/0	2	real:3ff0000000000000		0
MinusReal/1/0	1	real:3ff0000000000000		0
MinusReal/9223372036854775807/2	0	real:43e0000000000000		0
MinusReal/9223372036854775807/2	2	real:43e0000000000000		0
MinusReal/9223372036854775807/2	1	real:43e0000000000000		0
MinusReal/null_bad	0	null		0
MinusReal/null_bad	2	null		0
MinusReal/null_bad	1	null		0
MinusDecimal/-1/2	0	value:2d332e3030		0
MinusDecimal/-1/2	2	value:2d332e3030		0
MinusDecimal/-1/2	1	value:2d332e3030		0
MinusDecimal/1/0	0	value:312e3030		0
MinusDecimal/1/0	2	value:312e3030		0
MinusDecimal/1/0	1	value:312e3030		0
MinusDecimal/9223372036854775807/2	0	value:393232333337323033363835343737353830352e3030		0
MinusDecimal/9223372036854775807/2	2	value:393232333337323033363835343737353830352e3030		0
MinusDecimal/9223372036854775807/2	1	value:393232333337323033363835343737353830352e3030		0
MinusDecimal/null_bad	0	null		0
MinusDecimal/null_bad	2	null		0
MinusDecimal/null_bad	1	null		0
MultiplyInt/-1/2	0	value:2d32		0
MultiplyInt/-1/2	2	value:2d32		0
MultiplyInt/-1/2	1	value:2d32		0
MultiplyInt/1/0	0	value:30		0
MultiplyInt/1/0	2	value:30		0
MultiplyInt/1/0	1	value:30		0
MultiplyInt/9223372036854775807/2	0	error	446174614f75744f6652616e6765207b2076616c75653a2022424947494e54222c2065787072657373696f6e3a20222839323233333732303336383534373735383037202a20322922207d	0
MultiplyInt/9223372036854775807/2	2	error	446174614f75744f6652616e6765207b2076616c75653a2022424947494e54222c2065787072657373696f6e3a20222839323233333732303336383534373735383037202a20322922207d	0
MultiplyInt/9223372036854775807/2	1	error	446174614f75744f6652616e6765207b2076616c75653a2022424947494e54222c2065787072657373696f6e3a20222839323233333732303336383534373735383037202a20322922207d	0
MultiplyInt/null_bad	0	null		0
MultiplyInt/null_bad	2	null		0
MultiplyInt/null_bad	1	null		0
MultiplyIntUnsigned/-1/2	0	error	446174614f75744f6652616e6765207b2076616c75653a2022424947494e5420554e5349474e4544222c2065787072657373696f6e3a2022282d31202a20322922207d	0
MultiplyIntUnsigned/-1/2	2	error	446174614f75744f6652616e6765207b2076616c75653a2022424947494e5420554e5349474e4544222c2065787072657373696f6e3a2022282d31202a20322922207d	0
MultiplyIntUnsigned/-1/2	1	error	446174614f75744f6652616e6765207b2076616c75653a2022424947494e5420554e5349474e4544222c2065787072657373696f6e3a2022282d31202a20322922207d	0
MultiplyIntUnsigned/1/0	0	value:30		0
MultiplyIntUnsigned/1/0	2	value:30		0
MultiplyIntUnsigned/1/0	1	value:30		0
MultiplyIntUnsigned/9223372036854775807/2	0	value:2d32		0
MultiplyIntUnsigned/9223372036854775807/2	2	value:2d32		0
MultiplyIntUnsigned/9223372036854775807/2	1	value:2d32		0
MultiplyIntUnsigned/null_bad	0	null		0
MultiplyIntUnsigned/null_bad	2	null		0
MultiplyIntUnsigned/null_bad	1	null		0
MultiplyReal/-1/2	0	real:c000000000000000		0
MultiplyReal/-1/2	2	real:c000000000000000		0
MultiplyReal/-1/2	1	real:c000000000000000		0
MultiplyReal/1/0	0	real:0000000000000000		0
MultiplyReal/1/0	2	real:0000000000000000		0
MultiplyReal/1/0	1	real:0000000000000000		0
MultiplyReal/9223372036854775807/2	0	real:43f0000000000000		0
MultiplyReal/9223372036854775807/2	2	real:43f0000000000000		0
MultiplyReal/9223372036854775807/2	1	real:43f0000000000000		0
MultiplyReal/null_bad	0	null		0
MultiplyReal/null_bad	2	null		0
MultiplyReal/null_bad	1	null		0
MultiplyDecimal/-1/2	0	value:2d322e30303030		0
MultiplyDecimal/-1/2	2	value:2d322e30303030		0
MultiplyDecimal/-1/2	1	value:2d322e30303030		0
MultiplyDecimal/1/0	0	value:302e30303030		0
MultiplyDecimal/1/0	2	value:302e30303030		0
MultiplyDecimal/1/0	1	value:302e30303030		0
MultiplyDecimal/9223372036854775807/2	0	value:31383434363734343037333730393535313631342e30303030		0
MultiplyDecimal/9223372036854775807/2	2	value:31383434363734343037333730393535313631342e30303030		0
MultiplyDecimal/9223372036854775807/2	1	value:31383434363734343037333730393535313631342e30303030		0
MultiplyDecimal/null_bad	0	null		0
MultiplyDecimal/null_bad	2	null		0
MultiplyDecimal/null_bad	1	null		0
DivideReal/-1/2	0	real:bfe0000000000000		0
DivideReal/-1/2	2	real:bfe0000000000000		0
DivideReal/-1/2	1	real:bfe0000000000000		0
DivideReal/1/0	0	error	4469766973696f6e42795a65726f	0
DivideReal/1/0	2	error	4469766973696f6e42795a65726f	0
DivideReal/1/0	1	error	4469766973696f6e42795a65726f	0
DivideReal/9223372036854775807/2	0	real:43d0000000000000		0
DivideReal/9223372036854775807/2	2	real:43d0000000000000		0
DivideReal/9223372036854775807/2	1	real:43d0000000000000		0
DivideReal/null_bad	0	null		0
DivideReal/null_bad	2	null		0
DivideReal/null_bad	1	null		0
DivideDecimal/-1/2	0	value:2d302e353030303030		0
DivideDecimal/-1/2	2	value:2d302e353030303030		0
DivideDecimal/-1/2	1	value:2d302e353030303030		0
DivideDecimal/1/0	0	error	4469766973696f6e42795a65726f	0
DivideDecimal/1/0	2	error	4469766973696f6e42795a65726f	0
DivideDecimal/1/0	1	error	4469766973696f6e42795a65726f	0
DivideDecimal/9223372036854775807/2	0	value:343631313638363031383432373338373930332e353030303030		0
DivideDecimal/9223372036854775807/2	2	value:343631313638363031383432373338373930332e353030303030		0
DivideDecimal/9223372036854775807/2	1	value:343631313638363031383432373338373930332e353030303030		0
DivideDecimal/null_bad	0	null		0
DivideDecimal/null_bad	2	null		0
DivideDecimal/null_bad	1	null		0
IntDivideInt/-1/2	0	value:30		0
IntDivideInt/-1/2	2	value:30		0
IntDivideInt/-1/2	1	value:30		0
IntDivideInt/1/0	0	error	4469766973696f6e42795a65726f	0
IntDivideInt/1/0	2	error	4469766973696f6e42795a65726f	0
IntDivideInt/1/0	1	error	4469766973696f6e42795a65726f	0
IntDivideInt/9223372036854775807/2	0	value:34363131363836303138343237333837393033		0
IntDivideInt/9223372036854775807/2	2	value:34363131363836303138343237333837393033		0
IntDivideInt/9223372036854775807/2	1	value:34363131363836303138343237333837393033		0
IntDivideInt/null_bad	0	null		0
IntDivideInt/null_bad	2	null		0
IntDivideInt/null_bad	1	null		0
IntDivideDecimal/-1/2	0	value:30		0
IntDivideDecimal/-1/2	2	value:30		0
IntDivideDecimal/-1/2	1	value:30		0
IntDivideDecimal/1/0	0	error	4469766973696f6e42795a65726f	0
IntDivideDecimal/1/0	2	error	4469766973696f6e42795a65726f	0
IntDivideDecimal/1/0	1	error	4469766973696f6e42795a65726f	0
IntDivideDecimal/9223372036854775807/2	0	value:34363131363836303138343237333837393033		0
IntDivideDecimal/9223372036854775807/2	2	value:34363131363836303138343237333837393033		0
IntDivideDecimal/9223372036854775807/2	1	value:34363131363836303138343237333837393033		0
IntDivideDecimal/null_bad	0	null		0
IntDivideDecimal/null_bad	2	null		0
IntDivideDecimal/null_bad	1	null		0
ModIntSignedSigned/-1/2	0	value:2d31		0
ModIntSignedSigned/-1/2	2	value:2d31		0
ModIntSignedSigned/-1/2	1	value:2d31		0
ModIntSignedSigned/1/0	0	error	4469766973696f6e42795a65726f	0
ModIntSignedSigned/1/0	2	error	4469766973696f6e42795a65726f	0
ModIntSignedSigned/1/0	1	error	4469766973696f6e42795a65726f	0
ModIntSignedSigned/9223372036854775807/2	0	value:31		0
ModIntSignedSigned/9223372036854775807/2	2	value:31		0
ModIntSignedSigned/9223372036854775807/2	1	value:31		0
ModIntSignedSigned/null_bad	0	error	556e737570706f727465642822756e2d636173742074797065732e4554496e7420617267756d656e742229	0
ModIntSignedSigned/null_bad	2	error	556e737570706f727465642822756e2d636173742074797065732e4554496e7420617267756d656e742229	0
ModIntSignedSigned/null_bad	1	error	556e737570706f727465642822756e2d636173742074797065732e4554496e7420617267756d656e742229	0
ModIntSignedUnsigned/-1/2	0	value:2d31		0
ModIntSignedUnsigned/-1/2	2	value:2d31		0
ModIntSignedUnsigned/-1/2	1	value:2d31		0
ModIntSignedUnsigned/1/0	0	error	4469766973696f6e42795a65726f	0
ModIntSignedUnsigned/1/0	2	error	4469766973696f6e42795a65726f	0
ModIntSignedUnsigned/1/0	1	error	4469766973696f6e42795a65726f	0
ModIntSignedUnsigned/9223372036854775807/2	0	value:31		0
ModIntSignedUnsigned/9223372036854775807/2	2	value:31		0
ModIntSignedUnsigned/9223372036854775807/2	1	value:31		0
ModIntSignedUnsigned/null_bad	0	error	556e737570706f727465642822756e2d636173742074797065732e4554496e7420617267756d656e742229	0
ModIntSignedUnsigned/null_bad	2	error	556e737570706f727465642822756e2d636173742074797065732e4554496e7420617267756d656e742229	0
ModIntSignedUnsigned/null_bad	1	error	556e737570706f727465642822756e2d636173742074797065732e4554496e7420617267756d656e742229	0
ModIntUnsignedSigned/-1/2	0	value:31		0
ModIntUnsignedSigned/-1/2	2	value:31		0
ModIntUnsignedSigned/-1/2	1	value:31		0
ModIntUnsignedSigned/1/0	0	error	4469766973696f6e42795a65726f	0
ModIntUnsignedSigned/1/0	2	error	4469766973696f6e42795a65726f	0
ModIntUnsignedSigned/1/0	1	error	4469766973696f6e42795a65726f	0
ModIntUnsignedSigned/9223372036854775807/2	0	value:31		0
ModIntUnsignedSigned/9223372036854775807/2	2	value:31		0
ModIntUnsignedSigned/9223372036854775807/2	1	value:31		0
ModIntUnsignedSigned/null_bad	0	error	556e737570706f727465642822756e2d636173742074797065732e4554496e7420617267756d656e742229	0
ModIntUnsignedSigned/null_bad	2	error	556e737570706f727465642822756e2d636173742074797065732e4554496e7420617267756d656e742229	0
ModIntUnsignedSigned/null_bad	1	error	556e737570706f727465642822756e2d636173742074797065732e4554496e7420617267756d656e742229	0
ModIntUnsignedUnsigned/-1/2	0	value:31		0
ModIntUnsignedUnsigned/-1/2	2	value:31		0
ModIntUnsignedUnsigned/-1/2	1	value:31		0
ModIntUnsignedUnsigned/1/0	0	error	4469766973696f6e42795a65726f	0
ModIntUnsignedUnsigned/1/0	2	error	4469766973696f6e42795a65726f	0
ModIntUnsignedUnsigned/1/0	1	error	4469766973696f6e42795a65726f	0
ModIntUnsignedUnsigned/9223372036854775807/2	0	value:31		0
ModIntUnsignedUnsigned/9223372036854775807/2	2	value:31		0
ModIntUnsignedUnsigned/9223372036854775807/2	1	value:31		0
ModIntUnsignedUnsigned/null_bad	0	error	556e737570706f727465642822756e2d636173742074797065732e4554496e7420617267756d656e742229	0
ModIntUnsignedUnsigned/null_bad	2	error	556e737570706f727465642822756e2d636173742074797065732e4554496e7420617267756d656e742229	0
ModIntUnsignedUnsigned/null_bad	1	error	556e737570706f727465642822756e2d636173742074797065732e4554496e7420617267756d656e742229	0
ModReal/-1/2	0	real:bff0000000000000		0
ModReal/-1/2	2	real:bff0000000000000		0
ModReal/-1/2	1	real:bff0000000000000		0
ModReal/1/0	0	error	4469766973696f6e42795a65726f	0
ModReal/1/0	2	error	4469766973696f6e42795a65726f	0
ModReal/1/0	1	error	4469766973696f6e42795a65726f	0
ModReal/9223372036854775807/2	0	real:0000000000000000		0
ModReal/9223372036854775807/2	2	real:0000000000000000		0
ModReal/9223372036854775807/2	1	real:0000000000000000		0
ModReal/null_bad	0	error	5472756e636174656457726f6e6756616c756528225472756e636174656420696e636f727265637420444f55424c452076616c75653a2027696e76616c6964272229	0
ModReal/null_bad	2	null		1
ModReal/null_bad	1	null		0
ModDecimal/-1/2	0	value:2d312e3030		0
ModDecimal/-1/2	2	value:2d312e3030		0
ModDecimal/-1/2	1	value:2d312e3030		0
ModDecimal/1/0	0	error	4469766973696f6e42795a65726f	0
ModDecimal/1/0	2	error	4469766973696f6e42795a65726f	0
ModDecimal/1/0	1	error	4469766973696f6e42795a65726f	0
ModDecimal/9223372036854775807/2	0	value:312e3030		0
ModDecimal/9223372036854775807/2	2	value:312e3030		0
ModDecimal/9223372036854775807/2	1	value:312e3030		0
ModDecimal/null_bad	0	null		0
ModDecimal/null_bad	2	null		0
ModDecimal/null_bad	1	null		0
Acos/0	0	real:3ff921fb54442d18		0
Acos/0	2	real:3ff921fb54442d18		0
Acos/0	1	real:3ff921fb54442d18		0
Acos/0.5	0	real:3ff0c152382d7365		0
Acos/0.5	2	real:3ff0c152382d7365		0
Acos/0.5	1	real:3ff0c152382d7365		0
Acos/1	0	real:0000000000000000		0
Acos/1	2	real:0000000000000000		0
Acos/1	1	real:0000000000000000		0
Acos/-1	0	real:400921fb54442d18		0
Acos/-1	2	real:400921fb54442d18		0
Acos/-1	1	real:400921fb54442d18		0
Acos/1e20	0	null		0
Acos/1e20	2	null		0
Acos/1e20	1	null		0
Asin/0	0	real:0000000000000000		0
Asin/0	2	real:0000000000000000		0
Asin/0	1	real:0000000000000000		0
Asin/0.5	0	real:3fe0c152382d7365		0
Asin/0.5	2	real:3fe0c152382d7365		0
Asin/0.5	1	real:3fe0c152382d7365		0
Asin/1	0	real:3ff921fb54442d18		0
Asin/1	2	real:3ff921fb54442d18		0
Asin/1	1	real:3ff921fb54442d18		0
Asin/-1	0	real:bff921fb54442d18		0
Asin/-1	2	real:bff921fb54442d18		0
Asin/-1	1	real:bff921fb54442d18		0
Asin/1e20	0	null		0
Asin/1e20	2	null		0
Asin/1e20	1	null		0
Atan1Arg/0	0	real:0000000000000000		0
Atan1Arg/0	2	real:0000000000000000		0
Atan1Arg/0	1	real:0000000000000000		0
Atan1Arg/0.5	0	real:3fddac670561bb4f		0
Atan1Arg/0.5	2	real:3fddac670561bb4f		0
Atan1Arg/0.5	1	real:3fddac670561bb4f		0
Atan1Arg/1	0	real:3fe921fb54442d18		0
Atan1Arg/1	2	real:3fe921fb54442d18		0
Atan1Arg/1	1	real:3fe921fb54442d18		0
Atan1Arg/-1	0	real:bfe921fb54442d18		0
Atan1Arg/-1	2	real:bfe921fb54442d18		0
Atan1Arg/-1	1	real:bfe921fb54442d18		0
Atan1Arg/1e20	0	real:3ff921fb54442d18		0
Atan1Arg/1e20	2	real:3ff921fb54442d18		0
Atan1Arg/1e20	1	real:3ff921fb54442d18		0
Cos/0	0	real:3ff0000000000000		0
Cos/0	2	real:3ff0000000000000		0
Cos/0	1	real:3ff0000000000000		0
Cos/0.5	0	real:3fec1528065b7d50		0
Cos/0.5	2	real:3fec1528065b7d50		0
Cos/0.5	1	real:3fec1528065b7d50		0
Cos/1	0	real:3fe14a280fb5068c		0
Cos/1	2	real:3fe14a280fb5068c		0
Cos/1	1	real:3fe14a280fb5068c		0
Cos/-1	0	real:3fe14a280fb5068c		0
Cos/-1	2	real:3fe14a280fb5068c		0
Cos/-1	1	real:3fe14a280fb5068c		0
Cos/1e20	0	real:3fe872720fc60d3e		0
Cos/1e20	2	real:3fe872720fc60d3e		0
Cos/1e20	1	real:3fe872720fc60d3e		0
Cot/0	0	error	466c6f61744f766572666c6f77	0
Cot/0	2	error	466c6f61744f766572666c6f77	0
Cot/0	1	error	466c6f61744f766572666c6f77	0
Cot/0.5	0	real:3ffd49ad7e47c0a3		0
Cot/0.5	2	real:3ffd49ad7e47c0a3		0
Cot/0.5	1	real:3ffd49ad7e47c0a3		0
Cot/1	0	real:3fe48c05d04e1cfe		0
Cot/1	2	real:3fe48c05d04e1cfe		0
Cot/1	1	real:3fe48c05d04e1cfe		0
Cot/-1	0	real:bfe48c05d04e1cfe		0
Cot/-1	2	real:bfe48c05d04e1cfe		0
Cot/-1	1	real:bfe48c05d04e1cfe		0
Cot/1e20	0	real:bff2f19e6afb3969		0
Cot/1e20	2	real:bff2f19e6afb3969		0
Cot/1e20	1	real:bff2f19e6afb3969		0
Sin/0	0	real:0000000000000000		0
Sin/0	2	real:0000000000000000		0
Sin/0	1	real:0000000000000000		0
Sin/0.5	0	real:3fdeaee8744b05f0		0
Sin/0.5	2	real:3fdeaee8744b05f0		0
Sin/0.5	1	real:3fdeaee8744b05f0		0
Sin/1	0	real:3feaed548f090cee		0
Sin/1	2	real:3feaed548f090cee		0
Sin/1	1	real:3feaed548f090cee		0
Sin/-1	0	real:bfeaed548f090cee		0
Sin/-1	2	real:bfeaed548f090cee		0
Sin/-1	1	real:bfeaed548f090cee		0
Sin/1e20	0	real:bfe4a5e605fd6450		0
Sin/1e20	2	real:bfe4a5e605fd6450		0
Sin/1e20	1	real:bfe4a5e605fd6450		0
RoundReal/0	0	real:0000000000000000		0
RoundReal/0	2	real:0000000000000000		0
RoundReal/0	1	real:0000000000000000		0
RoundReal/0.5	0	real:0000000000000000		0
RoundReal/0.5	2	real:0000000000000000		0
RoundReal/0.5	1	real:0000000000000000		0
RoundReal/1	0	real:3ff0000000000000		0
RoundReal/1	2	real:3ff0000000000000		0
RoundReal/1	1	real:3ff0000000000000		0
RoundReal/-1	0	real:bff0000000000000		0
RoundReal/-1	2	real:bff0000000000000		0
RoundReal/-1	1	real:bff0000000000000		0
RoundReal/1e20	0	real:4415af1d78b58c40		0
RoundReal/1e20	2	real:4415af1d78b58c40		0
RoundReal/1e20	1	real:4415af1d78b58c40		0
RoundInt/0	0	value:2d31		0
RoundInt/0	2	value:2d31		0
RoundInt/0	1	value:2d31		0
RoundInt/1	0	value:30		0
RoundInt/1	2	value:30		0
RoundInt/1	1	value:30		0
RoundInt/2	0	value:31		0
RoundInt/2	2	value:31		0
RoundInt/2	1	value:31		0
RoundInt/3	0	value:39323233333732303336383534373735383037		0
RoundInt/3	2	value:39323233333732303336383534373735383037		0
RoundInt/3	1	value:39323233333732303336383534373735383037		0
RoundDec/0	0	value:2d31		0
RoundDec/0	2	value:2d31		0
RoundDec/0	1	value:2d31		0
RoundDec/1	0	value:31		0
RoundDec/1	2	value:31		0
RoundDec/1	1	value:31		0
RoundDec/2	0	value:313233		0
RoundDec/2	2	value:313233		0
RoundDec/2	1	value:313233		0
Atan2Args/0.5/2	0	real:3fcf5b75f92c80dd		0
Atan2Args/0.5/2	2	real:3fcf5b75f92c80dd		0
Atan2Args/0.5/2	1	real:3fcf5b75f92c80dd		0
Atan2Args/1e20/2	0	real:3ff921fb54442d18		0
Atan2Args/1e20/2	2	real:3ff921fb54442d18		0
Atan2Args/1e20/2	1	real:3ff921fb54442d18		0
Atan2Args/-1/0.5	0	real:bff1b6e192ebbe44		0
Atan2Args/-1/0.5	2	real:bff1b6e192ebbe44		0
Atan2Args/-1/0.5	1	real:bff1b6e192ebbe44		0
Pow/0.5/2	0	real:3fd0000000000000		0
Pow/0.5/2	2	real:3fd0000000000000		0
Pow/0.5/2	1	real:3fd0000000000000		0
Pow/1e20/2	0	real:483d6329f1c35ca5		0
Pow/1e20/2	2	real:483d6329f1c35ca5		0
Pow/1e20/2	1	real:483d6329f1c35ca5		0
Pow/-1/0.5	0	error	466c6f61744f766572666c6f77	0
Pow/-1/0.5	2	error	466c6f61744f766572666c6f77	0
Pow/-1/0.5	1	error	466c6f61744f766572666c6f77	0
CharLength/416243	0	value:33		0
CharLength/416243	2	value:33		0
CharLength/416243	1	value:33		0
CharLength/c3a9e4b8adc39f	0	value:37		0
CharLength/c3a9e4b8adc39f	2	value:37		0
CharLength/c3a9e4b8adc39f	1	value:37		0
CharLength/ff0061	0	value:33		0
CharLength/ff0061	2	value:33		0
CharLength/ff0061	1	value:33		0
CharLengthUTF8/416243	0	value:33		0
CharLengthUTF8/416243	2	value:33		0
CharLengthUTF8/416243	1	value:33		0
CharLengthUTF8/c3a9e4b8adc39f	0	value:33		0
CharLengthUTF8/c3a9e4b8adc39f	2	value:33		0
CharLengthUTF8/c3a9e4b8adc39f	1	value:33		0
CharLengthUTF8/ff0061	0	value:33		0
CharLengthUTF8/ff0061	2	value:33		0
CharLengthUTF8/ff0061	1	value:33		0
Upper/416243	0	value:416243		0
Upper/416243	2	value:416243		0
Upper/416243	1	value:416243		0
Upper/c3a9e4b8adc39f	0	value:c3a9e4b8adc39f		0
Upper/c3a9e4b8adc39f	2	value:c3a9e4b8adc39f		0
Upper/c3a9e4b8adc39f	1	value:c3a9e4b8adc39f		0
Upper/ff0061	0	value:ff0061		0
Upper/ff0061	2	value:ff0061		0
Upper/ff0061	1	value:ff0061		0
UpperUTF8/416243	0	value:414243		0
UpperUTF8/416243	2	value:414243		0
UpperUTF8/416243	1	value:414243		0
UpperUTF8/c3a9e4b8adc39f	0	value:c389e4b8adc39f		0
UpperUTF8/c3a9e4b8adc39f	2	value:c389e4b8adc39f		0
UpperUTF8/c3a9e4b8adc39f	1	value:c389e4b8adc39f		0
UpperUTF8/ff0061	0	value:efbfbd0041		0
UpperUTF8/ff0061	2	value:efbfbd0041		0
UpperUTF8/ff0061	1	value:efbfbd0041		0
Lower/416243	0	value:416243		0
Lower/416243	2	value:416243		0
Lower/416243	1	value:416243		0
Lower/c3a9e4b8adc39f	0	value:c3a9e4b8adc39f		0
Lower/c3a9e4b8adc39f	2	value:c3a9e4b8adc39f		0
Lower/c3a9e4b8adc39f	1	value:c3a9e4b8adc39f		0
Lower/ff0061	0	value:ff0061		0
Lower/ff0061	2	value:ff0061		0
Lower/ff0061	1	value:ff0061		0
LowerUTF8/416243	0	value:616263		0
LowerUTF8/416243	2	value:616263		0
LowerUTF8/416243	1	value:616263		0
LowerUTF8/c3a9e4b8adc39f	0	value:c3a9e4b8adc39f		0
LowerUTF8/c3a9e4b8adc39f	2	value:c3a9e4b8adc39f		0
LowerUTF8/c3a9e4b8adc39f	1	value:c3a9e4b8adc39f		0
LowerUTF8/ff0061	0	value:efbfbd0061		0
LowerUTF8/ff0061	2	value:efbfbd0061		0
LowerUTF8/ff0061	1	value:efbfbd0061		0
Substring2Args/416243	0	value:6243		0
Substring2Args/416243	2	value:6243		0
Substring2Args/416243	1	value:6243		0
Substring2Args/c3a9e4b8adc39f	0	value:a9e4b8adc39f		0
Substring2Args/c3a9e4b8adc39f	2	value:a9e4b8adc39f		0
Substring2Args/c3a9e4b8adc39f	1	value:a9e4b8adc39f		0
Substring2Args/ff0061	0	value:0061		0
Substring2Args/ff0061	2	value:0061		0
Substring2Args/ff0061	1	value:0061		0
Substring2ArgsUTF8/416243	0	value:6243		0
Substring2ArgsUTF8/416243	2	value:6243		0
Substring2ArgsUTF8/416243	1	value:6243		0
Substring2ArgsUTF8/c3a9e4b8adc39f	0	value:e4b8adc39f		0
Substring2ArgsUTF8/c3a9e4b8adc39f	2	value:e4b8adc39f		0
Substring2ArgsUTF8/c3a9e4b8adc39f	1	value:e4b8adc39f		0
Substring2ArgsUTF8/ff0061	0	value:0061		0
Substring2ArgsUTF8/ff0061	2	value:0061		0
Substring2ArgsUTF8/ff0061	1	value:0061		0
Substring3Args/416243	0	value:62		0
Substring3Args/416243	2	value:62		0
Substring3Args/416243	1	value:62		0
Substring3Args/c3a9e4b8adc39f	0	value:a9		0
Substring3Args/c3a9e4b8adc39f	2	value:a9		0
Substring3Args/c3a9e4b8adc39f	1	value:a9		0
Substring3Args/ff0061	0	value:00		0
Substring3Args/ff0061	2	value:00		0
Substring3Args/ff0061	1	value:00		0
Substring3ArgsUTF8/416243	0	value:62		0
Substring3ArgsUTF8/416243	2	value:62		0
Substring3ArgsUTF8/416243	1	value:62		0
Substring3ArgsUTF8/c3a9e4b8adc39f	0	value:e4b8ad		0
Substring3ArgsUTF8/c3a9e4b8adc39f	2	value:e4b8ad		0
Substring3ArgsUTF8/c3a9e4b8adc39f	1	value:e4b8ad		0
Substring3ArgsUTF8/ff0061	0	value:00		0
Substring3ArgsUTF8/ff0061	2	value:00		0
Substring3ArgsUTF8/ff0061	1	value:00		0
IfInt/ordinary	0	value:39323233333732303336383534373735383037		0
IfInt/ordinary	2	value:39323233333732303336383534373735383037		0
IfInt/ordinary	1	value:39323233333732303336383534373735383037		0
IfNullInt/ordinary	0	value:2d31		0
IfNullInt/ordinary	2	value:2d31		0
IfNullInt/ordinary	1	value:2d31		0
CaseWhenInt/ordinary	0	value:39323233333732303336383534373735383037		0
CaseWhenInt/ordinary	2	value:39323233333732303336383534373735383037		0
CaseWhenInt/ordinary	1	value:39323233333732303336383534373735383037		0
IfReal/ordinary	0	real:4415af1d78b58c40		0
IfReal/ordinary	2	real:4415af1d78b58c40		0
IfReal/ordinary	1	real:4415af1d78b58c40		0
IfNullReal/ordinary	0	real:bff428f5c28f5c29		0
IfNullReal/ordinary	2	real:bff428f5c28f5c29		0
IfNullReal/ordinary	1	real:bff428f5c28f5c29		0
CaseWhenReal/ordinary	0	real:4415af1d78b58c40		0
CaseWhenReal/ordinary	2	real:4415af1d78b58c40		0
CaseWhenReal/ordinary	1	real:4415af1d78b58c40		0
IfDecimal/ordinary	0	value:3132332e343536		0
IfDecimal/ordinary	2	value:3132332e343536		0
IfDecimal/ordinary	1	value:3132332e343536		0
IfNullDecimal/ordinary	0	value:2d312e3236		0
IfNullDecimal/ordinary	2	value:2d312e3236		0
IfNullDecimal/ordinary	1	value:2d312e3236		0
CaseWhenDecimal/ordinary	0	value:3132332e343536		0
CaseWhenDecimal/ordinary	2	value:3132332e343536		0
CaseWhenDecimal/ordinary	1	value:3132332e343536		0
IfString/ordinary	0	value:31653939		0
IfString/ordinary	2	value:31653939		0
IfString/ordinary	1	value:31653939		0
IfNullString/ordinary	0	value:312e3236		0
IfNullString/ordinary	2	value:312e3236		0
IfNullString/ordinary	1	value:312e3236		0
CaseWhenString/ordinary	0	value:31653939		0
CaseWhenString/ordinary	2	value:31653939		0
CaseWhenString/ordinary	1	value:31653939		0
IfTime/ordinary	0	value:323032342d30312d30322030333a30343a30352e313233		0
IfTime/ordinary	2	value:323032342d30312d30322030333a30343a30352e313233		0
IfTime/ordinary	1	value:323032342d30312d30322030333a30343a30352e313233		0
IfNullTime/ordinary	0	value:323032342d30312d30322030333a30343a30352e313233		0
IfNullTime/ordinary	2	value:323032342d30312d30322030333a30343a30352e313233		0
IfNullTime/ordinary	1	value:323032342d30312d30322030333a30343a30352e313233		0
CaseWhenTime/ordinary	0	value:323032342d30312d30322030333a30343a30352e313233		0
CaseWhenTime/ordinary	2	value:323032342d30312d30322030333a30343a30352e313233		0
CaseWhenTime/ordinary	1	value:323032342d30312d30322030333a30343a30352e313233		0
IfDuration/ordinary	0	value:2d30303a30303a30312e353030303030		0
IfDuration/ordinary	2	value:2d30303a30303a30312e353030303030		0
IfDuration/ordinary	1	value:2d30303a30303a30312e353030303030		0
IfNullDuration/ordinary	0	value:30303a30303a30302e303030303030		0
IfNullDuration/ordinary	2	value:30303a30303a30302e303030303030		0
IfNullDuration/ordinary	1	value:30303a30303a30302e303030303030		0
CaseWhenDuration/ordinary	0	value:2d30303a30303a30312e353030303030		0
CaseWhenDuration/ordinary	2	value:2d30303a30303a30312e353030303030		0
CaseWhenDuration/ordinary	1	value:2d30303a30303a30312e353030303030		0
IfJson/ordinary	0	value:6e756c6c		0
IfJson/ordinary	2	value:6e756c6c		0
IfJson/ordinary	1	value:6e756c6c		0
IfNullJson/ordinary	0	value:312e3236		0
IfNullJson/ordinary	2	value:312e3236		0
IfNullJson/ordinary	1	value:312e3236		0
CaseWhenJson/ordinary	0	value:6e756c6c		0
CaseWhenJson/ordinary	2	value:6e756c6c		0
CaseWhenJson/ordinary	1	value:6e756c6c		0
Pow/bad_then_null	0	null		0
Pow/bad_then_null	2	null		0
Pow/bad_then_null	1	null		0
Atan2Args/bad_then_null	0	null		0
Atan2Args/bad_then_null	2	null		0
Atan2Args/bad_then_null	1	null		0
Substring3ArgsUTF8/bad_pos_then_null	0	null		0
Substring3ArgsUTF8/bad_pos_then_null	2	null		0
Substring3ArgsUTF8/bad_pos_then_null	1	null		0
DateDiff/bad_then_null	0	null		0
DateDiff/bad_then_null	2	null		0
DateDiff/bad_then_null	1	null		0
IntIsNull/null	0	value:31		0
IntIsNull/null	2	value:31		0
IntIsNull/null	1	value:31		0
IntIsNull/ordinary	0	value:30		0
IntIsNull/ordinary	2	value:30		0
IntIsNull/ordinary	1	value:30		0
RealIsNull/null	0	value:31		0
RealIsNull/null	2	value:31		0
RealIsNull/null	1	value:31		0
RealIsNull/ordinary	0	value:30		0
RealIsNull/ordinary	2	value:30		0
RealIsNull/ordinary	1	value:30		0
DecimalIsNull/null	0	value:31		0
DecimalIsNull/null	2	value:31		0
DecimalIsNull/null	1	value:31		0
DecimalIsNull/ordinary	0	value:30		0
DecimalIsNull/ordinary	2	value:30		0
DecimalIsNull/ordinary	1	value:30		0
StringIsNull/null	0	value:31		0
StringIsNull/null	2	value:31		0
StringIsNull/null	1	value:31		0
StringIsNull/ordinary	0	value:30		0
StringIsNull/ordinary	2	value:30		0
StringIsNull/ordinary	1	value:30		0
TimeIsNull/null	0	value:31		0
TimeIsNull/null	2	value:31		0
TimeIsNull/null	1	value:31		0
TimeIsNull/ordinary	0	value:30		0
TimeIsNull/ordinary	2	value:30		0
TimeIsNull/ordinary	1	value:30		0
DurationIsNull/null	0	value:31		0
DurationIsNull/null	2	value:31		0
DurationIsNull/null	1	value:31		0
DurationIsNull/ordinary	0	value:30		0
DurationIsNull/ordinary	2	value:30		0
DurationIsNull/ordinary	1	value:30		0
VectorFloat32IsNull/null	0	value:31		0
VectorFloat32IsNull/null	2	value:31		0
VectorFloat32IsNull/null	1	value:31		0
UnaryNotInt/0	0	value:31		0
UnaryNotInt/0	2	value:31		0
UnaryNotInt/0	1	value:31		0
UnaryNotInt/1	0	value:30		0
UnaryNotInt/1	2	value:30		0
UnaryNotInt/1	1	value:30		0
UnaryNotInt/-1	0	value:30		0
UnaryNotInt/-1	2	value:30		0
UnaryNotInt/-1	1	value:30		0
IntIsTrueWithNull/0	0	value:30		0
IntIsTrueWithNull/0	2	value:30		0
IntIsTrueWithNull/0	1	value:30		0
IntIsTrueWithNull/1	0	value:31		0
IntIsTrueWithNull/1	2	value:31		0
IntIsTrueWithNull/1	1	value:31		0
IntIsTrueWithNull/-1	0	value:31		0
IntIsTrueWithNull/-1	2	value:31		0
IntIsTrueWithNull/-1	1	value:31		0
RealIsTrueWithNull/0	0	value:30		0
RealIsTrueWithNull/0	2	value:30		0
RealIsTrueWithNull/0	1	value:30		0
RealIsTrueWithNull/1	0	value:31		0
RealIsTrueWithNull/1	2	value:31		0
RealIsTrueWithNull/1	1	value:31		0
RealIsTrueWithNull/-1	0	value:31		0
RealIsTrueWithNull/-1	2	value:31		0
RealIsTrueWithNull/-1	1	value:31		0
DecimalIsTrueWithNull/0	0	value:30		0
DecimalIsTrueWithNull/0	2	value:30		0
DecimalIsTrueWithNull/0	1	value:30		0
DecimalIsTrueWithNull/1	0	value:31		0
DecimalIsTrueWithNull/1	2	value:31		0
DecimalIsTrueWithNull/1	1	value:31		0
DecimalIsTrueWithNull/-1	0	value:31		0
DecimalIsTrueWithNull/-1	2	value:31		0
DecimalIsTrueWithNull/-1	1	value:31		0
LogicalAnd/0	0	value:30		0
LogicalAnd/0	2	value:30		0
LogicalAnd/0	1	value:30		0
LogicalAnd/1	0	null		0
LogicalAnd/1	2	null		0
LogicalAnd/1	1	null		0
LogicalOr/0	0	null		0
LogicalOr/0	2	null		0
LogicalOr/0	1	null		0
LogicalOr/1	0	value:31		0
LogicalOr/1	2	value:31		0
LogicalOr/1	1	value:31		0
InInt/normal	0	value:31		0
InInt/normal	2	value:31		0
InInt/normal	1	value:31		0
InInt/match_before_bad	0	value:31		0
InInt/match_before_bad	2	value:31		0
InInt/match_before_bad	1	value:31		0
InString/normal	0	value:31		0
InString/normal	2	value:31		0
InString/normal	1	value:31		0
InString/match_before_bad	0	value:31		0
InString/match_before_bad	2	value:31		0
InString/match_before_bad	1	value:31		0
Conv/15	0	value:46		0
Conv/15	2	value:46		0
Conv/15	1	value:46		0
Conv/invalid	0	value:30		0
Conv/invalid	2	value:30		0
Conv/invalid	1	value:30		0
Conv/-1	0	value:46464646464646464646464646464646		0
Conv/-1	2	value:46464646464646464646464646464646		0
Conv/-1	1	value:46464646464646464646464646464646		0
PI/normal	0	real:400921fb54442d18		0
PI/normal	2	real:400921fb54442d18		0
PI/normal	1	real:400921fb54442d18		0
LikeSig/normal	0	value:30		0
LikeSig/normal	2	value:30		0
LikeSig/normal	1	value:30		0
RegexpLikeSig/a	0	value:31		0
RegexpLikeSig/a	2	value:31		0
RegexpLikeSig/a	1	value:31		0
RegexpLikeSig/[	0	error	556e737570706f727465642822696e76616c696420726567756c61722065787072657373696f6e207061747465726e2229	0
RegexpLikeSig/[	2	error	556e737570706f727465642822696e76616c696420726567756c61722065787072657373696f6e207061747465726e2229	0
RegexpLikeSig/[	1	error	556e737570706f727465642822696e76616c696420726567756c61722065787072657373696f6e207061747465726e2229	0
Date/normal	0	value:323032342d30312d3032		0
Date/normal	2	value:323032342d30312d3032		0
Date/normal	1	value:323032342d30312d3032		0
Month/normal	0	value:31		0
Month/normal	2	value:31		0
Month/normal	1	value:31		0
WeekWithoutMode/normal	0	value:30		0
WeekWithoutMode/normal	2	value:30		0
WeekWithoutMode/normal	1	value:30		0
UnixTimestampInt/normal	0	value:31373034313634363435		0
UnixTimestampInt/normal	2	value:31373034313634363435		0
UnixTimestampInt/normal	1	value:31373034313634363435		0
UnixTimestampDec/normal	0	value:313730343136343634352e313233		0
UnixTimestampDec/normal	2	value:313730343136343634352e313233		0
UnixTimestampDec/normal	1	value:313730343136343634352e313233		0
Hour/1500000000	0	value:30		0
Hour/1500000000	2	value:30		0
Hour/1500000000	1	value:30		0
Hour/-1500000000	0	value:30		0
Hour/-1500000000	2	value:30		0
Hour/-1500000000	1	value:30		0
Minute/1500000000	0	value:30		0
Minute/1500000000	2	value:30		0
Minute/1500000000	1	value:30		0
Minute/-1500000000	0	value:30		0
Minute/-1500000000	2	value:30		0
Minute/-1500000000	1	value:30		0
Second/1500000000	0	value:31		0
Second/1500000000	2	value:31		0
Second/1500000000	1	value:31		0
Second/-1500000000	0	value:31		0
Second/-1500000000	2	value:31		0
Second/-1500000000	1	value:31		0
MicroSecond/1500000000	0	value:353030303030		0
MicroSecond/1500000000	2	value:353030303030		0
MicroSecond/1500000000	1	value:353030303030		0
MicroSecond/-1500000000	0	value:353030303030		0
MicroSecond/-1500000000	2	value:353030303030		0
MicroSecond/-1500000000	1	value:353030303030		0
DateFormatSig/normal	0	value:323032342d30312d30322030333a30343a30352e313233303030		0
DateFormatSig/normal	2	value:323032342d30312d30322030333a30343a30352e313233303030		0
DateFormatSig/normal	1	value:323032342d30312d30322030333a30343a30352e313233303030		0
TimestampDiff/normal	0	value:30		0
TimestampDiff/normal	2	value:30		0
TimestampDiff/normal	1	value:30		0
FromUnixTime1Arg/1.5	0	value:313937302d30312d30312030303a30303a30312e353030		0
FromUnixTime1Arg/1.5	2	value:313937302d30312d30312030303a30303a30312e353030		0
FromUnixTime1Arg/1.5	1	value:313937302d30312d30312030303a30303a30312e353030		0
FromUnixTime1Arg/-1	0	null		0
FromUnixTime1Arg/-1	2	null		0
FromUnixTime1Arg/-1	1	null		0
FromUnixTime1Arg/2147483648	0	value:323033382d30312d31392030333a31343a30382e303030		0
FromUnixTime1Arg/2147483648	2	value:323033382d30312d31392030333a31343a30382e303030		0
FromUnixTime1Arg/2147483648	1	value:323033382d30312d31392030333a31343a30382e303030		0
FromUnixTime2Arg/1.5	0	value:313937302d30312d30312030303a30303a30312e353030303030		0
FromUnixTime2Arg/1.5	2	value:313937302d30312d30312030303a30303a30312e353030303030		0
FromUnixTime2Arg/1.5	1	value:313937302d30312d30312030303a30303a30312e353030303030		0
FromUnixTime2Arg/-1	0	null		0
FromUnixTime2Arg/-1	2	null		0
FromUnixTime2Arg/-1	1	null		0
FromUnixTime2Arg/2147483648	0	value:323033382d30312d31392030333a31343a30382e303030303030		0
FromUnixTime2Arg/2147483648	2	value:323033382d30312d31392030333a31343a30382e303030303030		0
FromUnixTime2Arg/2147483648	1	value:323033382d30312d31392030333a31343a30382e303030303030		0
JsonMemberOfSig/normal	0	value:31		0
JsonMemberOfSig/normal	2	value:31		0
JsonMemberOfSig/normal	1	value:31		0
JsonReplaceSig/normal	0	value:7b2261223a20327d		0
JsonReplaceSig/normal	2	value:7b2261223a20327d		0
JsonReplaceSig/normal	1	value:7b2261223a20327d		0
JsonReplaceSig/null_before_bad_path	0	error	5472756e636174656457726f6e6756616c756528225472756e636174656420696e636f727265637420494e54454745522076616c75653a2027696e76616c6964272229	0
JsonReplaceSig/null_before_bad_path	2	null		1
JsonReplaceSig/null_before_bad_path	1	null		0
JsonArrayAppendSig/normal	0	value:7b2261223a205b312c20325d7d		0
JsonArrayAppendSig/normal	2	value:7b2261223a205b312c20325d7d		0
JsonArrayAppendSig/normal	1	value:7b2261223a205b312c20325d7d		0
JsonArrayAppendSig/null_before_bad_path	0	error	5472756e636174656457726f6e6756616c756528225472756e636174656420696e636f727265637420494e54454745522076616c75653a2027696e76616c6964272229	0
JsonArrayAppendSig/null_before_bad_path	2	null		1
JsonArrayAppendSig/null_before_bad_path	1	null		0
JsonMergePatchSig/normal	0	value:7b2261223a20327d		0
JsonMergePatchSig/normal	2	value:7b2261223a20327d		0
JsonMergePatchSig/normal	1	value:7b2261223a20327d		0
AddDateDatetimeDecimal/normal	0	value:323032342d30312d30342030333a30343a30352e313233		0
AddDateDatetimeDecimal/normal	2	value:323032342d30312d30342030333a30343a30352e313233		0
AddDateDatetimeDecimal/normal	1	value:323032342d30312d30342030333a30343a30352e313233		0
AddDateDatetimeInt/normal	0	value:323032342d30312d30332030333a30343a30352e313233		0
AddDateDatetimeInt/normal	2	value:323032342d30312d30332030333a30343a30352e313233		0
AddDateDatetimeInt/normal	1	value:323032342d30312d30332030333a30343a30352e313233		0
AddDateDatetimeReal/normal	0	value:323032342d30312d30342030333a30343a30352e313233		0
AddDateDatetimeReal/normal	2	value:323032342d30312d30342030333a30343a30352e313233		0
AddDateDatetimeReal/normal	1	value:323032342d30312d30342030333a30343a30352e313233		0
AddDateDatetimeString/normal	0	value:323032342d30312d30332030333a30343a30352e313233		1
AddDateDatetimeString/normal	2	value:323032342d30312d30332030333a30343a30352e313233		1
AddDateDatetimeString/normal	1	value:323032342d30312d30332030333a30343a30352e313233		1
AddDateDecimalDecimal/normal	0	value:323032342d30312d3034		0
AddDateDecimalDecimal/normal	2	value:323032342d30312d3034		0
AddDateDecimalDecimal/normal	1	value:323032342d30312d3034		0
AddDateDecimalInt/normal	0	value:323032342d30312d3033		0
AddDateDecimalInt/normal	2	value:323032342d30312d3033		0
AddDateDecimalInt/normal	1	value:323032342d30312d3033		0
AddDateDecimalReal/normal	0	value:323032342d30312d3034		0
AddDateDecimalReal/normal	2	value:323032342d30312d3034		0
AddDateDecimalReal/normal	1	value:323032342d30312d3034		0
AddDateDecimalString/normal	0	value:323032342d30312d3033		1
AddDateDecimalString/normal	2	value:323032342d30312d3033		1
AddDateDecimalString/normal	1	value:323032342d30312d3033		1
AddDateDurationDecimal/normal	0	value:30303a30303a30332e3030		0
AddDateDurationDecimal/normal	2	value:30303a30303a30332e3030		0
AddDateDurationDecimal/normal	1	value:30303a30303a30332e3030		0
AddDateDurationDecimalDatetime/normal	0	error	556e737570706f7274656428226e6f2073746174656d656e7420636c6f636b20666f7220612054494d4520636173742229	0
AddDateDurationDecimalDatetime/normal	2	error	556e737570706f7274656428226e6f2073746174656d656e7420636c6f636b20666f7220612054494d4520636173742229	0
AddDateDurationDecimalDatetime/normal	1	error	556e737570706f7274656428226e6f2073746174656d656e7420636c6f636b20666f7220612054494d4520636173742229	0
AddDateDurationInt/normal	0	value:30303a30303a3032		0
AddDateDurationInt/normal	2	value:30303a30303a3032		0
AddDateDurationInt/normal	1	value:30303a30303a3032		0
AddDateDurationIntDatetime/normal	0	error	556e737570706f7274656428226e6f2073746174656d656e7420636c6f636b20666f7220612054494d4520636173742229	0
AddDateDurationIntDatetime/normal	2	error	556e737570706f7274656428226e6f2073746174656d656e7420636c6f636b20666f7220612054494d4520636173742229	0
AddDateDurationIntDatetime/normal	1	error	556e737570706f7274656428226e6f2073746174656d656e7420636c6f636b20666f7220612054494d4520636173742229	0
AddDateDurationReal/normal	0	value:30303a30303a30332e303030303030		0
AddDateDurationReal/normal	2	value:30303a30303a30332e303030303030		0
AddDateDurationReal/normal	1	value:30303a30303a30332e303030303030		0
AddDateDurationRealDatetime/normal	0	error	556e737570706f7274656428226e6f2073746174656d656e7420636c6f636b20666f7220612054494d4520636173742229	0
AddDateDurationRealDatetime/normal	2	error	556e737570706f7274656428226e6f2073746174656d656e7420636c6f636b20666f7220612054494d4520636173742229	0
AddDateDurationRealDatetime/normal	1	error	556e737570706f7274656428226e6f2073746174656d656e7420636c6f636b20666f7220612054494d4520636173742229	0
AddDateDurationString/normal	0	value:30303a30303a30332e303030303030		0
AddDateDurationString/normal	2	value:30303a30303a30332e303030303030		0
AddDateDurationString/normal	1	value:30303a30303a30332e303030303030		0
AddDateDurationStringDatetime/normal	0	error	556e737570706f7274656428226e6f2073746174656d656e7420636c6f636b20666f7220612054494d4520636173742229	0
AddDateDurationStringDatetime/normal	2	error	556e737570706f7274656428226e6f2073746174656d656e7420636c6f636b20666f7220612054494d4520636173742229	0
AddDateDurationStringDatetime/normal	1	error	556e737570706f7274656428226e6f2073746174656d656e7420636c6f636b20666f7220612054494d4520636173742229	0
AddDateIntDecimal/normal	0	value:323032342d30312d3034		0
AddDateIntDecimal/normal	2	value:323032342d30312d3034		0
AddDateIntDecimal/normal	1	value:323032342d30312d3034		0
AddDateIntInt/normal	0	value:323032342d30312d3033		0
AddDateIntInt/normal	2	value:323032342d30312d3033		0
AddDateIntInt/normal	1	value:323032342d30312d3033		0
AddDateIntReal/normal	0	value:323032342d30312d3034		0
AddDateIntReal/normal	2	value:323032342d30312d3034		0
AddDateIntReal/normal	1	value:323032342d30312d3034		0
AddDateIntString/normal	0	value:323032342d30312d3033		1
AddDateIntString/normal	2	value:323032342d30312d3033		1
AddDateIntString/normal	1	value:323032342d30312d3033		1
AddDateRealDecimal/normal	0	value:323032342d30312d3034		0
AddDateRealDecimal/normal	2	value:323032342d30312d3034		0
AddDateRealDecimal/normal	1	value:323032342d30312d3034		0
AddDateRealInt/normal	0	value:323032342d30312d3033		0
AddDateRealInt/normal	2	value:323032342d30312d3033		0
AddDateRealInt/normal	1	value:323032342d30312d3033		0
AddDateRealReal/normal	0	value:323032342d30312d3034		0
AddDateRealReal/normal	2	value:323032342d30312d3034		0
AddDateRealReal/normal	1	value:323032342d30312d3034		0
AddDateRealString/normal	0	value:323032342d30312d3033		1
AddDateRealString/normal	2	value:323032342d30312d3033		1
AddDateRealString/normal	1	value:323032342d30312d3033		1
AddDateStringDecimal/normal	0	value:323032342d30312d3034		0
AddDateStringDecimal/normal	2	value:323032342d30312d3034		0
AddDateStringDecimal/normal	1	value:323032342d30312d3034		0
AddDateStringInt/normal	0	value:323032342d30312d3033		0
AddDateStringInt/normal	2	value:323032342d30312d3033		0
AddDateStringInt/normal	1	value:323032342d30312d3033		0
AddDateStringReal/normal	0	value:323032342d30312d3034		0
AddDateStringReal/normal	2	value:323032342d30312d3034		0
AddDateStringReal/normal	1	value:323032342d30312d3034		0
AddDateStringString/normal	0	value:323032342d30312d3033		1
AddDateStringString/normal	2	value:323032342d30312d3033		1
AddDateStringString/normal	1	value:323032342d30312d3033		1
SubDateDatetimeDecimal/normal	0	value:323032332d31322d33312030333a30343a30352e313233		0
SubDateDatetimeDecimal/normal	2	value:323032332d31322d33312030333a30343a30352e313233		0
SubDateDatetimeDecimal/normal	1	value:323032332d31322d33312030333a30343a30352e313233		0
SubDateDatetimeInt/normal	0	value:323032342d30312d30312030333a30343a30352e313233		0
SubDateDatetimeInt/normal	2	value:323032342d30312d30312030333a30343a30352e313233		0
SubDateDatetimeInt/normal	1	value:323032342d30312d30312030333a30343a30352e313233		0
SubDateDatetimeReal/normal	0	value:323032332d31322d33312030333a30343a30352e313233		0
SubDateDatetimeReal/normal	2	value:323032332d31322d33312030333a30343a30352e313233		0
SubDateDatetimeReal/normal	1	value:323032332d31322d33312030333a30343a30352e313233		0
SubDateDatetimeString/normal	0	value:323032342d30312d30312030333a30343a30352e313233		1
SubDateDatetimeString/normal	2	value:323032342d30312d30312030333a30343a30352e313233		1
SubDateDatetimeString/normal	1	value:323032342d30312d30312030333a30343a30352e313233		1
SubDateDecimalDecimal/normal	0	value:323032332d31322d3331		0
SubDateDecimalDecimal/normal	2	value:323032332d31322d3331		0
SubDateDecimalDecimal/normal	1	value:323032332d31322d3331		0
SubDateDecimalInt/normal	0	value:323032342d30312d3031		0
SubDateDecimalInt/normal	2	value:323032342d30312d3031		0
SubDateDecimalInt/normal	1	value:323032342d30312d3031		0
SubDateDecimalReal/normal	0	value:323032332d31322d3331		0
SubDateDecimalReal/normal	2	value:323032332d31322d3331		0
SubDateDecimalReal/normal	1	value:323032332d31322d3331		0
SubDateDecimalString/normal	0	value:323032342d30312d3031		1
SubDateDecimalString/normal	2	value:323032342d30312d3031		1
SubDateDecimalString/normal	1	value:323032342d30312d3031		1
SubDateDurationDecimal/normal	0	value:30303a30303a30302e3030		0
SubDateDurationDecimal/normal	2	value:30303a30303a30302e3030		0
SubDateDurationDecimal/normal	1	value:30303a30303a30302e3030		0
SubDateDurationDecimalDatetime/normal	0	error	556e737570706f7274656428226e6f2073746174656d656e7420636c6f636b20666f7220612054494d4520636173742229	0
SubDateDurationDecimalDatetime/normal	2	error	556e737570706f7274656428226e6f2073746174656d656e7420636c6f636b20666f7220612054494d4520636173742229	0
SubDateDurationDecimalDatetime/normal	1	error	556e737570706f7274656428226e6f2073746174656d656e7420636c6f636b20666f7220612054494d4520636173742229	0
SubDateDurationInt/normal	0	value:30303a30303a3030		0
SubDateDurationInt/normal	2	value:30303a30303a3030		0
SubDateDurationInt/normal	1	value:30303a30303a3030		0
SubDateDurationIntDatetime/normal	0	error	556e737570706f7274656428226e6f2073746174656d656e7420636c6f636b20666f7220612054494d4520636173742229	0
SubDateDurationIntDatetime/normal	2	error	556e737570706f7274656428226e6f2073746174656d656e7420636c6f636b20666f7220612054494d4520636173742229	0
SubDateDurationIntDatetime/normal	1	error	556e737570706f7274656428226e6f2073746174656d656e7420636c6f636b20666f7220612054494d4520636173742229	0
SubDateDurationReal/normal	0	value:30303a30303a30302e303030303030		0
SubDateDurationReal/normal	2	value:30303a30303a30302e303030303030		0
SubDateDurationReal/normal	1	value:30303a30303a30302e303030303030		0
SubDateDurationRealDatetime/normal	0	error	556e737570706f7274656428226e6f2073746174656d656e7420636c6f636b20666f7220612054494d4520636173742229	0
SubDateDurationRealDatetime/normal	2	error	556e737570706f7274656428226e6f2073746174656d656e7420636c6f636b20666f7220612054494d4520636173742229	0
SubDateDurationRealDatetime/normal	1	error	556e737570706f7274656428226e6f2073746174656d656e7420636c6f636b20666f7220612054494d4520636173742229	0
SubDateDurationString/normal	0	value:30303a30303a30302e303030303030		0
SubDateDurationString/normal	2	value:30303a30303a30302e303030303030		0
SubDateDurationString/normal	1	value:30303a30303a30302e303030303030		0
SubDateDurationStringDatetime/normal	0	error	556e737570706f7274656428226e6f2073746174656d656e7420636c6f636b20666f7220612054494d4520636173742229	0
SubDateDurationStringDatetime/normal	2	error	556e737570706f7274656428226e6f2073746174656d656e7420636c6f636b20666f7220612054494d4520636173742229	0
SubDateDurationStringDatetime/normal	1	error	556e737570706f7274656428226e6f2073746174656d656e7420636c6f636b20666f7220612054494d4520636173742229	0
SubDateIntDecimal/normal	0	value:323032332d31322d3331		0
SubDateIntDecimal/normal	2	value:323032332d31322d3331		0
SubDateIntDecimal/normal	1	value:323032332d31322d3331		0
SubDateIntInt/normal	0	value:323032342d30312d3031		0
SubDateIntInt/normal	2	value:323032342d30312d3031		0
SubDateIntInt/normal	1	value:323032342d30312d3031		0
SubDateIntReal/normal	0	value:323032332d31322d3331		0
SubDateIntReal/normal	2	value:323032332d31322d3331		0
SubDateIntReal/normal	1	value:323032332d31322d3331		0
SubDateIntString/normal	0	value:323032342d30312d3031		1
SubDateIntString/normal	2	value:323032342d30312d3031		1
SubDateIntString/normal	1	value:323032342d30312d3031		1
SubDateRealDecimal/normal	0	value:323032332d31322d3331		0
SubDateRealDecimal/normal	2	value:323032332d31322d3331		0
SubDateRealDecimal/normal	1	value:323032332d31322d3331		0
SubDateRealInt/normal	0	value:323032342d30312d3031		0
SubDateRealInt/normal	2	value:323032342d30312d3031		0
SubDateRealInt/normal	1	value:323032342d30312d3031		0
SubDateRealReal/normal	0	value:323032332d31322d3331		0
SubDateRealReal/normal	2	value:323032332d31322d3331		0
SubDateRealReal/normal	1	value:323032332d31322d3331		0
SubDateRealString/normal	0	value:323032342d30312d3031		1
SubDateRealString/normal	2	value:323032342d30312d3031		1
SubDateRealString/normal	1	value:323032342d30312d3031		1
SubDateStringDecimal/normal	0	value:323032332d31322d3331		0
SubDateStringDecimal/normal	2	value:323032332d31322d3331		0
SubDateStringDecimal/normal	1	value:323032332d31322d3331		0
SubDateStringInt/normal	0	value:323032342d30312d3031		0
SubDateStringInt/normal	2	value:323032342d30312d3031		0
SubDateStringInt/normal	1	value:323032342d30312d3031		0
SubDateStringReal/normal	0	value:323032332d31322d3331		0
SubDateStringReal/normal	2	value:323032332d31322d3331		0
SubDateStringReal/normal	1	value:323032332d31322d3331		0
SubDateStringString/normal	0	value:323032342d30312d3031		1
SubDateStringString/normal	2	value:323032342d30312d3031		1
SubDateStringString/normal	1	value:323032342d30312d3031		1
DateDiff/normal	0	value:30		0
DateDiff/normal	2	value:30		0
DateDiff/normal	1	value:30		0
VectorFloat32IsNull/ordinary	0	value:30		0
VectorFloat32IsNull/ordinary	2	value:30		0
VectorFloat32IsNull/ordinary	1	value:30		0
