CastIntAsInt/base/0	0	08904e1a30080112087fffffffffffffff20002a1e080810800118ffffffffffffffffff012000283f320662696e6172794000380020012a1e080810800118ffffffffffffffffff012000283f320662696e61727940003800	value:2d31		0
CastIntAsInt/base/0	2	08904e1a30080112087fffffffffffffff20002a1e080810800118ffffffffffffffffff012000283f320662696e6172794000380020012a1e080810800118ffffffffffffffffff012000283f320662696e61727940003800	value:2d31		0
CastIntAsInt/base/0	1	08904e1a30080112087fffffffffffffff20002a1e080810800118ffffffffffffffffff012000283f320662696e6172794000380020012a1e080810800118ffffffffffffffffff012000283f320662696e61727940003800	value:2d31		0
CastIntAsInt/unsigned/0	0	08904e1a30080112087fffffffffffffff20002a1e080810800118ffffffffffffffffff012000283f320662696e6172794000380020012a1e080810a00118ffffffffffffffffff012000283f320662696e61727940003800	value:3138343436373434303733373039353531363135		0
CastIntAsInt/unsigned/0	2	08904e1a30080112087fffffffffffffff20002a1e080810800118ffffffffffffffffff012000283f320662696e6172794000380020012a1e080810a00118ffffffffffffffffff012000283f320662696e61727940003800	value:3138343436373434303733373039353531363135		0
CastIntAsInt/unsigned/0	1	08904e1a30080112087fffffffffffffff20002a1e080810800118ffffffffffffffffff012000283f320662696e6172794000380020012a1e080810a00118ffffffffffffffffff012000283f320662696e61727940003800	value:3138343436373434303733373039353531363135		0
CastIntAsInt/base/1	0	08904e1a3008011208800000000000000020002a1e080810800118ffffffffffffffffff012000283f320662696e6172794000380020012a1e080810800118ffffffffffffffffff012000283f320662696e61727940003800	value:30		0
CastIntAsInt/base/1	2	08904e1a3008011208800000000000000020002a1e080810800118ffffffffffffffffff012000283f320662696e6172794000380020012a1e080810800118ffffffffffffffffff012000283f320662696e61727940003800	value:30		0
CastIntAsInt/base/1	1	08904e1a3008011208800000000000000020002a1e080810800118ffffffffffffffffff012000283f320662696e6172794000380020012a1e080810800118ffffffffffffffffff012000283f320662696e61727940003800	value:30		0
CastIntAsInt/unsigned/1	0	08904e1a3008011208800000000000000020002a1e080810800118ffffffffffffffffff012000283f320662696e6172794000380020012a1e080810a00118ffffffffffffffffff012000283f320662696e61727940003800	value:30		0
CastIntAsInt/unsigned/1	2	08904e1a3008011208800000000000000020002a1e080810800118ffffffffffffffffff012000283f320662696e6172794000380020012a1e080810a00118ffffffffffffffffff012000283f320662696e61727940003800	value:30		0
CastIntAsInt/unsigned/1	1	08904e1a3008011208800000000000000020002a1e080810800118ffffffffffffffffff012000283f320662696e6172794000380020012a1e080810a00118ffffffffffffffffff012000283f320662696e61727940003800	value:30		0
CastIntAsInt/base/2	0	08904e1a3008011208800000000000000120002a1e080810800118ffffffffffffffffff012000283f320662696e6172794000380020012a1e080810800118ffffffffffffffffff012000283f320662696e61727940003800	value:31		0
CastIntAsInt/base/2	2	08904e1a3008011208800000000000000120002a1e080810800118ffffffffffffffffff012000283f320662696e6172794000380020012a1e080810800118ffffffffffffffffff012000283f320662696e61727940003800	value:31		0
CastIntAsInt/base/2	1	08904e1a3008011208800000000000000120002a1e080810800118ffffffffffffffffff012000283f320662696e6172794000380020012a1e080810800118ffffffffffffffffff012000283f320662696e61727940003800	value:31		0
CastIntAsInt/unsigned/2	0	08904e1a3008011208800000000000000120002a1e080810800118ffffffffffffffffff012000283f320662696e6172794000380020012a1e080810a00118ffffffffffffffffff012000283f320662696e61727940003800	value:31		0
CastIntAsInt/unsigned/2	2	08904e1a3008011208800000000000000120002a1e080810800118ffffffffffffffffff012000283f320662696e6172794000380020012a1e080810a00118ffffffffffffffffff012000283f320662696e61727940003800	value:31		0
CastIntAsInt/unsigned/2	1	08904e1a3008011208800000000000000120002a1e080810800118ffffffffffffffffff012000283f320662696e6172794000380020012a1e080810a00118ffffffffffffffffff012000283f320662696e61727940003800	value:31		0
CastIntAsInt/base/3	0	08904e1a3008011208ffffffffffffffff20002a1e080810800118ffffffffffffffffff012000283f320662696e6172794000380020012a1e080810800118ffffffffffffffffff012000283f320662696e61727940003800	value:39323233333732303336383534373735383037		0
CastIntAsInt/base/3	2	08904e1a3008011208ffffffffffffffff20002a1e080810800118ffffffffffffffffff012000283f320662696e6172794000380020012a1e080810800118ffffffffffffffffff012000283f320662696e61727940003800	value:39323233333732303336383534373735383037		0
CastIntAsInt/base/3	1	08904e1a3008011208ffffffffffffffff20002a1e080810800118ffffffffffffffffff012000283f320662696e6172794000380020012a1e080810800118ffffffffffffffffff012000283f320662696e61727940003800	value:39323233333732303336383534373735383037		0
CastIntAsInt/unsigned/3	0	08904e1a3008011208ffffffffffffffff20002a1e080810800118ffffffffffffffffff012000283f320662696e6172794000380020012a1e080810a00118ffffffffffffffffff012000283f320662696e61727940003800	value:39323233333732303336383534373735383037		0
CastIntAsInt/unsigned/3	2	08904e1a3008011208ffffffffffffffff20002a1e080810800118ffffffffffffffffff012000283f320662696e6172794000380020012a1e080810a00118ffffffffffffffffff012000283f320662696e61727940003800	value:39323233333732303336383534373735383037		0
CastIntAsInt/unsigned/3	1	08904e1a3008011208ffffffffffffffff20002a1e080810800118ffffffffffffffffff012000283f320662696e6172794000380020012a1e080810a00118ffffffffffffffffff012000283f320662696e61727940003800	value:39323233333732303336383534373735383037		0
CastIntAsInt/uint64max	0	08904e1a3008021208ffffffffffffffff20002a1e080810a00118ffffffffffffffffff012000283f320662696e6172794000380020012a1e080810800118ffffffffffffffffff012000283f320662696e61727940003800	value:2d31		0
CastIntAsInt/uint64max	2	08904e1a3008021208ffffffffffffffff20002a1e080810a00118ffffffffffffffffff012000283f320662696e6172794000380020012a1e080810800118ffffffffffffffffff012000283f320662696e61727940003800	value:2d31		0
CastIntAsInt/uint64max	1	08904e1a3008021208ffffffffffffffff20002a1e080810a00118ffffffffffffffffff012000283f320662696e6172794000380020012a1e080810800118ffffffffffffffffff012000283f320662696e61727940003800	value:2d31		0
CastIntAsReal/base/0	0	08904e1a30080112087fffffffffffffff20002a1e080810800118ffffffffffffffffff012000283f320662696e6172794000380020022a27080510800118ffffffffffffffffff0120ffffffffffffffffff01283f320662696e61727940003800	real:bff0000000000000		0
CastIntAsReal/base/0	2	08904e1a30080112087fffffffffffffff20002a1e080810800118ffffffffffffffffff012000283f320662696e6172794000380020022a27080510800118ffffffffffffffffff0120ffffffffffffffffff01283f320662696e61727940003800	real:bff0000000000000		0
CastIntAsReal/base/0	1	08904e1a30080112087fffffffffffffff20002a1e080810800118ffffffffffffffffff012000283f320662696e6172794000380020022a27080510800118ffffffffffffffffff0120ffffffffffffffffff01283f320662696e61727940003800	real:bff0000000000000		0
CastIntAsReal/unsigned/0	0	08904e1a30080112087fffffffffffffff20002a1e080810800118ffffffffffffffffff012000283f320662696e6172794000380020022a27080510a00118ffffffffffffffffff0120ffffffffffffffffff01283f320662696e61727940003800	real:43f0000000000000		0
CastIntAsReal/unsigned/0	2	08904e1a30080112087fffffffffffffff20002a1e080810800118ffffffffffffffffff012000283f320662696e6172794000380020022a27080510a00118ffffffffffffffffff0120ffffffffffffffffff01283f320662696e61727940003800	real:43f0000000000000		0
CastIntAsReal/unsigned/0	1	08904e1a30080112087fffffffffffffff20002a1e080810800118ffffffffffffffffff012000283f320662696e6172794000380020022a27080510a00118ffffffffffffffffff0120ffffffffffffffffff01283f320662696e61727940003800	real:43f0000000000000		0
CastIntAsReal/base/1	0	08904e1a3008011208800000000000000020002a1e080810800118ffffffffffffffffff012000283f320662696e6172794000380020022a27080510800118ffffffffffffffffff0120ffffffffffffffffff01283f320662696e61727940003800	real:0000000000000000		0
CastIntAsReal/base/1	2	08904e1a3008011208800000000000000020002a1e080810800118ffffffffffffffffff012000283f320662696e6172794000380020022a27080510800118ffffffffffffffffff0120ffffffffffffffffff01283f320662696e61727940003800	real:0000000000000000		0
CastIntAsReal/base/1	1	08904e1a3008011208800000000000000020002a1e080810800118ffffffffffffffffff012000283f320662696e6172794000380020022a27080510800118ffffffffffffffffff0120ffffffffffffffffff01283f320662696e61727940003800	real:0000000000000000		0
CastIntAsReal/unsigned/1	0	08904e1a3008011208800000000000000020002a1e080810800118ffffffffffffffffff012000283f320662696e6172794000380020022a27080510a00118ffffffffffffffffff0120ffffffffffffffffff01283f320662696e61727940003800	real:0000000000000000		0
CastIntAsReal/unsigned/1	2	08904e1a3008011208800000000000000020002a1e080810800118ffffffffffffffffff012000283f320662696e6172794000380020022a27080510a00118ffffffffffffffffff0120ffffffffffffffffff01283f320662696e61727940003800	real:0000000000000000		0
CastIntAsReal/unsigned/1	1	08904e1a3008011208800000000000000020002a1e080810800118ffffffffffffffffff012000283f320662696e6172794000380020022a27080510a00118ffffffffffffffffff0120ffffffffffffffffff01283f320662696e61727940003800	real:0000000000000000		0
CastIntAsReal/base/2	0	08904e1a3008011208800000000000000120002a1e080810800118ffffffffffffffffff012000283f320662696e6172794000380020022a27080510800118ffffffffffffffffff0120ffffffffffffffffff01283f320662696e61727940003800	real:3ff0000000000000		0
CastIntAsReal/base/2	2	08904e1a3008011208800000000000000120002a1e080810800118ffffffffffffffffff012000283f320662696e6172794000380020022a27080510800118ffffffffffffffffff0120ffffffffffffffffff01283f320662696e61727940003800	real:3ff0000000000000		0
CastIntAsReal/base/2	1	08904e1a3008011208800000000000000120002a1e080810800118ffffffffffffffffff012000283f320662696e6172794000380020022a27080510800118ffffffffffffffffff0120ffffffffffffffffff01283f320662696e61727940003800	real:3ff0000000000000		0
CastIntAsReal/unsigned/2	0	08904e1a3008011208800000000000000120002a1e080810800118ffffffffffffffffff012000283f320662696e6172794000380020022a27080510a00118ffffffffffffffffff0120ffffffffffffffffff01283f320662696e61727940003800	real:3ff0000000000000		0
CastIntAsReal/unsigned/2	2	08904e1a3008011208800000000000000120002a1e080810800118ffffffffffffffffff012000283f320662696e6172794000380020022a27080510a00118ffffffffffffffffff0120ffffffffffffffffff01283f320662696e61727940003800	real:3ff0000000000000		0
CastIntAsReal/unsigned/2	1	08904e1a3008011208800000000000000120002a1e080810800118ffffffffffffffffff012000283f320662696e6172794000380020022a27080510a00118ffffffffffffffffff0120ffffffffffffffffff01283f320662696e61727940003800	real:3ff0000000000000		0
CastIntAsReal/base/3	0	08904e1a3008011208ffffffffffffffff20002a1e080810800118ffffffffffffffffff012000283f320662696e6172794000380020022a27080510800118ffffffffffffffffff0120ffffffffffffffffff01283f320662696e61727940003800	real:43e0000000000000		0
CastIntAsReal/base/3	2	08904e1a3008011208ffffffffffffffff20002a1e080810800118ffffffffffffffffff012000283f320662696e6172794000380020022a27080510800118ffffffffffffffffff0120ffffffffffffffffff01283f320662696e61727940003800	real:43e0000000000000		0
CastIntAsReal/base/3	1	08904e1a3008011208ffffffffffffffff20002a1e080810800118ffffffffffffffffff012000283f320662696e6172794000380020022a27080510800118ffffffffffffffffff0120ffffffffffffffffff01283f320662696e61727940003800	real:43e0000000000000		0
CastIntAsReal/unsigned/3	0	08904e1a3008011208ffffffffffffffff20002a1e080810800118ffffffffffffffffff012000283f320662696e6172794000380020022a27080510a00118ffffffffffffffffff0120ffffffffffffffffff01283f320662696e61727940003800	real:43e0000000000000		0
CastIntAsReal/unsigned/3	2	08904e1a3008011208ffffffffffffffff20002a1e080810800118ffffffffffffffffff012000283f320662696e6172794000380020022a27080510a00118ffffffffffffffffff0120ffffffffffffffffff01283f320662696e61727940003800	real:43e0000000000000		0
CastIntAsReal/unsigned/3	1	08904e1a3008011208ffffffffffffffff20002a1e080810800118ffffffffffffffffff012000283f320662696e6172794000380020022a27080510a00118ffffffffffffffffff0120ffffffffffffffffff01283f320662696e61727940003800	real:43e0000000000000		0
CastIntAsReal/uint64max	0	08904e1a3008021208ffffffffffffffff20002a1e080810a00118ffffffffffffffffff012000283f320662696e6172794000380020022a27080510800118ffffffffffffffffff0120ffffffffffffffffff01283f320662696e61727940003800	real:43f0000000000000		0
CastIntAsReal/uint64max	2	08904e1a3008021208ffffffffffffffff20002a1e080810a00118ffffffffffffffffff012000283f320662696e6172794000380020022a27080510800118ffffffffffffffffff0120ffffffffffffffffff01283f320662696e61727940003800	real:43f0000000000000		0
CastIntAsReal/uint64max	1	08904e1a3008021208ffffffffffffffff20002a1e080810a00118ffffffffffffffffff012000283f320662696e6172794000380020022a27080510800118ffffffffffffffffff0120ffffffffffffffffff01283f320662696e61727940003800	real:43f0000000000000		0
CastIntAsDecimal/base/0	0	08904e1a30080112087fffffffffffffff20002a1e080810800118ffffffffffffffffff012000283f320662696e6172794000380020042a1608f601108001180a2002283f320662696e61727940003800	value:2d312e3030		0
CastIntAsDecimal/base/0	2	08904e1a30080112087fffffffffffffff20002a1e080810800118ffffffffffffffffff012000283f320662696e6172794000380020042a1608f601108001180a2002283f320662696e61727940003800	value:2d312e3030		0
CastIntAsDecimal/base/0	1	08904e1a30080112087fffffffffffffff20002a1e080810800118ffffffffffffffffff012000283f320662696e6172794000380020042a1608f601108001180a2002283f320662696e61727940003800	value:2d312e3030		0
CastIntAsDecimal/unsigned/0	0	08904e1a30080112087fffffffffffffff20002a1e080810800118ffffffffffffffffff012000283f320662696e6172794000380020042a1608f60110a001180a2002283f320662696e61727940003800	error	5b74797065733a313639305d444543494d414c2076616c7565206973206f7574206f662072616e676520696e20272831302c20322927	0
CastIntAsDecimal/unsigned/0	2	08904e1a30080112087fffffffffffffff20002a1e080810800118ffffffffffffffffff012000283f320662696e6172794000380020042a1608f60110a001180a2002283f320662696e61727940003800	value:39393939393939392e3939		1
CastIntAsDecimal/unsigned/0	1	08904e1a30080112087fffffffffffffff20002a1e080810800118ffffffffffffffffff012000283f320662696e6172794000380020042a1608f60110a001180a2002283f320662696e61727940003800	value:39393939393939392e3939		0
CastIntAsDecimal/base/1	0	08904e1a3008011208800000000000000020002a1e080810800118ffffffffffffffffff012000283f320662696e6172794000380020042a1608f601108001180a2002283f320662696e61727940003800	value:302e3030		0
CastIntAsDecimal/base/1	2	08904e1a3008011208800000000000000020002a1e080810800118ffffffffffffffffff012000283f320662696e6172794000380020042a1608f601108001180a2002283f320662696e61727940003800	value:302e3030		0
CastIntAsDecimal/base/1	1	08904e1a3008011208800000000000000020002a1e080810800118ffffffffffffffffff012000283f320662696e6172794000380020042a1608f601108001180a2002283f320662696e61727940003800	value:302e3030		0
CastIntAsDecimal/unsigned/1	0	08904e1a3008011208800000000000000020002a1e080810800118ffffffffffffffffff012000283f320662696e6172794000380020042a1608f60110a001180a2002283f320662696e61727940003800	value:302e3030		0
CastIntAsDecimal/unsigned/1	2	08904e1a3008011208800000000000000020002a1e080810800118ffffffffffffffffff012000283f320662696e6172794000380020042a1608f60110a001180a2002283f320662696e61727940003800	value:302e3030		0
CastIntAsDecimal/unsigned/1	1	08904e1a3008011208800000000000000020002a1e080810800118ffffffffffffffffff012000283f320662696e6172794000380020042a1608f60110a001180a2002283f320662696e61727940003800	value:302e3030		0
CastIntAsDecimal/base/2	0	08904e1a3008011208800000000000000120002a1e080810800118ffffffffffffffffff012000283f320662696e6172794000380020042a1608f601108001180a2002283f320662696e61727940003800	value:312e3030		0
CastIntAsDecimal/base/2	2	08904e1a3008011208800000000000000120002a1e080810800118ffffffffffffffffff012000283f320662696e6172794000380020042a1608f601108001180a2002283f320662696e61727940003800	value:312e3030		0
CastIntAsDecimal/base/2	1	08904e1a3008011208800000000000000120002a1e080810800118ffffffffffffffffff012000283f320662696e6172794000380020042a1608f601108001180a2002283f320662696e61727940003800	value:312e3030		0
CastIntAsDecimal/unsigned/2	0	08904e1a3008011208800000000000000120002a1e080810800118ffffffffffffffffff012000283f320662696e6172794000380020042a1608f60110a001180a2002283f320662696e61727940003800	value:312e3030		0
CastIntAsDecimal/unsigned/2	2	08904e1a3008011208800000000000000120002a1e080810800118ffffffffffffffffff012000283f320662696e6172794000380020042a1608f60110a001180a2002283f320662696e61727940003800	value:312e3030		0
CastIntAsDecimal/unsigned/2	1	08904e1a3008011208800000000000000120002a1e080810800118ffffffffffffffffff012000283f320662696e6172794000380020042a1608f60110a001180a2002283f320662696e61727940003800	value:312e3030		0
CastIntAsDecimal/base/3	0	08904e1a3008011208ffffffffffffffff20002a1e080810800118ffffffffffffffffff012000283f320662696e6172794000380020042a1608f601108001180a2002283f320662696e61727940003800	error	5b74797065733a313639305d444543494d414c2076616c7565206973206f7574206f662072616e676520696e20272831302c20322927	0
CastIntAsDecimal/base/3	2	08904e1a3008011208ffffffffffffffff20002a1e080810800118ffffffffffffffffff012000283f320662696e6172794000380020042a1608f601108001180a2002283f320662696e61727940003800	value:39393939393939392e3939		1
CastIntAsDecimal/base/3	1	08904e1a3008011208ffffffffffffffff20002a1e080810800118ffffffffffffffffff012000283f320662696e6172794000380020042a1608f601108001180a2002283f320662696e61727940003800	value:39393939393939392e3939		0
CastIntAsDecimal/unsigned/3	0	08904e1a3008011208ffffffffffffffff20002a1e080810800118ffffffffffffffffff012000283f320662696e6172794000380020042a1608f60110a001180a2002283f320662696e61727940003800	error	5b74797065733a313639305d444543494d414c2076616c7565206973206f7574206f662072616e676520696e20272831302c20322927	0
CastIntAsDecimal/unsigned/3	2	08904e1a3008011208ffffffffffffffff20002a1e080810800118ffffffffffffffffff012000283f320662696e6172794000380020042a1608f60110a001180a2002283f320662696e61727940003800	value:39393939393939392e3939		1
CastIntAsDecimal/unsigned/3	1	08904e1a3008011208ffffffffffffffff20002a1e080810800118ffffffffffffffffff012000283f320662696e6172794000380020042a1608f60110a001180a2002283f320662696e61727940003800	value:39393939393939392e3939		0
CastIntAsDecimal/uint64max	0	08904e1a3008021208ffffffffffffffff20002a1e080810a00118ffffffffffffffffff012000283f320662696e6172794000380020042a1608f601108001180a2002283f320662696e61727940003800	error	5b74797065733a313639305d444543494d414c2076616c7565206973206f7574206f662072616e676520696e20272831302c20322927	0
CastIntAsDecimal/uint64max	2	08904e1a3008021208ffffffffffffffff20002a1e080810a00118ffffffffffffffffff012000283f320662696e6172794000380020042a1608f601108001180a2002283f320662696e61727940003800	value:39393939393939392e3939		1
CastIntAsDecimal/uint64max	1	08904e1a3008021208ffffffffffffffff20002a1e080810a00118ffffffffffffffffff012000283f320662696e6172794000380020042a1608f601108001180a2002283f320662696e61727940003800	value:39393939393939392e3939		0
CastIntAsString/base/0	0	08904e1a30080112087fffffffffffffff20002a1e080810800118ffffffffffffffffff012000283f320662696e6172794000380020032a2808fd01100018ffffffffffffffffff0120ffffffffffffffffff01282e3207757466386d623440003800	value:2d31		0
CastIntAsString/base/0	2	08904e1a30080112087fffffffffffffff20002a1e080810800118ffffffffffffffffff012000283f320662696e6172794000380020032a2808fd01100018ffffffffffffffffff0120ffffffffffffffffff01282e3207757466386d623440003800	value:2d31		0
CastIntAsString/base/0	1	08904e1a30080112087fffffffffffffff20002a1e080810800118ffffffffffffffffff012000283f320662696e6172794000380020032a2808fd01100018ffffffffffffffffff0120ffffffffffffffffff01282e3207757466386d623440003800	value:2d31		0
CastIntAsString/unsigned/0	0	08904e1a30080112087fffffffffffffff20002a1e080810800118ffffffffffffffffff012000283f320662696e6172794000380020032a2808fd01102018ffffffffffffffffff0120ffffffffffffffffff01282e3207757466386d623440003800	value:2d31		0
CastIntAsString/unsigned/0	2	08904e1a30080112087fffffffffffffff20002a1e080810800118ffffffffffffffffff012000283f320662696e6172794000380020032a2808fd01102018ffffffffffffffffff0120ffffffffffffffffff01282e3207757466386d623440003800	value:2d31		0
CastIntAsString/unsigned/0	1	08904e1a30080112087fffffffffffffff20002a1e080810800118ffffffffffffffffff012000283f320662696e6172794000380020032a2808fd01102018ffffffffffffffffff0120ffffffffffffffffff01282e3207757466386d623440003800	value:2d31		0
CastIntAsString/base/1	0	08904e1a3008011208800000000000000020002a1e080810800118ffffffffffffffffff012000283f320662696e6172794000380020032a2808fd01100018ffffffffffffffffff0120ffffffffffffffffff01282e3207757466386d623440003800	value:30		0
CastIntAsString/base/1	2	08904e1a3008011208800000000000000020002a1e080810800118ffffffffffffffffff012000283f320662696e6172794000380020032a2808fd01100018ffffffffffffffffff0120ffffffffffffffffff01282e3207757466386d623440003800	value:30		0
CastIntAsString/base/1	1	08904e1a3008011208800000000000000020002a1e080810800118ffffffffffffffffff012000283f320662696e6172794000380020032a2808fd01100018ffffffffffffffffff0120ffffffffffffffffff01282e3207757466386d623440003800	value:30		0
CastIntAsString/unsigned/1	0	08904e1a3008011208800000000000000020002a1e080810800118ffffffffffffffffff012000283f320662696e6172794000380020032a2808fd01102018ffffffffffffffffff0120ffffffffffffffffff01282e3207757466386d623440003800	value:30		0
CastIntAsString/unsigned/1	2	08904e1a3008011208800000000000000020002a1e080810800118ffffffffffffffffff012000283f320662696e6172794000380020032a2808fd01102018ffffffffffffffffff0120ffffffffffffffffff01282e3207757466386d623440003800	value:30		0
CastIntAsString/unsigned/1	1	08904e1a3008011208800000000000000020002a1e080810800118ffffffffffffffffff012000283f320662696e6172794000380020032a2808fd01102018ffffffffffffffffff0120ffffffffffffffffff01282e3207757466386d623440003800	value:30		0
CastIntAsString/base/2	0	08904e1a3008011208800000000000000120002a1e080810800118ffffffffffffffffff012000283f320662696e6172794000380020032a2808fd01100018ffffffffffffffffff0120ffffffffffffffffff01282e3207757466386d623440003800	value:31		0
CastIntAsString/base/2	2	08904e1a3008011208800000000000000120002a1e080810800118ffffffffffffffffff012000283f320662696e6172794000380020032a2808fd01100018ffffffffffffffffff0120ffffffffffffffffff01282e3207757466386d623440003800	value:31		0
CastIntAsString/base/2	1	08904e1a3008011208800000000000000120002a1e080810800118ffffffffffffffffff012000283f320662696e6172794000380020032a2808fd01100018ffffffffffffffffff0120ffffffffffffffffff01282e3207757466386d623440003800	value:31		0
CastIntAsString/unsigned/2	0	08904e1a3008011208800000000000000120002a1e080810800118ffffffffffffffffff012000283f320662696e6172794000380020032a2808fd01102018ffffffffffffffffff0120ffffffffffffffffff01282e3207757466386d623440003800	value:31		0
CastIntAsString/unsigned/2	2	08904e1a3008011208800000000000000120002a1e080810800118ffffffffffffffffff012000283f320662696e6172794000380020032a2808fd01102018ffffffffffffffffff0120ffffffffffffffffff01282e3207757466386d623440003800	value:31		0
CastIntAsString/unsigned/2	1	08904e1a3008011208800000000000000120002a1e080810800118ffffffffffffffffff012000283f320662696e6172794000380020032a2808fd01102018ffffffffffffffffff0120ffffffffffffffffff01282e3207757466386d623440003800	value:31		0
CastIntAsString/base/3	0	08904e1a3008011208ffffffffffffffff20002a1e080810800118ffffffffffffffffff012000283f320662696e6172794000380020032a2808fd01100018ffffffffffffffffff0120ffffffffffffffffff01282e3207757466386d623440003800	value:39323233333732303336383534373735383037		0
CastIntAsString/base/3	2	08904e1a3008011208ffffffffffffffff20002a1e080810800118ffffffffffffffffff012000283f320662696e6172794000380020032a2808fd01100018ffffffffffffffffff0120ffffffffffffffffff01282e3207757466386d623440003800	value:39323233333732303336383534373735383037		0
CastIntAsString/base/3	1	08904e1a3008011208ffffffffffffffff20002a1e080810800118ffffffffffffffffff012000283f320662696e6172794000380020032a2808fd01100018ffffffffffffffffff0120ffffffffffffffffff01282e3207757466386d623440003800	value:39323233333732303336383534373735383037		0
CastIntAsString/unsigned/3	0	08904e1a3008011208ffffffffffffffff20002a1e080810800118ffffffffffffffffff012000283f320662696e6172794000380020032a2808fd01102018ffffffffffffffffff0120ffffffffffffffffff01282e3207757466386d623440003800	value:39323233333732303336383534373735383037		0
CastIntAsString/unsigned/3	2	08904e1a3008011208ffffffffffffffff20002a1e080810800118ffffffffffffffffff012000283f320662696e6172794000380020032a2808fd01102018ffffffffffffffffff0120ffffffffffffffffff01282e3207757466386d623440003800	value:39323233333732303336383534373735383037		0
CastIntAsString/unsigned/3	1	08904e1a3008011208ffffffffffffffff20002a1e080810800118ffffffffffffffffff012000283f320662696e6172794000380020032a2808fd01102018ffffffffffffffffff0120ffffffffffffffffff01282e3207757466386d623440003800	value:39323233333732303336383534373735383037		0
CastIntAsString/uint64max	0	08904e1a3008021208ffffffffffffffff20002a1e080810a00118ffffffffffffffffff012000283f320662696e6172794000380020032a2808fd01100018ffffffffffffffffff0120ffffffffffffffffff01282e3207757466386d623440003800	value:3138343436373434303733373039353531363135		0
CastIntAsString/uint64max	2	08904e1a3008021208ffffffffffffffff20002a1e080810a00118ffffffffffffffffff012000283f320662696e6172794000380020032a2808fd01100018ffffffffffffffffff0120ffffffffffffffffff01282e3207757466386d623440003800	value:3138343436373434303733373039353531363135		0
CastIntAsString/uint64max	1	08904e1a3008021208ffffffffffffffff20002a1e080810a00118ffffffffffffffffff012000283f320662696e6172794000380020032a2808fd01100018ffffffffffffffffff0120ffffffffffffffffff01282e3207757466386d623440003800	value:3138343436373434303733373039353531363135		0
CastIntAsTime/base/0	0	08904e1a30080112087fffffffffffffff20002a1e080810800118ffffffffffffffffff012000283f320662696e6172794000380020052a1e080c10800118ffffffffffffffffff012003283f320662696e61727940003800	error	5b74797065733a313239325d496e636f72726563742074696d652076616c75653a20272d3127	0
CastIntAsTime/base/0	2	08904e1a30080112087fffffffffffffff20002a1e080810800118ffffffffffffffffff012000283f320662696e6172794000380020052a1e080c10800118ffffffffffffffffff012003283f320662696e61727940003800	null		1
CastIntAsTime/base/0	1	08904e1a30080112087fffffffffffffff20002a1e080810800118ffffffffffffffffff012000283f320662696e6172794000380020052a1e080c10800118ffffffffffffffffff012003283f320662696e61727940003800	null		0
CastIntAsTime/unsigned/0	0	08904e1a30080112087fffffffffffffff20002a1e080810800118ffffffffffffffffff012000283f320662696e6172794000380020052a1e080c10a00118ffffffffffffffffff012003283f320662696e61727940003800	error	5b74797065733a313239325d496e636f72726563742074696d652076616c75653a20272d3127	0
CastIntAsTime/unsigned/0	2	08904e1a30080112087fffffffffffffff20002a1e080810800118ffffffffffffffffff012000283f320662696e6172794000380020052a1e080c10a00118ffffffffffffffffff012003283f320662696e61727940003800	null		1
CastIntAsTime/unsigned/0	1	08904e1a30080112087fffffffffffffff20002a1e080810800118ffffffffffffffffff012000283f320662696e6172794000380020052a1e080c10a00118ffffffffffffffffff012003283f320662696e61727940003800	null		0
CastIntAsTime/base/1	0	08904e1a3008011208800000000000000020002a1e080810800118ffffffffffffffffff012000283f320662696e6172794000380020052a1e080c10800118ffffffffffffffffff012003283f320662696e61727940003800	value:303030302d30302d30302030303a30303a3030		0
CastIntAsTime/base/1	2	08904e1a3008011208800000000000000020002a1e080810800118ffffffffffffffffff012000283f320662696e6172794000380020052a1e080c10800118ffffffffffffffffff012003283f320662696e61727940003800	value:303030302d30302d30302030303a30303a3030		0
CastIntAsTime/base/1	1	08904e1a3008011208800000000000000020002a1e080810800118ffffffffffffffffff012000283f320662696e6172794000380020052a1e080c10800118ffffffffffffffffff012003283f320662696e61727940003800	value:303030302d30302d30302030303a30303a3030		0
CastIntAsTime/unsigned/1	0	08904e1a3008011208800000000000000020002a1e080810800118ffffffffffffffffff012000283f320662696e6172794000380020052a1e080c10a00118ffffffffffffffffff012003283f320662696e61727940003800	value:303030302d30302d30302030303a30303a3030		0
CastIntAsTime/unsigned/1	2	08904e1a3008011208800000000000000020002a1e080810800118ffffffffffffffffff012000283f320662696e6172794000380020052a1e080c10a00118ffffffffffffffffff012003283f320662696e61727940003800	value:303030302d30302d30302030303a30303a3030		0
CastIntAsTime/unsigned/1	1	08904e1a3008011208800000000000000020002a1e080810800118ffffffffffffffffff012000283f320662696e6172794000380020052a1e080c10a00118ffffffffffffffffff012003283f320662696e61727940003800	value:303030302d30302d30302030303a30303a3030		0
CastIntAsTime/base/2	0	08904e1a3008011208800000000000000120002a1e080810800118ffffffffffffffffff012000283f320662696e6172794000380020052a1e080c10800118ffffffffffffffffff012003283f320662696e61727940003800	error	5b74797065733a313239325d496e636f72726563742074696d652076616c75653a20273127	0
CastIntAsTime/base/2	2	08904e1a3008011208800000000000000120002a1e080810800118ffffffffffffffffff012000283f320662696e6172794000380020052a1e080c10800118ffffffffffffffffff012003283f320662696e61727940003800	null		1
CastIntAsTime/base/2	1	08904e1a3008011208800000000000000120002a1e080810800118ffffffffffffffffff012000283f320662696e6172794000380020052a1e080c10800118ffffffffffffffffff012003283f320662696e61727940003800	null		0
CastIntAsTime/unsigned/2	0	08904e1a3008011208800000000000000120002a1e080810800118ffffffffffffffffff012000283f320662696e6172794000380020052a1e080c10a00118ffffffffffffffffff012003283f320662696e61727940003800	error	5b74797065733a313239325d496e636f72726563742074696d652076616c75653a20273127	0
CastIntAsTime/unsigned/2	2	08904e1a3008011208800000000000000120002a1e080810800118ffffffffffffffffff012000283f320662696e6172794000380020052a1e080c10a00118ffffffffffffffffff012003283f320662696e61727940003800	null		1
CastIntAsTime/unsigned/2	1	08904e1a3008011208800000000000000120002a1e080810800118ffffffffffffffffff012000283f320662696e6172794000380020052a1e080c10a00118ffffffffffffffffff012003283f320662696e61727940003800	null		0
CastIntAsTime/base/3	0	08904e1a3008011208ffffffffffffffff20002a1e080810800118ffffffffffffffffff012000283f320662696e6172794000380020052a1e080c10800118ffffffffffffffffff012003283f320662696e61727940003800	error	5b74797065733a313239325d496e636f72726563742074696d652076616c75653a20273932323333373230333638353437373538303727	0
CastIntAsTime/base/3	2	08904e1a3008011208ffffffffffffffff20002a1e080810800118ffffffffffffffffff012000283f320662696e6172794000380020052a1e080c10800118ffffffffffffffffff012003283f320662696e61727940003800	null		1
CastIntAsTime/base/3	1	08904e1a3008011208ffffffffffffffff20002a1e080810800118ffffffffffffffffff012000283f320662696e6172794000380020052a1e080c10800118ffffffffffffffffff012003283f320662696e61727940003800	null		0
CastIntAsTime/unsigned/3	0	08904e1a3008011208ffffffffffffffff20002a1e080810800118ffffffffffffffffff012000283f320662696e6172794000380020052a1e080c10a00118ffffffffffffffffff012003283f320662696e61727940003800	error	5b74797065733a313239325d496e636f72726563742074696d652076616c75653a20273932323333373230333638353437373538303727	0
CastIntAsTime/unsigned/3	2	08904e1a3008011208ffffffffffffffff20002a1e080810800118ffffffffffffffffff012000283f320662696e6172794000380020052a1e080c10a00118ffffffffffffffffff012003283f320662696e61727940003800	null		1
CastIntAsTime/unsigned/3	1	08904e1a3008011208ffffffffffffffff20002a1e080810800118ffffffffffffffffff012000283f320662696e6172794000380020052a1e080c10a00118ffffffffffffffffff012003283f320662696e61727940003800	null		0
CastIntAsTime/uint64max	0	08904e1a3008021208ffffffffffffffff20002a1e080810a00118ffffffffffffffffff012000283f320662696e6172794000380020052a1e080c10800118ffffffffffffffffff012003283f320662696e61727940003800	error	5b74797065733a313239325d496e636f72726563742074696d652076616c75653a20272d3127	0
CastIntAsTime/uint64max	2	08904e1a3008021208ffffffffffffffff20002a1e080810a00118ffffffffffffffffff012000283f320662696e6172794000380020052a1e080c10800118ffffffffffffffffff012003283f320662696e61727940003800	null		1
CastIntAsTime/uint64max	1	08904e1a3008021208ffffffffffffffff20002a1e080810a00118ffffffffffffffffff012000283f320662696e6172794000380020052a1e080c10800118ffffffffffffffffff012003283f320662696e61727940003800	null		0
CastIntAsTime/timestamp	0	08904e1a30080112087fffffffffffffff20002a1e080810800118ffffffffffffffffff012000283f320662696e6172794000380020052a1e080710800118ffffffffffffffffff012003283f320662696e61727940003800	error	5b74797065733a313239325d496e636f72726563742074696d652076616c75653a20272d3127	0
CastIntAsTime/timestamp	2	08904e1a30080112087fffffffffffffff20002a1e080810800118ffffffffffffffffff012000283f320662696e6172794000380020052a1e080710800118ffffffffffffffffff012003283f320662696e61727940003800	null		1
CastIntAsTime/timestamp	1	08904e1a30080112087fffffffffffffff20002a1e080810800118ffffffffffffffffff012000283f320662696e6172794000380020052a1e080710800118ffffffffffffffffff012003283f320662696e61727940003800	null		0
CastIntAsDuration/base/0	0	08904e1a30080112087fffffffffffffff20002a1e080810800118ffffffffffffffffff012000283f320662696e6172794000380020062a1e080b10800118ffffffffffffffffff012003283f320662696e61727940003800	value:2d30303a30303a30312e303030		0
CastIntAsDuration/base/0	2	08904e1a30080112087fffffffffffffff20002a1e080810800118ffffffffffffffffff012000283f320662696e6172794000380020062a1e080b10800118ffffffffffffffffff012003283f320662696e61727940003800	value:2d30303a30303a30312e303030		0
CastIntAsDuration/base/0	1	08904e1a30080112087fffffffffffffff20002a1e080810800118ffffffffffffffffff012000283f320662696e6172794000380020062a1e080b10800118ffffffffffffffffff012003283f320662696e61727940003800	value:2d30303a30303a30312e303030		0
CastIntAsDuration/unsigned/0	0	08904e1a30080112087fffffffffffffff20002a1e080810800118ffffffffffffffffff012000283f320662696e6172794000380020062a1e080b10a00118ffffffffffffffffff012003283f320662696e61727940003800	value:2d30303a30303a30312e303030		0
CastIntAsDuration/unsigned/0	2	08904e1a30080112087fffffffffffffff20002a1e080810800118ffffffffffffffffff012000283f320662696e6172794000380020062a1e080b10a00118ffffffffffffffffff012003283f320662696e61727940003800	value:2d30303a30303a30312e303030		0
CastIntAsDuration/unsigned/0	1	08904e1a30080112087fffffffffffffff20002a1e080810800118ffffffffffffffffff012000283f320662696e6172794000380020062a1e080b10a00118ffffffffffffffffff012003283f320662696e61727940003800	value:2d30303a30303a30312e303030		0
CastIntAsDuration/base/1	0	08904e1a3008011208800000000000000020002a1e080810800118ffffffffffffffffff012000283f320662696e6172794000380020062a1e080b10800118ffffffffffffffffff012003283f320662696e61727940003800	value:30303a30303a30302e303030		0
CastIntAsDuration/base/1	2	08904e1a3008011208800000000000000020002a1e080810800118ffffffffffffffffff012000283f320662696e6172794000380020062a1e080b10800118ffffffffffffffffff012003283f320662696e61727940003800	value:30303a30303a30302e303030		0
CastIntAsDuration/base/1	1	08904e1a3008011208800000000000000020002a1e080810800118ffffffffffffffffff012000283f320662696e6172794000380020062a1e080b10800118ffffffffffffffffff012003283f320662696e61727940003800	value:30303a30303a30302e303030		0
CastIntAsDuration/unsigned/1	0	08904e1a3008011208800000000000000020002a1e080810800118ffffffffffffffffff012000283f320662696e6172794000380020062a1e080b10a00118ffffffffffffffffff012003283f320662696e61727940003800	value:30303a30303a30302e303030		0
CastIntAsDuration/unsigned/1	2	08904e1a3008011208800000000000000020002a1e080810800118ffffffffffffffffff012000283f320662696e6172794000380020062a1e080b10a00118ffffffffffffffffff012003283f320662696e61727940003800	value:30303a30303a30302e303030		0
CastIntAsDuration/unsigned/1	1	08904e1a3008011208800000000000000020002a1e080810800118ffffffffffffffffff012000283f320662696e6172794000380020062a1e080b10a00118ffffffffffffffffff012003283f320662696e61727940003800	value:30303a30303a30302e303030		0
CastIntAsDuration/base/2	0	08904e1a3008011208800000000000000120002a1e080810800118ffffffffffffffffff012000283f320662696e6172794000380020062a1e080b10800118ffffffffffffffffff012003283f320662696e61727940003800	value:30303a30303a30312e303030		0
CastIntAsDuration/base/2	2	08904e1a3008011208800000000000000120002a1e080810800118ffffffffffffffffff012000283f320662696e6172794000380020062a1e080b10800118ffffffffffffffffff012003283f320662696e61727940003800	value:30303a30303a30312e303030		0
CastIntAsDuration/base/2	1	08904e1a3008011208800000000000000120002a1e080810800118ffffffffffffffffff012000283f320662696e6172794000380020062a1e080b10800118ffffffffffffffffff012003283f320662696e61727940003800	value:30303a30303a30312e303030		0
CastIntAsDuration/unsigned/2	0	08904e1a3008011208800000000000000120002a1e080810800118ffffffffffffffffff012000283f320662696e6172794000380020062a1e080b10a00118ffffffffffffffffff012003283f320662696e61727940003800	value:30303a30303a30312e303030		0
CastIntAsDuration/unsigned/2	2	08904e1a3008011208800000000000000120002a1e080810800118ffffffffffffffffff012000283f320662696e6172794000380020062a1e080b10a00118ffffffffffffffffff012003283f320662696e61727940003800	value:30303a30303a30312e303030		0
CastIntAsDuration/unsigned/2	1	08904e1a3008011208800000000000000120002a1e080810800118ffffffffffffffffff012000283f320662696e6172794000380020062a1e080b10a00118ffffffffffffffffff012003283f320662696e61727940003800	value:30303a30303a30312e303030		0
CastIntAsDuration/base/3	0	08904e1a3008011208ffffffffffffffff20002a1e080810800118ffffffffffffffffff012000283f320662696e6172794000380020062a1e080b10800118ffffffffffffffffff012003283f320662696e61727940003800	error	5b74797065733a313639305d4475726174696f6e2076616c7565206973206f7574206f662072616e676520696e20273932323333373230333638353437373538303727	0
CastIntAsDuration/base/3	2	08904e1a3008011208ffffffffffffffff20002a1e080810800118ffffffffffffffffff012000283f320662696e6172794000380020062a1e080b10800118ffffffffffffffffff012003283f320662696e61727940003800	null		1
CastIntAsDuration/base/3	1	08904e1a3008011208ffffffffffffffff20002a1e080810800118ffffffffffffffffff012000283f320662696e6172794000380020062a1e080b10800118ffffffffffffffffff012003283f320662696e61727940003800	null		0
CastIntAsDuration/unsigned/3	0	08904e1a3008011208ffffffffffffffff20002a1e080810800118ffffffffffffffffff012000283f320662696e6172794000380020062a1e080b10a00118ffffffffffffffffff012003283f320662696e61727940003800	error	5b74797065733a313639305d4475726174696f6e2076616c7565206973206f7574206f662072616e676520696e20273932323333373230333638353437373538303727	0
CastIntAsDuration/unsigned/3	2	08904e1a3008011208ffffffffffffffff20002a1e080810800118ffffffffffffffffff012000283f320662696e6172794000380020062a1e080b10a00118ffffffffffffffffff012003283f320662696e61727940003800	null		1
CastIntAsDuration/unsigned/3	1	08904e1a3008011208ffffffffffffffff20002a1e080810800118ffffffffffffffffff012000283f320662696e6172794000380020062a1e080b10a00118ffffffffffffffffff012003283f320662696e61727940003800	null		0
CastIntAsDuration/uint64max	0	08904e1a3008021208ffffffffffffffff20002a1e080810a00118ffffffffffffffffff012000283f320662696e6172794000380020062a1e080b10800118ffffffffffffffffff012003283f320662696e61727940003800	value:2d30303a30303a30312e303030		0
CastIntAsDuration/uint64max	2	08904e1a3008021208ffffffffffffffff20002a1e080810a00118ffffffffffffffffff012000283f320662696e6172794000380020062a1e080b10800118ffffffffffffffffff012003283f320662696e61727940003800	value:2d30303a30303a30312e303030		0
CastIntAsDuration/uint64max	1	08904e1a3008021208ffffffffffffffff20002a1e080810a00118ffffffffffffffffff012000283f320662696e6172794000380020062a1e080b10800118ffffffffffffffffff012003283f320662696e61727940003800	value:2d30303a30303a30312e303030		0
CastIntAsJson/base/0	0	08904e1a30080112087fffffffffffffff20002a1e080810800118ffffffffffffffffff012000283f320662696e6172794000380020072a2808f501100018ffffffffffffffffff0120ffffffffffffffffff01282e3207757466386d623440003800	value:2d31		0
CastIntAsJson/base/0	2	08904e1a30080112087fffffffffffffff20002a1e080810800118ffffffffffffffffff012000283f320662696e6172794000380020072a2808f501100018ffffffffffffffffff0120ffffffffffffffffff01282e3207757466386d623440003800	value:2d31		0
CastIntAsJson/base/0	1	08904e1a30080112087fffffffffffffff20002a1e080810800118ffffffffffffffffff012000283f320662696e6172794000380020072a2808f501100018ffffffffffffffffff0120ffffffffffffffffff01282e3207757466386d623440003800	value:2d31		0
CastIntAsJson/unsigned/0	0	08904e1a30080112087fffffffffffffff20002a1e080810800118ffffffffffffffffff012000283f320662696e6172794000380020072a2808f501102018ffffffffffffffffff0120ffffffffffffffffff01282e3207757466386d623440003800	value:2d31		0
CastIntAsJson/unsigned/0	2	08904e1a30080112087fffffffffffffff20002a1e080810800118ffffffffffffffffff012000283f320662696e6172794000380020072a2808f501102018ffffffffffffffffff0120ffffffffffffffffff01282e3207757466386d623440003800	value:2d31		0
CastIntAsJson/unsigned/0	1	08904e1a30080112087fffffffffffffff20002a1e080810800118ffffffffffffffffff012000283f320662696e6172794000380020072a2808f501102018ffffffffffffffffff0120ffffffffffffffffff01282e3207757466386d623440003800	value:2d31		0
CastIntAsJson/base/1	0	08904e1a3008011208800000000000000020002a1e080810800118ffffffffffffffffff012000283f320662696e6172794000380020072a2808f501100018ffffffffffffffffff0120ffffffffffffffffff01282e3207757466386d623440003800	value:30		0
CastIntAsJson/base/1	2	08904e1a3008011208800000000000000020002a1e080810800118ffffffffffffffffff012000283f320662696e6172794000380020072a2808f501100018ffffffffffffffffff0120ffffffffffffffffff01282e3207757466386d623440003800	value:30		0
CastIntAsJson/base/1	1	08904e1a3008011208800000000000000020002a1e080810800118ffffffffffffffffff012000283f320662696e6172794000380020072a2808f501100018ffffffffffffffffff0120ffffffffffffffffff01282e3207757466386d623440003800	value:30		0
CastIntAsJson/unsigned/1	0	08904e1a3008011208800000000000000020002a1e080810800118ffffffffffffffffff012000283f320662696e6172794000380020072a2808f501102018ffffffffffffffffff0120ffffffffffffffffff01282e3207757466386d623440003800	value:30		0
CastIntAsJson/unsigned/1	2	08904e1a3008011208800000000000000020002a1e080810800118ffffffffffffffffff012000283f320662696e6172794000380020072a2808f501102018ffffffffffffffffff0120ffffffffffffffffff01282e3207757466386d623440003800	value:30		0
CastIntAsJson/unsigned/1	1	08904e1a3008011208800000000000000020002a1e080810800118ffffffffffffffffff012000283f320662696e6172794000380020072a2808f501102018ffffffffffffffffff0120ffffffffffffffffff01282e3207757466386d623440003800	value:30		0
CastIntAsJson/base/2	0	08904e1a3008011208800000000000000120002a1e080810800118ffffffffffffffffff012000283f320662696e6172794000380020072a2808f501100018ffffffffffffffffff0120ffffffffffffffffff01282e3207757466386d623440003800	value:31		0
CastIntAsJson/base/2	2	08904e1a3008011208800000000000000120002a1e080810800118ffffffffffffffffff012000283f320662696e6172794000380020072a2808f501100018ffffffffffffffffff0120ffffffffffffffffff01282e3207757466386d623440003800	value:31		0
CastIntAsJson/base/2	1	08904e1a3008011208800000000000000120002a1e080810800118ffffffffffffffffff012000283f320662696e6172794000380020072a2808f501100018ffffffffffffffffff0120ffffffffffffffffff01282e3207757466386d623440003800	value:31		0
CastIntAsJson/unsigned/2	0	08904e1a3008011208800000000000000120002a1e080810800118ffffffffffffffffff012000283f320662696e6172794000380020072a2808f501102018ffffffffffffffffff0120ffffffffffffffffff01282e3207757466386d623440003800	value:31		0
CastIntAsJson/unsigned/2	2	08904e1a3008011208800000000000000120002a1e080810800118ffffffffffffffffff012000283f320662696e6172794000380020072a2808f501102018ffffffffffffffffff0120ffffffffffffffffff01282e3207757466386d623440003800	value:31		0
CastIntAsJson/unsigned/2	1	08904e1a3008011208800000000000000120002a1e080810800118ffffffffffffffffff012000283f320662696e6172794000380020072a2808f501102018ffffffffffffffffff0120ffffffffffffffffff01282e3207757466386d623440003800	value:31		0
CastIntAsJson/base/3	0	08904e1a3008011208ffffffffffffffff20002a1e080810800118ffffffffffffffffff012000283f320662696e6172794000380020072a2808f501100018ffffffffffffffffff0120ffffffffffffffffff01282e3207757466386d623440003800	value:39323233333732303336383534373735383037		0
CastIntAsJson/base/3	2	08904e1a3008011208ffffffffffffffff20002a1e080810800118ffffffffffffffffff012000283f320662696e6172794000380020072a2808f501100018ffffffffffffffffff0120ffffffffffffffffff01282e3207757466386d623440003800	value:39323233333732303336383534373735383037		0
CastIntAsJson/base/3	1	08904e1a3008011208ffffffffffffffff20002a1e080810800118ffffffffffffffffff012000283f320662696e6172794000380020072a2808f501100018ffffffffffffffffff0120ffffffffffffffffff01282e3207757466386d623440003800	value:39323233333732303336383534373735383037		0
CastIntAsJson/unsigned/3	0	08904e1a3008011208ffffffffffffffff20002a1e080810800118ffffffffffffffffff012000283f320662696e6172794000380020072a2808f501102018ffffffffffffffffff0120ffffffffffffffffff01282e3207757466386d623440003800	value:39323233333732303336383534373735383037		0
CastIntAsJson/unsigned/3	2	08904e1a3008011208ffffffffffffffff20002a1e080810800118ffffffffffffffffff012000283f320662696e6172794000380020072a2808f501102018ffffffffffffffffff0120ffffffffffffffffff01282e3207757466386d623440003800	value:39323233333732303336383534373735383037		0
CastIntAsJson/unsigned/3	1	08904e1a3008011208ffffffffffffffff20002a1e080810800118ffffffffffffffffff012000283f320662696e6172794000380020072a2808f501102018ffffffffffffffffff0120ffffffffffffffffff01282e3207757466386d623440003800	value:39323233333732303336383534373735383037		0
CastIntAsJson/uint64max	0	08904e1a3008021208ffffffffffffffff20002a1e080810a00118ffffffffffffffffff012000283f320662696e6172794000380020072a2808f501100018ffffffffffffffffff0120ffffffffffffffffff01282e3207757466386d623440003800	value:3138343436373434303733373039353531363135		0
CastIntAsJson/uint64max	2	08904e1a3008021208ffffffffffffffff20002a1e080810a00118ffffffffffffffffff012000283f320662696e6172794000380020072a2808f501100018ffffffffffffffffff0120ffffffffffffffffff01282e3207757466386d623440003800	value:3138343436373434303733373039353531363135		0
CastIntAsJson/uint64max	1	08904e1a3008021208ffffffffffffffff20002a1e080810a00118ffffffffffffffffff012000283f320662696e6172794000380020072a2808f501100018ffffffffffffffffff0120ffffffffffffffffff01282e3207757466386d623440003800	value:3138343436373434303733373039353531363135		0
CastRealAsInt/base/0	0	08904e1a3908041208400bd70a3d70a3d620002a27080510800118ffffffffffffffffff0120ffffffffffffffffff01283f320662696e61727940003800200a2a1e080810800118ffffffffffffffffff012000283f320662696e61727940003800	value:2d31		0
CastRealAsInt/base/0	2	08904e1a3908041208400bd70a3d70a3d620002a27080510800118ffffffffffffffffff0120ffffffffffffffffff01283f320662696e61727940003800200a2a1e080810800118ffffffffffffffffff012000283f320662696e61727940003800	value:2d31		0
CastRealAsInt/base/0	1	08904e1a3908041208400bd70a3d70a3d620002a27080510800118ffffffffffffffffff0120ffffffffffffffffff01283f320662696e61727940003800200a2a1e080810800118ffffffffffffffffff012000283f320662696e61727940003800	value:2d31		0
CastRealAsInt/unsigned/0	0	08904e1a3908041208400bd70a3d70a3d620002a27080510800118ffffffffffffffffff0120ffffffffffffffffff01283f320662696e61727940003800200a2a1e080810a00118ffffffffffffffffff012000283f320662696e61727940003800	error	5b74797065733a313639305d636f6e7374616e74202d31206f766572666c6f777320626967696e74	0
CastRealAsInt/unsigned/0	2	08904e1a3908041208400bd70a3d70a3d620002a27080510800118ffffffffffffffffff0120ffffffffffffffffff01283f320662696e61727940003800200a2a1e080810a00118ffffffffffffffffff012000283f320662696e61727940003800	value:3138343436373434303733373039353531363135		1
CastRealAsInt/unsigned/0	1	08904e1a3908041208400bd70a3d70a3d620002a27080510800118ffffffffffffffffff0120ffffffffffffffffff01283f320662696e61727940003800200a2a1e080810a00118ffffffffffffffffff012000283f320662696e61727940003800	value:3138343436373434303733373039353531363135		0
CastRealAsInt/base/1	0	08904e1a3908041208bfe000000000000020002a27080510800118ffffffffffffffffff0120ffffffffffffffffff01283f320662696e61727940003800200a2a1e080810800118ffffffffffffffffff012000283f320662696e61727940003800	value:30		0
CastRealAsInt/base/1	2	08904e1a3908041208bfe000000000000020002a27080510800118ffffffffffffffffff0120ffffffffffffffffff01283f320662696e61727940003800200a2a1e080810800118ffffffffffffffffff012000283f320662696e61727940003800	value:30		0
CastRealAsInt/base/1	1	08904e1a3908041208bfe000000000000020002a27080510800118ffffffffffffffffff0120ffffffffffffffffff01283f320662696e61727940003800200a2a1e080810800118ffffffffffffffffff012000283f320662696e61727940003800	value:30		0
CastRealAsInt/unsigned/1	0	08904e1a3908041208bfe000000000000020002a27080510800118ffffffffffffffffff0120ffffffffffffffffff01283f320662696e61727940003800200a2a1e080810a00118ffffffffffffffffff012000283f320662696e61727940003800	value:30		0
CastRealAsInt/unsigned/1	2	08904e1a3908041208bfe000000000000020002a27080510800118ffffffffffffffffff0120ffffffffffffffffff01283f320662696e61727940003800200a2a1e080810a00118ffffffffffffffffff012000283f320662696e61727940003800	value:30		0
CastRealAsInt/unsigned/1	1	08904e1a3908041208bfe000000000000020002a27080510800118ffffffffffffffffff0120ffffffffffffffffff01283f320662696e61727940003800200a2a1e080810a00118ffffffffffffffffff012000283f320662696e61727940003800	value:30		0
CastRealAsInt/base/2	0	08904e1a3908041208c415af1d78b58c4020002a27080510800118ffffffffffffffffff0120ffffffffffffffffff01283f320662696e61727940003800200a2a1e080810800118ffffffffffffffffff012000283f320662696e61727940003800	error	5b74797065733a313639305d636f6e7374616e742031652b3230206f766572666c6f777320626967696e74	0
CastRealAsInt/base/2	2	08904e1a3908041208c415af1d78b58c4020002a27080510800118ffffffffffffffffff0120ffffffffffffffffff01283f320662696e61727940003800200a2a1e080810800118ffffffffffffffffff012000283f320662696e61727940003800	value:39323233333732303336383534373735383037		1
CastRealAsInt/base/2	1	08904e1a3908041208c415af1d78b58c4020002a27080510800118ffffffffffffffffff0120ffffffffffffffffff01283f320662696e61727940003800200a2a1e080810800118ffffffffffffffffff012000283f320662696e61727940003800	value:39323233333732303336383534373735383037		0
CastRealAsInt/unsigned/2	0	08904e1a3908041208c415af1d78b58c4020002a27080510800118ffffffffffffffffff0120ffffffffffffffffff01283f320662696e61727940003800200a2a1e080810a00118ffffffffffffffffff012000283f320662696e61727940003800	error	5b74797065733a313639305d636f6e7374616e742031652b3230206f766572666c6f777320626967696e74	0
CastRealAsInt/unsigned/2	2	08904e1a3908041208c415af1d78b58c4020002a27080510800118ffffffffffffffffff0120ffffffffffffffffff01283f320662696e61727940003800200a2a1e080810a00118ffffffffffffffffff012000283f320662696e61727940003800	value:3138343436373434303733373039353531363135		1
CastRealAsInt/unsigned/2	1	08904e1a3908041208c415af1d78b58c4020002a27080510800118ffffffffffffffffff0120ffffffffffffffffff01283f320662696e61727940003800200a2a1e080810a00118ffffffffffffffffff012000283f320662696e61727940003800	value:3138343436373434303733373039353531363135		0
CastRealAsReal/base/0	0	08904e1a3908041208400bd70a3d70a3d620002a27080510800118ffffffffffffffffff0120ffffffffffffffffff01283f320662696e61727940003800200b2a27080510800118ffffffffffffffffff0120ffffffffffffffffff01283f320662696e61727940003800	real:bff428f5c28f5c29		0
CastRealAsReal/base/0	2	08904e1a3908041208400bd70a3d70a3d620002a27080510800118ffffffffffffffffff0120ffffffffffffffffff01283f320662696e61727940003800200b2a27080510800118ffffffffffffffffff0120ffffffffffffffffff01283f320662696e61727940003800	real:bff428f5c28f5c29		0
CastRealAsReal/base/0	1	08904e1a3908041208400bd70a3d70a3d620002a27080510800118ffffffffffffffffff0120ffffffffffffffffff01283f320662696e61727940003800200b2a27080510800118ffffffffffffffffff0120ffffffffffffffffff01283f320662696e61727940003800	real:bff428f5c28f5c29		0
CastRealAsReal/unsigned/0	0	08904e1a3908041208400bd70a3d70a3d620002a27080510800118ffffffffffffffffff0120ffffffffffffffffff01283f320662696e61727940003800200b2a27080510a00118ffffffffffffffffff0120ffffffffffffffffff01283f320662696e61727940003800	real:bff428f5c28f5c29		0
CastRealAsReal/unsigned/0	2	08904e1a3908041208400bd70a3d70a3d620002a27080510800118ffffffffffffffffff0120ffffffffffffffffff01283f320662696e61727940003800200b2a27080510a00118ffffffffffffffffff0120ffffffffffffffffff01283f320662696e61727940003800	real:bff428f5c28f5c29		0
CastRealAsReal/unsigned/0	1	08904e1a3908041208400bd70a3d70a3d620002a27080510800118ffffffffffffffffff0120ffffffffffffffffff01283f320662696e61727940003800200b2a27080510a00118ffffffffffffffffff0120ffffffffffffffffff01283f320662696e61727940003800	real:bff428f5c28f5c29		0
CastRealAsReal/base/1	0	08904e1a3908041208bfe000000000000020002a27080510800118ffffffffffffffffff0120ffffffffffffffffff01283f320662696e61727940003800200b2a27080510800118ffffffffffffffffff0120ffffffffffffffffff01283f320662696e61727940003800	real:3fe0000000000000		0
CastRealAsReal/base/1	2	08904e1a3908041208bfe000000000000020002a27080510800118ffffffffffffffffff0120ffffffffffffffffff01283f320662696e61727940003800200b2a27080510800118ffffffffffffffffff0120ffffffffffffffffff01283f320662696e61727940003800	real:3fe0000000000000		0
CastRealAsReal/base/1	1	08904e1a3908041208bfe000000000000020002a27080510800118ffffffffffffffffff0120ffffffffffffffffff01283f320662696e61727940003800200b2a27080510800118ffffffffffffffffff0120ffffffffffffffffff01283f320662696e61727940003800	real:3fe0000000000000		0
CastRealAsReal/unsigned/1	0	08904e1a3908041208bfe000000000000020002a27080510800118ffffffffffffffffff0120ffffffffffffffffff01283f320662696e61727940003800200b2a27080510a00118ffffffffffffffffff0120ffffffffffffffffff01283f320662696e61727940003800	real:3fe0000000000000		0
CastRealAsReal/unsigned/1	2	08904e1a3908041208bfe000000000000020002a27080510800118ffffffffffffffffff0120ffffffffffffffffff01283f320662696e61727940003800200b2a27080510a00118ffffffffffffffffff0120ffffffffffffffffff01283f320662696e61727940003800	real:3fe0000000000000		0
CastRealAsReal/unsigned/1	1	08904e1a3908041208bfe000000000000020002a27080510800118ffffffffffffffffff0120ffffffffffffffffff01283f320662696e61727940003800200b2a27080510a00118ffffffffffffffffff0120ffffffffffffffffff01283f320662696e61727940003800	real:3fe0000000000000		0
CastRealAsReal/base/2	0	08904e1a3908041208c415af1d78b58c4020002a27080510800118ffffffffffffffffff0120ffffffffffffffffff01283f320662696e61727940003800200b2a27080510800118ffffffffffffffffff0120ffffffffffffffffff01283f320662696e61727940003800	real:4415af1d78b58c40		0
CastRealAsReal/base/2	2	08904e1a3908041208c415af1d78b58c4020002a27080510800118ffffffffffffffffff0120ffffffffffffffffff01283f320662696e61727940003800200b2a27080510800118ffffffffffffffffff0120ffffffffffffffffff01283f320662696e61727940003800	real:4415af1d78b58c40		0
CastRealAsReal/base/2	1	08904e1a3908041208c415af1d78b58c4020002a27080510800118ffffffffffffffffff0120ffffffffffffffffff01283f320662696e61727940003800200b2a27080510800118ffffffffffffffffff0120ffffffffffffffffff01283f320662696e61727940003800	real:4415af1d78b58c40		0
CastRealAsReal/unsigned/2	0	08904e1a3908041208c415af1d78b58c4020002a27080510800118ffffffffffffffffff0120ffffffffffffffffff01283f320662696e61727940003800200b2a27080510a00118ffffffffffffffffff0120ffffffffffffffffff01283f320662696e61727940003800	real:4415af1d78b58c40		0
CastRealAsReal/unsigned/2	2	08904e1a3908041208c415af1d78b58c4020002a27080510800118ffffffffffffffffff0120ffffffffffffffffff01283f320662696e61727940003800200b2a27080510a00118ffffffffffffffffff0120ffffffffffffffffff01283f320662696e61727940003800	real:4415af1d78b58c40		0
CastRealAsReal/unsigned/2	1	08904e1a3908041208c415af1d78b58c4020002a27080510800118ffffffffffffffffff0120ffffffffffffffffff01283f320662696e61727940003800200b2a27080510a00118ffffffffffffffffff0120ffffffffffffffffff01283f320662696e61727940003800	real:4415af1d78b58c40		0
CastRealAsDecimal/base/0	0	08904e1a3908041208400bd70a3d70a3d620002a27080510800118ffffffffffffffffff0120ffffffffffffffffff01283f320662696e61727940003800200d2a1608f601108001180a2002283f320662696e61727940003800	value:2d312e3236		0
CastRealAsDecimal/base/0	2	08904e1a3908041208400bd70a3d70a3d620002a27080510800118ffffffffffffffffff0120ffffffffffffffffff01283f320662696e61727940003800200d2a1608f601108001180a2002283f320662696e61727940003800	value:2d312e3236		0
CastRealAsDecimal/base/0	1	08904e1a3908041208400bd70a3d70a3d620002a27080510800118ffffffffffffffffff0120ffffffffffffffffff01283f320662696e61727940003800200d2a1608f601108001180a2002283f320662696e61727940003800	value:2d312e3236		0
CastRealAsDecimal/unsigned/0	0	08904e1a3908041208400bd70a3d70a3d620002a27080510800118ffffffffffffffffff0120ffffffffffffffffff01283f320662696e61727940003800200d2a1608f60110a001180a2002283f320662696e61727940003800	value:2d302e3030		0
CastRealAsDecimal/unsigned/0	2	08904e1a3908041208400bd70a3d70a3d620002a27080510800118ffffffffffffffffff0120ffffffffffffffffff01283f320662696e61727940003800200d2a1608f60110a001180a2002283f320662696e61727940003800	value:2d302e3030		0
CastRealAsDecimal/unsigned/0	1	08904e1a3908041208400bd70a3d70a3d620002a27080510800118ffffffffffffffffff0120ffffffffffffffffff01283f320662696e61727940003800200d2a1608f60110a001180a2002283f320662696e61727940003800	value:2d302e3030		0
CastRealAsDecimal/base/1	0	08904e1a3908041208bfe000000000000020002a27080510800118ffffffffffffffffff0120ffffffffffffffffff01283f320662696e61727940003800200d2a1608f601108001180a2002283f320662696e61727940003800	value:302e3530		0
CastRealAsDecimal/base/1	2	08904e1a3908041208bfe000000000000020002a27080510800118ffffffffffffffffff0120ffffffffffffffffff01283f320662696e61727940003800200d2a1608f601108001180a2002283f320662696e61727940003800	value:302e3530		0
CastRealAsDecimal/base/1	1	08904e1a3908041208bfe000000000000020002a27080510800118ffffffffffffffffff0120ffffffffffffffffff01283f320662696e61727940003800200d2a1608f601108001180a2002283f320662696e61727940003800	value:302e3530		0
CastRealAsDecimal/unsigned/1	0	08904e1a3908041208bfe000000000000020002a27080510800118ffffffffffffffffff0120ffffffffffffffffff01283f320662696e61727940003800200d2a1608f60110a001180a2002283f320662696e61727940003800	value:302e3530		0
CastRealAsDecimal/unsigned/1	2	08904e1a3908041208bfe000000000000020002a27080510800118ffffffffffffffffff0120ffffffffffffffffff01283f320662696e61727940003800200d2a1608f60110a001180a2002283f320662696e61727940003800	value:302e3530		0
CastRealAsDecimal/unsigned/1	1	08904e1a3908041208bfe000000000000020002a27080510800118ffffffffffffffffff0120ffffffffffffffffff01283f320662696e61727940003800200d2a1608f60110a001180a2002283f320662696e61727940003800	value:302e3530		0
CastRealAsDecimal/base/2	0	08904e1a3908041208c415af1d78b58c4020002a27080510800118ffffffffffffffffff0120ffffffffffffffffff01283f320662696e61727940003800200d2a1608f601108001180a2002283f320662696e61727940003800	error	5b74797065733a313639305d444543494d414c2076616c7565206973206f7574206f662072616e676520696e20272831302c20322927	0
CastRealAsDecimal/base/2	2	08904e1a3908041208c415af1d78b58c4020002a27080510800118ffffffffffffffffff0120ffffffffffffffffff01283f320662696e61727940003800200d2a1608f601108001180a2002283f320662696e61727940003800	value:39393939393939392e3939		1
CastRealAsDecimal/base/2	1	08904e1a3908041208c415af1d78b58c4020002a27080510800118ffffffffffffffffff0120ffffffffffffffffff01283f320662696e61727940003800200d2a1608f601108001180a2002283f320662696e61727940003800	value:39393939393939392e3939		0
CastRealAsDecimal/unsigned/2	0	08904e1a3908041208c415af1d78b58c4020002a27080510800118ffffffffffffffffff0120ffffffffffffffffff01283f320662696e61727940003800200d2a1608f60110a001180a2002283f320662696e61727940003800	error	5b74797065733a313639305d444543494d414c2076616c7565206973206f7574206f662072616e676520696e20272831302c20322927	0
CastRealAsDecimal/unsigned/2	2	08904e1a3908041208c415af1d78b58c4020002a27080510800118ffffffffffffffffff0120ffffffffffffffffff01283f320662696e61727940003800200d2a1608f60110a001180a2002283f320662696e61727940003800	value:39393939393939392e3939		1
CastRealAsDecimal/unsigned/2	1	08904e1a3908041208c415af1d78b58c4020002a27080510800118ffffffffffffffffff0120ffffffffffffffffff01283f320662696e61727940003800200d2a1608f60110a001180a2002283f320662696e61727940003800	value:39393939393939392e3939		0
CastRealAsString/base/0	0	08904e1a3908041208400bd70a3d70a3d620002a27080510800118ffffffffffffffffff0120ffffffffffffffffff01283f320662696e61727940003800200c2a2808fd01100018ffffffffffffffffff0120ffffffffffffffffff01282e3207757466386d623440003800	value:2d312e3236		0
CastRealAsString/base/0	2	08904e1a3908041208400bd70a3d70a3d620002a27080510800118ffffffffffffffffff0120ffffffffffffffffff01283f320662696e61727940003800200c2a2808fd01100018ffffffffffffffffff0120ffffffffffffffffff01282e3207757466386d623440003800	value:2d312e3236		0
CastRealAsString/base/0	1	08904e1a3908041208400bd70a3d70a3d620002a27080510800118ffffffffffffffffff0120ffffffffffffffffff01283f320662696e61727940003800200c2a2808fd01100018ffffffffffffffffff0120ffffffffffffffffff01282e3207757466386d623440003800	value:2d312e3236		0
CastRealAsString/unsigned/0	0	08904e1a3908041208400bd70a3d70a3d620002a27080510800118ffffffffffffffffff0120ffffffffffffffffff01283f320662696e61727940003800200c2a2808fd01102018ffffffffffffffffff0120ffffffffffffffffff01282e3207757466386d623440003800	value:2d312e3236		0
CastRealAsString/unsigned/0	2	08904e1a3908041208400bd70a3d70a3d620002a27080510800118ffffffffffffffffff0120ffffffffffffffffff01283f320662696e61727940003800200c2a2808fd01102018ffffffffffffffffff0120ffffffffffffffffff01282e3207757466386d623440003800	value:2d312e3236		0
CastRealAsString/unsigned/0	1	08904e1a3908041208400bd70a3d70a3d620002a27080510800118ffffffffffffffffff0120ffffffffffffffffff01283f320662696e61727940003800200c2a2808fd01102018ffffffffffffffffff0120ffffffffffffffffff01282e3207757466386d623440003800	value:2d312e3236		0
CastRealAsString/base/1	0	08904e1a3908041208bfe000000000000020002a27080510800118ffffffffffffffffff0120ffffffffffffffffff01283f320662696e61727940003800200c2a2808fd01100018ffffffffffffffffff0120ffffffffffffffffff01282e3207757466386d623440003800	value:302e35		0
CastRealAsString/base/1	2	08904e1a3908041208bfe000000000000020002a27080510800118ffffffffffffffffff0120ffffffffffffffffff01283f320662696e61727940003800200c2a2808fd01100018ffffffffffffffffff0120ffffffffffffffffff01282e3207757466386d623440003800	value:302e35		0
CastRealAsString/base/1	1	08904e1a3908041208bfe000000000000020002a27080510800118ffffffffffffffffff0120ffffffffffffffffff01283f320662696e61727940003800200c2a2808fd01100018ffffffffffffffffff0120ffffffffffffffffff01282e3207757466386d623440003800	value:302e35		0
CastRealAsString/unsigned/1	0	08904e1a3908041208bfe000000000000020002a27080510800118ffffffffffffffffff0120ffffffffffffffffff01283f320662696e61727940003800200c2a2808fd01102018ffffffffffffffffff0120ffffffffffffffffff01282e3207757466386d623440003800	value:302e35		0
CastRealAsString/unsigned/1	2	08904e1a3908041208bfe000000000000020002a27080510800118ffffffffffffffffff0120ffffffffffffffffff01283f320662696e61727940003800200c2a2808fd01102018ffffffffffffffffff0120ffffffffffffffffff01282e3207757466386d623440003800	value:302e35		0
CastRealAsString/unsigned/1	1	08904e1a3908041208bfe000000000000020002a27080510800118ffffffffffffffffff0120ffffffffffffffffff01283f320662696e61727940003800200c2a2808fd01102018ffffffffffffffffff0120ffffffffffffffffff01282e3207757466386d623440003800	value:302e35		0
CastRealAsString/base/2	0	08904e1a3908041208c415af1d78b58c4020002a27080510800118ffffffffffffffffff0120ffffffffffffffffff01283f320662696e61727940003800200c2a2808fd01100018ffffffffffffffffff0120ffffffffffffffffff01282e3207757466386d623440003800	value:313030303030303030303030303030303030303030		0
CastRealAsString/base/2	2	08904e1a3908041208c415af1d78b58c4020002a27080510800118ffffffffffffffffff0120ffffffffffffffffff01283f320662696e61727940003800200c2a2808fd01100018ffffffffffffffffff0120ffffffffffffffffff01282e3207757466386d623440003800	value:313030303030303030303030303030303030303030		0
CastRealAsString/base/2	1	08904e1a3908041208c415af1d78b58c4020002a27080510800118ffffffffffffffffff0120ffffffffffffffffff01283f320662696e61727940003800200c2a2808fd01100018ffffffffffffffffff0120ffffffffffffffffff01282e3207757466386d623440003800	value:313030303030303030303030303030303030303030		0
CastRealAsString/unsigned/2	0	08904e1a3908041208c415af1d78b58c4020002a27080510800118ffffffffffffffffff0120ffffffffffffffffff01283f320662696e61727940003800200c2a2808fd01102018ffffffffffffffffff0120ffffffffffffffffff01282e3207757466386d623440003800	value:313030303030303030303030303030303030303030		0
CastRealAsString/unsigned/2	2	08904e1a3908041208c415af1d78b58c4020002a27080510800118ffffffffffffffffff0120ffffffffffffffffff01283f320662696e61727940003800200c2a2808fd01102018ffffffffffffffffff0120ffffffffffffffffff01282e3207757466386d623440003800	value:313030303030303030303030303030303030303030		0
CastRealAsString/unsigned/2	1	08904e1a3908041208c415af1d78b58c4020002a27080510800118ffffffffffffffffff0120ffffffffffffffffff01283f320662696e61727940003800200c2a2808fd01102018ffffffffffffffffff0120ffffffffffffffffff01282e3207757466386d623440003800	value:313030303030303030303030303030303030303030		0
CastRealAsTime/base/0	0	08904e1a3908041208400bd70a3d70a3d620002a27080510800118ffffffffffffffffff0120ffffffffffffffffff01283f320662696e61727940003800200e2a1e080c10800118ffffffffffffffffff012003283f320662696e61727940003800	error	5b74797065733a313239325d496e636f7272656374206461746574696d652076616c75653a20272d312e323627	0
CastRealAsTime/base/0	2	08904e1a3908041208400bd70a3d70a3d620002a27080510800118ffffffffffffffffff0120ffffffffffffffffff01283f320662696e61727940003800200e2a1e080c10800118ffffffffffffffffff012003283f320662696e61727940003800	null		1
CastRealAsTime/base/0	1	08904e1a3908041208400bd70a3d70a3d620002a27080510800118ffffffffffffffffff0120ffffffffffffffffff01283f320662696e61727940003800200e2a1e080c10800118ffffffffffffffffff012003283f320662696e61727940003800	null		0
CastRealAsTime/unsigned/0	0	08904e1a3908041208400bd70a3d70a3d620002a27080510800118ffffffffffffffffff0120ffffffffffffffffff01283f320662696e61727940003800200e2a1e080c10a00118ffffffffffffffffff012003283f320662696e61727940003800	error	5b74797065733a313239325d496e636f7272656374206461746574696d652076616c75653a20272d312e323627	0
CastRealAsTime/unsigned/0	2	08904e1a3908041208400bd70a3d70a3d620002a27080510800118ffffffffffffffffff0120ffffffffffffffffff01283f320662696e61727940003800200e2a1e080c10a00118ffffffffffffffffff012003283f320662696e61727940003800	null		1
CastRealAsTime/unsigned/0	1	08904e1a3908041208400bd70a3d70a3d620002a27080510800118ffffffffffffffffff0120ffffffffffffffffff01283f320662696e61727940003800200e2a1e080c10a00118ffffffffffffffffff012003283f320662696e61727940003800	null		0
CastRealAsTime/base/1	0	08904e1a3908041208bfe000000000000020002a27080510800118ffffffffffffffffff0120ffffffffffffffffff01283f320662696e61727940003800200e2a1e080c10800118ffffffffffffffffff012003283f320662696e61727940003800	value:303030302d30302d30302030303a30303a30302e353030		0
CastRealAsTime/base/1	2	08904e1a3908041208bfe000000000000020002a27080510800118ffffffffffffffffff0120ffffffffffffffffff01283f320662696e61727940003800200e2a1e080c10800118ffffffffffffffffff012003283f320662696e61727940003800	value:303030302d30302d30302030303a30303a30302e353030		0
CastRealAsTime/base/1	1	08904e1a3908041208bfe000000000000020002a27080510800118ffffffffffffffffff0120ffffffffffffffffff01283f320662696e61727940003800200e2a1e080c10800118ffffffffffffffffff012003283f320662696e61727940003800	value:303030302d30302d30302030303a30303a30302e353030		0
CastRealAsTime/unsigned/1	0	08904e1a3908041208bfe000000000000020002a27080510800118ffffffffffffffffff0120ffffffffffffffffff01283f320662696e61727940003800200e2a1e080c10a00118ffffffffffffffffff012003283f320662696e61727940003800	value:303030302d30302d30302030303a30303a30302e353030		0
CastRealAsTime/unsigned/1	2	08904e1a3908041208bfe000000000000020002a27080510800118ffffffffffffffffff0120ffffffffffffffffff01283f320662696e61727940003800200e2a1e080c10a00118ffffffffffffffffff012003283f320662696e61727940003800	value:303030302d30302d30302030303a30303a30302e353030		0
CastRealAsTime/unsigned/1	1	08904e1a3908041208bfe000000000000020002a27080510800118ffffffffffffffffff0120ffffffffffffffffff01283f320662696e61727940003800200e2a1e080c10a00118ffffffffffffffffff012003283f320662696e61727940003800	value:303030302d30302d30302030303a30303a30302e353030		0
CastRealAsTime/base/2	0	08904e1a3908041208c415af1d78b58c4020002a27080510800118ffffffffffffffffff0120ffffffffffffffffff01283f320662696e61727940003800200e2a1e080c10800118ffffffffffffffffff012003283f320662696e61727940003800	error	5b74797065733a313239325d496e636f7272656374206461746574696d652076616c75653a202731303030303030303030303030303030303030303027	0
CastRealAsTime/base/2	2	08904e1a3908041208c415af1d78b58c4020002a27080510800118ffffffffffffffffff0120ffffffffffffffffff01283f320662696e61727940003800200e2a1e080c10800118ffffffffffffffffff012003283f320662696e61727940003800	null		1
CastRealAsTime/base/2	1	08904e1a3908041208c415af1d78b58c4020002a27080510800118ffffffffffffffffff0120ffffffffffffffffff01283f320662696e61727940003800200e2a1e080c10800118ffffffffffffffffff012003283f320662696e61727940003800	null		0
CastRealAsTime/unsigned/2	0	08904e1a3908041208c415af1d78b58c4020002a27080510800118ffffffffffffffffff0120ffffffffffffffffff01283f320662696e61727940003800200e2a1e080c10a00118ffffffffffffffffff012003283f320662696e61727940003800	error	5b74797065733a313239325d496e636f7272656374206461746574696d652076616c75653a202731303030303030303030303030303030303030303027	0
CastRealAsTime/unsigned/2	2	08904e1a3908041208c415af1d78b58c4020002a27080510800118ffffffffffffffffff0120ffffffffffffffffff01283f320662696e61727940003800200e2a1e080c10a00118ffffffffffffffffff012003283f320662696e61727940003800	null		1
CastRealAsTime/unsigned/2	1	08904e1a3908041208c415af1d78b58c4020002a27080510800118ffffffffffffffffff0120ffffffffffffffffff01283f320662696e61727940003800200e2a1e080c10a00118ffffffffffffffffff012003283f320662696e61727940003800	null		0
CastRealAsTime/timestamp	0	08904e1a3908041208400bd70a3d70a3d620002a27080510800118ffffffffffffffffff0120ffffffffffffffffff01283f320662696e61727940003800200e2a1e080710800118ffffffffffffffffff012003283f320662696e61727940003800	error	5b74797065733a313239325d496e636f7272656374206461746574696d652076616c75653a20272d312e323627	0
CastRealAsTime/timestamp	2	08904e1a3908041208400bd70a3d70a3d620002a27080510800118ffffffffffffffffff0120ffffffffffffffffff01283f320662696e61727940003800200e2a1e080710800118ffffffffffffffffff012003283f320662696e61727940003800	null		1
CastRealAsTime/timestamp	1	08904e1a3908041208400bd70a3d70a3d620002a27080510800118ffffffffffffffffff0120ffffffffffffffffff01283f320662696e61727940003800200e2a1e080710800118ffffffffffffffffff012003283f320662696e61727940003800	null		0
CastRealAsDuration/base/0	0	08904e1a3908041208400bd70a3d70a3d620002a27080510800118ffffffffffffffffff0120ffffffffffffffffff01283f320662696e61727940003800200f2a1e080b10800118ffffffffffffffffff012003283f320662696e61727940003800	value:2d30303a30303a30312e323630		0
CastRealAsDuration/base/0	2	08904e1a3908041208400bd70a3d70a3d620002a27080510800118ffffffffffffffffff0120ffffffffffffffffff01283f320662696e61727940003800200f2a1e080b10800118ffffffffffffffffff012003283f320662696e61727940003800	value:2d30303a30303a30312e323630		0
CastRealAsDuration/base/0	1	08904e1a3908041208400bd70a3d70a3d620002a27080510800118ffffffffffffffffff0120ffffffffffffffffff01283f320662696e61727940003800200f2a1e080b10800118ffffffffffffffffff012003283f320662696e61727940003800	value:2d30303a30303a30312e323630		0
CastRealAsDuration/unsigned/0	0	08904e1a3908041208400bd70a3d70a3d620002a27080510800118ffffffffffffffffff0120ffffffffffffffffff01283f320662696e61727940003800200f2a1e080b10a00118ffffffffffffffffff012003283f320662696e61727940003800	value:2d30303a30303a30312e323630		0
CastRealAsDuration/unsigned/0	2	08904e1a3908041208400bd70a3d70a3d620002a27080510800118ffffffffffffffffff0120ffffffffffffffffff01283f320662696e61727940003800200f2a1e080b10a00118ffffffffffffffffff012003283f320662696e61727940003800	value:2d30303a30303a30312e323630		0
CastRealAsDuration/unsigned/0	1	08904e1a3908041208400bd70a3d70a3d620002a27080510800118ffffffffffffffffff0120ffffffffffffffffff01283f320662696e61727940003800200f2a1e080b10a00118ffffffffffffffffff012003283f320662696e61727940003800	value:2d30303a30303a30312e323630		0
CastRealAsDuration/base/1	0	08904e1a3908041208bfe000000000000020002a27080510800118ffffffffffffffffff0120ffffffffffffffffff01283f320662696e61727940003800200f2a1e080b10800118ffffffffffffffffff012003283f320662696e61727940003800	value:30303a30303a30302e353030		0
CastRealAsDuration/base/1	2	08904e1a3908041208bfe000000000000020002a27080510800118ffffffffffffffffff0120ffffffffffffffffff01283f320662696e61727940003800200f2a1e080b10800118ffffffffffffffffff012003283f320662696e61727940003800	value:30303a30303a30302e353030		0
CastRealAsDuration/base/1	1	08904e1a3908041208bfe000000000000020002a27080510800118ffffffffffffffffff0120ffffffffffffffffff01283f320662696e61727940003800200f2a1e080b10800118ffffffffffffffffff012003283f320662696e61727940003800	value:30303a30303a30302e353030		0
CastRealAsDuration/unsigned/1	0	08904e1a3908041208bfe000000000000020002a27080510800118ffffffffffffffffff0120ffffffffffffffffff01283f320662696e61727940003800200f2a1e080b10a00118ffffffffffffffffff012003283f320662696e61727940003800	value:30303a30303a30302e353030		0
CastRealAsDuration/unsigned/1	2	08904e1a3908041208bfe000000000000020002a27080510800118ffffffffffffffffff0120ffffffffffffffffff01283f320662696e61727940003800200f2a1e080b10a00118ffffffffffffffffff012003283f320662696e61727940003800	value:30303a30303a30302e353030		0
CastRealAsDuration/unsigned/1	1	08904e1a3908041208bfe000000000000020002a27080510800118ffffffffffffffffff0120ffffffffffffffffff01283f320662696e61727940003800200f2a1e080b10a00118ffffffffffffffffff012003283f320662696e61727940003800	value:30303a30303a30302e353030		0
CastRealAsDuration/base/2	0	08904e1a3908041208c415af1d78b58c4020002a27080510800118ffffffffffffffffff0120ffffffffffffffffff01283f320662696e61727940003800200f2a1e080b10800118ffffffffffffffffff012003283f320662696e61727940003800	error	5b74797065733a313239325d5472756e636174656420696e636f72726563742074696d652076616c75653a202731303030303030303030303030303030303030303027	0
CastRealAsDuration/base/2	2	08904e1a3908041208c415af1d78b58c4020002a27080510800118ffffffffffffffffff0120ffffffffffffffffff01283f320662696e61727940003800200f2a1e080b10800118ffffffffffffffffff012003283f320662696e61727940003800	null		1
CastRealAsDuration/base/2	1	08904e1a3908041208c415af1d78b58c4020002a27080510800118ffffffffffffffffff0120ffffffffffffffffff01283f320662696e61727940003800200f2a1e080b10800118ffffffffffffffffff012003283f320662696e61727940003800	null		0
CastRealAsDuration/unsigned/2	0	08904e1a3908041208c415af1d78b58c4020002a27080510800118ffffffffffffffffff0120ffffffffffffffffff01283f320662696e61727940003800200f2a1e080b10a00118ffffffffffffffffff012003283f320662696e61727940003800	error	5b74797065733a313239325d5472756e636174656420696e636f72726563742074696d652076616c75653a202731303030303030303030303030303030303030303027	0
CastRealAsDuration/unsigned/2	2	08904e1a3908041208c415af1d78b58c4020002a27080510800118ffffffffffffffffff0120ffffffffffffffffff01283f320662696e61727940003800200f2a1e080b10a00118ffffffffffffffffff012003283f320662696e61727940003800	null		1
CastRealAsDuration/unsigned/2	1	08904e1a3908041208c415af1d78b58c4020002a27080510800118ffffffffffffffffff0120ffffffffffffffffff01283f320662696e61727940003800200f2a1e080b10a00118ffffffffffffffffff012003283f320662696e61727940003800	null		0
CastRealAsJson/base/0	0	08904e1a3908041208400bd70a3d70a3d620002a27080510800118ffffffffffffffffff0120ffffffffffffffffff01283f320662696e6172794000380020102a2808f501100018ffffffffffffffffff0120ffffffffffffffffff01282e3207757466386d623440003800	value:2d312e3236		0
CastRealAsJson/base/0	2	08904e1a3908041208400bd70a3d70a3d620002a27080510800118ffffffffffffffffff0120ffffffffffffffffff01283f320662696e6172794000380020102a2808f501100018ffffffffffffffffff0120ffffffffffffffffff01282e3207757466386d623440003800	value:2d312e3236		0
CastRealAsJson/base/0	1	08904e1a3908041208400bd70a3d70a3d620002a27080510800118ffffffffffffffffff0120ffffffffffffffffff01283f320662696e6172794000380020102a2808f501100018ffffffffffffffffff0120ffffffffffffffffff01282e3207757466386d623440003800	value:2d312e3236		0
CastRealAsJson/unsigned/0	0	08904e1a3908041208400bd70a3d70a3d620002a27080510800118ffffffffffffffffff0120ffffffffffffffffff01283f320662696e6172794000380020102a2808f501102018ffffffffffffffffff0120ffffffffffffffffff01282e3207757466386d623440003800	value:2d312e3236		0
CastRealAsJson/unsigned/0	2	08904e1a3908041208400bd70a3d70a3d620002a27080510800118ffffffffffffffffff0120ffffffffffffffffff01283f320662696e6172794000380020102a2808f501102018ffffffffffffffffff0120ffffffffffffffffff01282e3207757466386d623440003800	value:2d312e3236		0
CastRealAsJson/unsigned/0	1	08904e1a3908041208400bd70a3d70a3d620002a27080510800118ffffffffffffffffff0120ffffffffffffffffff01283f320662696e6172794000380020102a2808f501102018ffffffffffffffffff0120ffffffffffffffffff01282e3207757466386d623440003800	value:2d312e3236		0
CastRealAsJson/base/1	0	08904e1a3908041208bfe000000000000020002a27080510800118ffffffffffffffffff0120ffffffffffffffffff01283f320662696e6172794000380020102a2808f501100018ffffffffffffffffff0120ffffffffffffffffff01282e3207757466386d623440003800	value:302e35		0
CastRealAsJson/base/1	2	08904e1a3908041208bfe000000000000020002a27080510800118ffffffffffffffffff0120ffffffffffffffffff01283f320662696e6172794000380020102a2808f501100018ffffffffffffffffff0120ffffffffffffffffff01282e3207757466386d623440003800	value:302e35		0
CastRealAsJson/base/1	1	08904e1a3908041208bfe000000000000020002a27080510800118ffffffffffffffffff0120ffffffffffffffffff01283f320662696e6172794000380020102a2808f501100018ffffffffffffffffff0120ffffffffffffffffff01282e3207757466386d623440003800	value:302e35		0
CastRealAsJson/unsigned/1	0	08904e1a3908041208bfe000000000000020002a27080510800118ffffffffffffffffff0120ffffffffffffffffff01283f320662696e6172794000380020102a2808f501102018ffffffffffffffffff0120ffffffffffffffffff01282e3207757466386d623440003800	value:302e35		0
CastRealAsJson/unsigned/1	2	08904e1a3908041208bfe000000000000020002a27080510800118ffffffffffffffffff0120ffffffffffffffffff01283f320662696e6172794000380020102a2808f501102018ffffffffffffffffff0120ffffffffffffffffff01282e3207757466386d623440003800	value:302e35		0
CastRealAsJson/unsigned/1	1	08904e1a3908041208bfe000000000000020002a27080510800118ffffffffffffffffff0120ffffffffffffffffff01283f320662696e6172794000380020102a2808f501102018ffffffffffffffffff0120ffffffffffffffffff01282e3207757466386d623440003800	value:302e35		0
CastRealAsJson/base/2	0	08904e1a3908041208c415af1d78b58c4020002a27080510800118ffffffffffffffffff0120ffffffffffffffffff01283f320662696e6172794000380020102a2808f501100018ffffffffffffffffff0120ffffffffffffffffff01282e3207757466386d623440003800	value:31653230		0
CastRealAsJson/base/2	2	08904e1a3908041208c415af1d78b58c4020002a27080510800118ffffffffffffffffff0120ffffffffffffffffff01283f320662696e6172794000380020102a2808f501100018ffffffffffffffffff0120ffffffffffffffffff01282e3207757466386d623440003800	value:31653230		0
CastRealAsJson/base/2	1	08904e1a3908041208c415af1d78b58c4020002a27080510800118ffffffffffffffffff0120ffffffffffffffffff01283f320662696e6172794000380020102a2808f501100018ffffffffffffffffff0120ffffffffffffffffff01282e3207757466386d623440003800	value:31653230		0
CastRealAsJson/unsigned/2	0	08904e1a3908041208c415af1d78b58c4020002a27080510800118ffffffffffffffffff0120ffffffffffffffffff01283f320662696e6172794000380020102a2808f501102018ffffffffffffffffff0120ffffffffffffffffff01282e3207757466386d623440003800	value:31653230		0
CastRealAsJson/unsigned/2	2	08904e1a3908041208c415af1d78b58c4020002a27080510800118ffffffffffffffffff0120ffffffffffffffffff01283f320662696e6172794000380020102a2808f501102018ffffffffffffffffff0120ffffffffffffffffff01282e3207757466386d623440003800	value:31653230		0
CastRealAsJson/unsigned/2	1	08904e1a3908041208c415af1d78b58c4020002a27080510800118ffffffffffffffffff0120ffffffffffffffffff01283f320662696e6172794000380020102a2808f501102018ffffffffffffffffff0120ffffffffffffffffff01282e3207757466386d623440003800	value:31653230		0
CastDecimalAsInt/base/0	0	08904e1a240866120403027ee520002a1608f601108001180a2002283f320662696e6172794000380020142a1e080810800118ffffffffffffffffff012000283f320662696e61727940003800	value:2d31		0
CastDecimalAsInt/base/0	2	08904e1a240866120403027ee520002a1608f601108001180a2002283f320662696e6172794000380020142a1e080810800118ffffffffffffffffff012000283f320662696e61727940003800	value:2d31		0
CastDecimalAsInt/base/0	1	08904e1a240866120403027ee520002a1608f601108001180a2002283f320662696e6172794000380020142a1e080810800118ffffffffffffffffff012000283f320662696e61727940003800	value:2d31		0
CastDecimalAsInt/unsigned/0	0	08904e1a240866120403027ee520002a1608f601108001180a2002283f320662696e6172794000380020142a1e080810a00118ffffffffffffffffff012000283f320662696e61727940003800	error	5b74797065733a313639305d25732076616c7565206973206f7574206f662072616e676520696e2027257327	0
CastDecimalAsInt/unsigned/0	2	08904e1a240866120403027ee520002a1608f601108001180a2002283f320662696e6172794000380020142a1e080810a00118ffffffffffffffffff012000283f320662696e61727940003800	value:30		1
CastDecimalAsInt/unsigned/0	1	08904e1a240866120403027ee520002a1608f601108001180a2002283f320662696e6172794000380020142a1e080810a00118ffffffffffffffffff012000283f320662696e61727940003800	value:30		0
CastDecimalAsInt/base/1	0	08904e1a230866120301018520002a1608f601108001180a2002283f320662696e6172794000380020142a1e080810800118ffffffffffffffffff012000283f320662696e61727940003800	value:31		0
CastDecimalAsInt/base/1	2	08904e1a230866120301018520002a1608f601108001180a2002283f320662696e6172794000380020142a1e080810800118ffffffffffffffffff012000283f320662696e61727940003800	value:31		0
CastDecimalAsInt/base/1	1	08904e1a230866120301018520002a1608f601108001180a2002283f320662696e6172794000380020142a1e080810800118ffffffffffffffffff012000283f320662696e61727940003800	value:31		0
CastDecimalAsInt/unsigned/1	0	08904e1a230866120301018520002a1608f601108001180a2002283f320662696e6172794000380020142a1e080810a00118ffffffffffffffffff012000283f320662696e61727940003800	value:31		0
CastDecimalAsInt/unsigned/1	2	08904e1a230866120301018520002a1608f601108001180a2002283f320662696e6172794000380020142a1e080810a00118ffffffffffffffffff012000283f320662696e61727940003800	value:31		0
CastDecimalAsInt/unsigned/1	1	08904e1a230866120301018520002a1608f601108001180a2002283f320662696e6172794000380020142a1e080810a00118ffffffffffffffffff012000283f320662696e61727940003800	value:31		0
CastDecimalAsInt/base/2	0	08904e1a26086612060603807b01c820002a1608f601108001180a2002283f320662696e6172794000380020142a1e080810800118ffffffffffffffffff012000283f320662696e61727940003800	value:313233		0
CastDecimalAsInt/base/2	2	08904e1a26086612060603807b01c820002a1608f601108001180a2002283f320662696e6172794000380020142a1e080810800118ffffffffffffffffff012000283f320662696e61727940003800	value:313233		0
CastDecimalAsInt/base/2	1	08904e1a26086612060603807b01c820002a1608f601108001180a2002283f320662696e6172794000380020142a1e080810800118ffffffffffffffffff012000283f320662696e61727940003800	value:313233		0
CastDecimalAsInt/unsigned/2	0	08904e1a26086612060603807b01c820002a1608f601108001180a2002283f320662696e6172794000380020142a1e080810a00118ffffffffffffffffff012000283f320662696e61727940003800	value:313233		0
CastDecimalAsInt/unsigned/2	2	08904e1a26086612060603807b01c820002a1608f601108001180a2002283f320662696e6172794000380020142a1e080810a00118ffffffffffffffffff012000283f320662696e61727940003800	value:313233		0
CastDecimalAsInt/unsigned/2	1	08904e1a26086612060603807b01c820002a1608f601108001180a2002283f320662696e6172794000380020142a1e080810a00118ffffffffffffffffff012000283f320662696e61727940003800	value:313233		0
CastDecimalAsReal/base/0	0	08904e1a240866120403027ee520002a1608f601108001180a2002283f320662696e6172794000380020152a27080510800118ffffffffffffffffff0120ffffffffffffffffff01283f320662696e61727940003800	real:bff428f5c28f5c29		0
CastDecimalAsReal/base/0	2	08904e1a240866120403027ee520002a1608f601108001180a2002283f320662696e6172794000380020152a27080510800118ffffffffffffffffff0120ffffffffffffffffff01283f320662696e61727940003800	real:bff428f5c28f5c29		0
CastDecimalAsReal/base/0	1	08904e1a240866120403027ee520002a1608f601108001180a2002283f320662696e6172794000380020152a27080510800118ffffffffffffffffff0120ffffffffffffffffff01283f320662696e61727940003800	real:bff428f5c28f5c29		0
CastDecimalAsReal/unsigned/0	0	08904e1a240866120403027ee520002a1608f601108001180a2002283f320662696e6172794000380020152a27080510a00118ffffffffffffffffff0120ffffffffffffffffff01283f320662696e61727940003800	real:bff428f5c28f5c29		0
CastDecimalAsReal/unsigned/0	2	08904e1a240866120403027ee520002a1608f601108001180a2002283f320662696e6172794000380020152a27080510a00118ffffffffffffffffff0120ffffffffffffffffff01283f320662696e61727940003800	real:bff428f5c28f5c29		0
CastDecimalAsReal/unsigned/0	1	08904e1a240866120403027ee520002a1608f601108001180a2002283f320662696e6172794000380020152a27080510a00118ffffffffffffffffff0120ffffffffffffffffff01283f320662696e61727940003800	real:bff428f5c28f5c29		0
CastDecimalAsReal/base/1	0	08904e1a230866120301018520002a1608f601108001180a2002283f320662696e6172794000380020152a27080510800118ffffffffffffffffff0120ffffffffffffffffff01283f320662696e61727940003800	real:3fe0000000000000		0
CastDecimalAsReal/base/1	2	08904e1a230866120301018520002a1608f601108001180a2002283f320662696e6172794000380020152a27080510800118ffffffffffffffffff0120ffffffffffffffffff01283f320662696e61727940003800	real:3fe0000000000000		0
CastDecimalAsReal/base/1	1	08904e1a230866120301018520002a1608f601108001180a2002283f320662696e6172794000380020152a27080510800118ffffffffffffffffff0120ffffffffffffffffff01283f320662696e61727940003800	real:3fe0000000000000		0
CastDecimalAsReal/unsigned/1	0	08904e1a230866120301018520002a1608f601108001180a2002283f320662696e6172794000380020152a27080510a00118ffffffffffffffffff0120ffffffffffffffffff01283f320662696e61727940003800	real:3fe0000000000000		0
CastDecimalAsReal/unsigned/1	2	08904e1a230866120301018520002a1608f601108001180a2002283f320662696e6172794000380020152a27080510a00118ffffffffffffffffff0120ffffffffffffffffff01283f320662696e61727940003800	real:3fe0000000000000		0
CastDecimalAsReal/unsigned/1	1	08904e1a230866120301018520002a1608f601108001180a2002283f320662696e6172794000380020152a27080510a00118ffffffffffffffffff0120ffffffffffffffffff01283f320662696e61727940003800	real:3fe0000000000000		0
CastDecimalAsReal/base/2	0	08904e1a26086612060603807b01c820002a1608f601108001180a2002283f320662696e6172794000380020152a27080510800118ffffffffffffffffff0120ffffffffffffffffff01283f320662696e61727940003800	real:405edd2f1a9fbe77		0
CastDecimalAsReal/base/2	2	08904e1a26086612060603807b01c820002a1608f601108001180a2002283f320662696e6172794000380020152a27080510800118ffffffffffffffffff0120ffffffffffffffffff01283f320662696e61727940003800	real:405edd2f1a9fbe77		0
CastDecimalAsReal/base/2	1	08904e1a26086612060603807b01c820002a1608f601108001180a2002283f320662696e6172794000380020152a27080510800118ffffffffffffffffff0120ffffffffffffffffff01283f320662696e61727940003800	real:405edd2f1a9fbe77		0
CastDecimalAsReal/unsigned/2	0	08904e1a26086612060603807b01c820002a1608f601108001180a2002283f320662696e6172794000380020152a27080510a00118ffffffffffffffffff0120ffffffffffffffffff01283f320662696e61727940003800	real:405edd2f1a9fbe77		0
CastDecimalAsReal/unsigned/2	2	08904e1a26086612060603807b01c820002a1608f601108001180a2002283f320662696e6172794000380020152a27080510a00118ffffffffffffffffff0120ffffffffffffffffff01283f320662696e61727940003800	real:405edd2f1a9fbe77		0
CastDecimalAsReal/unsigned/2	1	08904e1a26086612060603807b01c820002a1608f601108001180a2002283f320662696e6172794000380020152a27080510a00118ffffffffffffffffff0120ffffffffffffffffff01283f320662696e61727940003800	real:405edd2f1a9fbe77		0
CastDecimalAsDecimal/base/0	0	08904e1a240866120403027ee520002a1608f601108001180a2002283f320662696e6172794000380020172a1608f601108001180a2002283f320662696e61727940003800	value:2d312e3236		0
CastDecimalAsDecimal/base/0	2	08904e1a240866120403027ee520002a1608f601108001180a2002283f320662696e6172794000380020172a1608f601108001180a2002283f320662696e61727940003800	value:2d312e3236		0
CastDecimalAsDecimal/base/0	1	08904e1a240866120403027ee520002a1608f601108001180a2002283f320662696e6172794000380020172a1608f601108001180a2002283f320662696e61727940003800	value:2d312e3236		0
CastDecimalAsDecimal/unsigned/0	0	08904e1a240866120403027ee520002a1608f601108001180a2002283f320662696e6172794000380020172a1608f60110a001180a2002283f320662696e61727940003800	value:2d302e3030		0
CastDecimalAsDecimal/unsigned/0	2	08904e1a240866120403027ee520002a1608f601108001180a2002283f320662696e6172794000380020172a1608f60110a001180a2002283f320662696e61727940003800	value:2d302e3030		0
CastDecimalAsDecimal/unsigned/0	1	08904e1a240866120403027ee520002a1608f601108001180a2002283f320662696e6172794000380020172a1608f60110a001180a2002283f320662696e61727940003800	value:2d302e3030		0
CastDecimalAsDecimal/base/1	0	08904e1a230866120301018520002a1608f601108001180a2002283f320662696e6172794000380020172a1608f601108001180a2002283f320662696e61727940003800	value:302e3530		0
CastDecimalAsDecimal/base/1	2	08904e1a230866120301018520002a1608f601108001180a2002283f320662696e6172794000380020172a1608f601108001180a2002283f320662696e61727940003800	value:302e3530		0
CastDecimalAsDecimal/base/1	1	08904e1a230866120301018520002a1608f601108001180a2002283f320662696e6172794000380020172a1608f601108001180a2002283f320662696e61727940003800	value:302e3530		0
CastDecimalAsDecimal/unsigned/1	0	08904e1a230866120301018520002a1608f601108001180a2002283f320662696e6172794000380020172a1608f60110a001180a2002283f320662696e61727940003800	value:302e3530		0
CastDecimalAsDecimal/unsigned/1	2	08904e1a230866120301018520002a1608f601108001180a2002283f320662696e6172794000380020172a1608f60110a001180a2002283f320662696e61727940003800	value:302e3530		0
CastDecimalAsDecimal/unsigned/1	1	08904e1a230866120301018520002a1608f601108001180a2002283f320662696e6172794000380020172a1608f60110a001180a2002283f320662696e61727940003800	value:302e3530		0
CastDecimalAsDecimal/base/2	0	08904e1a26086612060603807b01c820002a1608f601108001180a2002283f320662696e6172794000380020172a1608f601108001180a2002283f320662696e61727940003800	value:3132332e3436		1
CastDecimalAsDecimal/base/2	2	08904e1a26086612060603807b01c820002a1608f601108001180a2002283f320662696e6172794000380020172a1608f601108001180a2002283f320662696e61727940003800	value:3132332e3436		1
CastDecimalAsDecimal/base/2	1	08904e1a26086612060603807b01c820002a1608f601108001180a2002283f320662696e6172794000380020172a1608f601108001180a2002283f320662696e61727940003800	value:3132332e3436		1
CastDecimalAsDecimal/unsigned/2	0	08904e1a26086612060603807b01c820002a1608f601108001180a2002283f320662696e6172794000380020172a1608f60110a001180a2002283f320662696e61727940003800	value:3132332e3436		1
CastDecimalAsDecimal/unsigned/2	2	08904e1a26086612060603807b01c820002a1608f601108001180a2002283f320662696e6172794000380020172a1608f60110a001180a2002283f320662696e61727940003800	value:3132332e3436		1
CastDecimalAsDecimal/unsigned/2	1	08904e1a26086612060603807b01c820002a1608f601108001180a2002283f320662696e6172794000380020172a1608f60110a001180a2002283f320662696e61727940003800	value:3132332e3436		1
CastDecimalAsString/base/0	0	08904e1a240866120403027ee520002a1608f601108001180a2002283f320662696e6172794000380020162a2808fd01100018ffffffffffffffffff0120ffffffffffffffffff01282e3207757466386d623440003800	value:2d312e3236		0
CastDecimalAsString/base/0	2	08904e1a240866120403027ee520002a1608f601108001180a2002283f320662696e6172794000380020162a2808fd01100018ffffffffffffffffff0120ffffffffffffffffff01282e3207757466386d623440003800	value:2d312e3236		0
CastDecimalAsString/base/0	1	08904e1a240866120403027ee520002a1608f601108001180a2002283f320662696e6172794000380020162a2808fd01100018ffffffffffffffffff0120ffffffffffffffffff01282e3207757466386d623440003800	value:2d312e3236		0
CastDecimalAsString/unsigned/0	0	08904e1a240866120403027ee520002a1608f601108001180a2002283f320662696e6172794000380020162a2808fd01102018ffffffffffffffffff0120ffffffffffffffffff01282e3207757466386d623440003800	value:2d312e3236		0
CastDecimalAsString/unsigned/0	2	08904e1a240866120403027ee520002a1608f601108001180a2002283f320662696e6172794000380020162a2808fd01102018ffffffffffffffffff0120ffffffffffffffffff01282e3207757466386d623440003800	value:2d312e3236		0
CastDecimalAsString/unsigned/0	1	08904e1a240866120403027ee520002a1608f601108001180a2002283f320662696e6172794000380020162a2808fd01102018ffffffffffffffffff0120ffffffffffffffffff01282e3207757466386d623440003800	value:2d312e3236		0
CastDecimalAsString/base/1	0	08904e1a230866120301018520002a1608f601108001180a2002283f320662696e6172794000380020162a2808fd01100018ffffffffffffffffff0120ffffffffffffffffff01282e3207757466386d623440003800	value:302e3530		0
CastDecimalAsString/base/1	2	08904e1a230866120301018520002a1608f601108001180a2002283f320662696e6172794000380020162a2808fd01100018ffffffffffffffffff0120ffffffffffffffffff01282e3207757466386d623440003800	value:302e3530		0
CastDecimalAsString/base/1	1	08904e1a230866120301018520002a1608f601108001180a2002283f320662696e6172794000380020162a2808fd01100018ffffffffffffffffff0120ffffffffffffffffff01282e3207757466386d623440003800	value:302e3530		0
CastDecimalAsString/unsigned/1	0	08904e1a230866120301018520002a1608f601108001180a2002283f320662696e6172794000380020162a2808fd01102018ffffffffffffffffff0120ffffffffffffffffff01282e3207757466386d623440003800	value:302e3530		0
CastDecimalAsString/unsigned/1	2	08904e1a230866120301018520002a1608f601108001180a2002283f320662696e6172794000380020162a2808fd01102018ffffffffffffffffff0120ffffffffffffffffff01282e3207757466386d623440003800	value:302e3530		0
CastDecimalAsString/unsigned/1	1	08904e1a230866120301018520002a1608f601108001180a2002283f320662696e6172794000380020162a2808fd01102018ffffffffffffffffff0120ffffffffffffffffff01282e3207757466386d623440003800	value:302e3530		0
CastDecimalAsString/base/2	0	08904e1a26086612060603807b01c820002a1608f601108001180a2002283f320662696e6172794000380020162a2808fd01100018ffffffffffffffffff0120ffffffffffffffffff01282e3207757466386d623440003800	value:3132332e343536		0
CastDecimalAsString/base/2	2	08904e1a26086612060603807b01c820002a1608f601108001180a2002283f320662696e6172794000380020162a2808fd01100018ffffffffffffffffff0120ffffffffffffffffff01282e3207757466386d623440003800	value:3132332e343536		0
CastDecimalAsString/base/2	1	08904e1a26086612060603807b01c820002a1608f601108001180a2002283f320662696e6172794000380020162a2808fd01100018ffffffffffffffffff0120ffffffffffffffffff01282e3207757466386d623440003800	value:3132332e343536		0
CastDecimalAsString/unsigned/2	0	08904e1a26086612060603807b01c820002a1608f601108001180a2002283f320662696e6172794000380020162a2808fd01102018ffffffffffffffffff0120ffffffffffffffffff01282e3207757466386d623440003800	value:3132332e343536		0
CastDecimalAsString/unsigned/2	2	08904e1a26086612060603807b01c820002a1608f601108001180a2002283f320662696e6172794000380020162a2808fd01102018ffffffffffffffffff0120ffffffffffffffffff01282e3207757466386d623440003800	value:3132332e343536		0
CastDecimalAsString/unsigned/2	1	08904e1a26086612060603807b01c820002a1608f601108001180a2002283f320662696e6172794000380020162a2808fd01102018ffffffffffffffffff0120ffffffffffffffffff01282e3207757466386d623440003800	value:3132332e343536		0
CastDecimalAsTime/base/0	0	08904e1a240866120403027ee520002a1608f601108001180a2002283f320662696e6172794000380020182a1e080c10800118ffffffffffffffffff012003283f320662696e61727940003800	error	5b74797065733a313239325d496e636f7272656374206461746574696d652076616c75653a20272d312e323627	0
CastDecimalAsTime/base/0	2	08904e1a240866120403027ee520002a1608f601108001180a2002283f320662696e6172794000380020182a1e080c10800118ffffffffffffffffff012003283f320662696e61727940003800	null		1
CastDecimalAsTime/base/0	1	08904e1a240866120403027ee520002a1608f601108001180a2002283f320662696e6172794000380020182a1e080c10800118ffffffffffffffffff012003283f320662696e61727940003800	null		0
CastDecimalAsTime/unsigned/0	0	08904e1a240866120403027ee520002a1608f601108001180a2002283f320662696e6172794000380020182a1e080c10a00118ffffffffffffffffff012003283f320662696e61727940003800	error	5b74797065733a313239325d496e636f7272656374206461746574696d652076616c75653a20272d312e323627	0
CastDecimalAsTime/unsigned/0	2	08904e1a240866120403027ee520002a1608f601108001180a2002283f320662696e6172794000380020182a1e080c10a00118ffffffffffffffffff012003283f320662696e61727940003800	null		1
CastDecimalAsTime/unsigned/0	1	08904e1a240866120403027ee520002a1608f601108001180a2002283f320662696e6172794000380020182a1e080c10a00118ffffffffffffffffff012003283f320662696e61727940003800	null		0
CastDecimalAsTime/base/1	0	08904e1a230866120301018520002a1608f601108001180a2002283f320662696e6172794000380020182a1e080c10800118ffffffffffffffffff012003283f320662696e61727940003800	value:303030302d30302d30302030303a30303a30302e353030		0
CastDecimalAsTime/base/1	2	08904e1a230866120301018520002a1608f601108001180a2002283f320662696e6172794000380020182a1e080c10800118ffffffffffffffffff012003283f320662696e61727940003800	value:303030302d30302d30302030303a30303a30302e353030		0
CastDecimalAsTime/base/1	1	08904e1a230866120301018520002a1608f601108001180a2002283f320662696e6172794000380020182a1e080c10800118ffffffffffffffffff012003283f320662696e61727940003800	value:303030302d30302d30302030303a30303a30302e353030		0
CastDecimalAsTime/unsigned/1	0	08904e1a230866120301018520002a1608f601108001180a2002283f320662696e6172794000380020182a1e080c10a00118ffffffffffffffffff012003283f320662696e61727940003800	value:303030302d30302d30302030303a30303a30302e353030		0
CastDecimalAsTime/unsigned/1	2	08904e1a230866120301018520002a1608f601108001180a2002283f320662696e6172794000380020182a1e080c10a00118ffffffffffffffffff012003283f320662696e61727940003800	value:303030302d30302d30302030303a30303a30302e353030		0
CastDecimalAsTime/unsigned/1	1	08904e1a230866120301018520002a1608f601108001180a2002283f320662696e6172794000380020182a1e080c10a00118ffffffffffffffffff012003283f320662696e61727940003800	value:303030302d30302d30302030303a30303a30302e353030		0
CastDecimalAsTime/base/2	0	08904e1a26086612060603807b01c820002a1608f601108001180a2002283f320662696e6172794000380020182a1e080c10800118ffffffffffffffffff012003283f320662696e61727940003800	value:323030302d30312d32332030303a30303a30302e303030		0
CastDecimalAsTime/base/2	2	08904e1a26086612060603807b01c820002a1608f601108001180a2002283f320662696e6172794000380020182a1e080c10800118ffffffffffffffffff012003283f320662696e61727940003800	value:323030302d30312d32332030303a30303a30302e303030		0
CastDecimalAsTime/base/2	1	08904e1a26086612060603807b01c820002a1608f601108001180a2002283f320662696e6172794000380020182a1e080c10800118ffffffffffffffffff012003283f320662696e61727940003800	value:323030302d30312d32332030303a30303a30302e303030		0
CastDecimalAsTime/unsigned/2	0	08904e1a26086612060603807b01c820002a1608f601108001180a2002283f320662696e6172794000380020182a1e080c10a00118ffffffffffffffffff012003283f320662696e61727940003800	value:323030302d30312d32332030303a30303a30302e303030		0
CastDecimalAsTime/unsigned/2	2	08904e1a26086612060603807b01c820002a1608f601108001180a2002283f320662696e6172794000380020182a1e080c10a00118ffffffffffffffffff012003283f320662696e61727940003800	value:323030302d30312d32332030303a30303a30302e303030		0
CastDecimalAsTime/unsigned/2	1	08904e1a26086612060603807b01c820002a1608f601108001180a2002283f320662696e6172794000380020182a1e080c10a00118ffffffffffffffffff012003283f320662696e61727940003800	value:323030302d30312d32332030303a30303a30302e303030		0
CastDecimalAsTime/timestamp	0	08904e1a240866120403027ee520002a1608f601108001180a2002283f320662696e6172794000380020182a1e080710800118ffffffffffffffffff012003283f320662696e61727940003800	error	5b74797065733a313239325d496e636f7272656374206461746574696d652076616c75653a20272d312e323627	0
CastDecimalAsTime/timestamp	2	08904e1a240866120403027ee520002a1608f601108001180a2002283f320662696e6172794000380020182a1e080710800118ffffffffffffffffff012003283f320662696e61727940003800	null		1
CastDecimalAsTime/timestamp	1	08904e1a240866120403027ee520002a1608f601108001180a2002283f320662696e6172794000380020182a1e080710800118ffffffffffffffffff012003283f320662696e61727940003800	null		0
CastDecimalAsDuration/base/0	0	08904e1a240866120403027ee520002a1608f601108001180a2002283f320662696e6172794000380020192a1e080b10800118ffffffffffffffffff012003283f320662696e61727940003800	value:2d30303a30303a30312e323630		0
CastDecimalAsDuration/base/0	2	08904e1a240866120403027ee520002a1608f601108001180a2002283f320662696e6172794000380020192a1e080b10800118ffffffffffffffffff012003283f320662696e61727940003800	value:2d30303a30303a30312e323630		0
CastDecimalAsDuration/base/0	1	08904e1a240866120403027ee520002a1608f601108001180a2002283f320662696e6172794000380020192a1e080b10800118ffffffffffffffffff012003283f320662696e61727940003800	value:2d30303a30303a30312e323630		0
CastDecimalAsDuration/unsigned/0	0	08904e1a240866120403027ee520002a1608f601108001180a2002283f320662696e6172794000380020192a1e080b10a00118ffffffffffffffffff012003283f320662696e61727940003800	value:2d30303a30303a30312e323630		0
CastDecimalAsDuration/unsigned/0	2	08904e1a240866120403027ee520002a1608f601108001180a2002283f320662696e6172794000380020192a1e080b10a00118ffffffffffffffffff012003283f320662696e61727940003800	value:2d30303a30303a30312e323630		0
CastDecimalAsDuration/unsigned/0	1	08904e1a240866120403027ee520002a1608f601108001180a2002283f320662696e6172794000380020192a1e080b10a00118ffffffffffffffffff012003283f320662696e61727940003800	value:2d30303a30303a30312e323630		0
CastDecimalAsDuration/base/1	0	08904e1a230866120301018520002a1608f601108001180a2002283f320662696e6172794000380020192a1e080b10800118ffffffffffffffffff012003283f320662696e61727940003800	value:30303a30303a30302e353030		0
CastDecimalAsDuration/base/1	2	08904e1a230866120301018520002a1608f601108001180a2002283f320662696e6172794000380020192a1e080b10800118ffffffffffffffffff012003283f320662696e61727940003800	value:30303a30303a30302e353030		0
CastDecimalAsDuration/base/1	1	08904e1a230866120301018520002a1608f601108001180a2002283f320662696e6172794000380020192a1e080b10800118ffffffffffffffffff012003283f320662696e61727940003800	value:30303a30303a30302e353030		0
CastDecimalAsDuration/unsigned/1	0	08904e1a230866120301018520002a1608f601108001180a2002283f320662696e6172794000380020192a1e080b10a00118ffffffffffffffffff012003283f320662696e61727940003800	value:30303a30303a30302e353030		0
CastDecimalAsDuration/unsigned/1	2	08904e1a230866120301018520002a1608f601108001180a2002283f320662696e6172794000380020192a1e080b10a00118ffffffffffffffffff012003283f320662696e61727940003800	value:30303a30303a30302e353030		0
CastDecimalAsDuration/unsigned/1	1	08904e1a230866120301018520002a1608f601108001180a2002283f320662696e6172794000380020192a1e080b10a00118ffffffffffffffffff012003283f320662696e61727940003800	value:30303a30303a30302e353030		0
CastDecimalAsDuration/base/2	0	08904e1a26086612060603807b01c820002a1608f601108001180a2002283f320662696e6172794000380020192a1e080b10800118ffffffffffffffffff012003283f320662696e61727940003800	value:30303a30313a32332e343536		0
CastDecimalAsDuration/base/2	2	08904e1a26086612060603807b01c820002a1608f601108001180a2002283f320662696e6172794000380020192a1e080b10800118ffffffffffffffffff012003283f320662696e61727940003800	value:30303a30313a32332e343536		0
CastDecimalAsDuration/base/2	1	08904e1a26086612060603807b01c820002a1608f601108001180a2002283f320662696e6172794000380020192a1e080b10800118ffffffffffffffffff012003283f320662696e61727940003800	value:30303a30313a32332e343536		0
CastDecimalAsDuration/unsigned/2	0	08904e1a26086612060603807b01c820002a1608f601108001180a2002283f320662696e6172794000380020192a1e080b10a00118ffffffffffffffffff012003283f320662696e61727940003800	value:30303a30313a32332e343536		0
CastDecimalAsDuration/unsigned/2	2	08904e1a26086612060603807b01c820002a1608f601108001180a2002283f320662696e6172794000380020192a1e080b10a00118ffffffffffffffffff012003283f320662696e61727940003800	value:30303a30313a32332e343536		0
CastDecimalAsDuration/unsigned/2	1	08904e1a26086612060603807b01c820002a1608f601108001180a2002283f320662696e6172794000380020192a1e080b10a00118ffffffffffffffffff012003283f320662696e61727940003800	value:30303a30313a32332e343536		0
CastDecimalAsJson/base/0	0	08904e1a240866120403027ee520002a1608f601108001180a2002283f320662696e61727940003800201a2a2808f501100018ffffffffffffffffff0120ffffffffffffffffff01282e3207757466386d623440003800	value:2d312e3236		0
CastDecimalAsJson/base/0	2	08904e1a240866120403027ee520002a1608f601108001180a2002283f320662696e61727940003800201a2a2808f501100018ffffffffffffffffff0120ffffffffffffffffff01282e3207757466386d623440003800	value:2d312e3236		0
CastDecimalAsJson/base/0	1	08904e1a240866120403027ee520002a1608f601108001180a2002283f320662696e61727940003800201a2a2808f501100018ffffffffffffffffff0120ffffffffffffffffff01282e3207757466386d623440003800	value:2d312e3236		0
CastDecimalAsJson/unsigned/0	0	08904e1a240866120403027ee520002a1608f601108001180a2002283f320662696e61727940003800201a2a2808f501102018ffffffffffffffffff0120ffffffffffffffffff01282e3207757466386d623440003800	value:2d312e3236		0
CastDecimalAsJson/unsigned/0	2	08904e1a240866120403027ee520002a1608f601108001180a2002283f320662696e61727940003800201a2a2808f501102018ffffffffffffffffff0120ffffffffffffffffff01282e3207757466386d623440003800	value:2d312e3236		0
CastDecimalAsJson/unsigned/0	1	08904e1a240866120403027ee520002a1608f601108001180a2002283f320662696e61727940003800201a2a2808f501102018ffffffffffffffffff0120ffffffffffffffffff01282e3207757466386d623440003800	value:2d312e3236		0
CastDecimalAsJson/base/1	0	08904e1a230866120301018520002a1608f601108001180a2002283f320662696e61727940003800201a2a2808f501100018ffffffffffffffffff0120ffffffffffffffffff01282e3207757466386d623440003800	value:302e35		0
CastDecimalAsJson/base/1	2	08904e1a230866120301018520002a1608f601108001180a2002283f320662696e61727940003800201a2a2808f501100018ffffffffffffffffff0120ffffffffffffffffff01282e3207757466386d623440003800	value:302e35		0
CastDecimalAsJson/base/1	1	08904e1a230866120301018520002a1608f601108001180a2002283f320662696e61727940003800201a2a2808f501100018ffffffffffffffffff0120ffffffffffffffffff01282e3207757466386d623440003800	value:302e35		0
CastDecimalAsJson/unsigned/1	0	08904e1a230866120301018520002a1608f601108001180a2002283f320662696e61727940003800201a2a2808f501102018ffffffffffffffffff0120ffffffffffffffffff01282e3207757466386d623440003800	value:302e35		0
CastDecimalAsJson/unsigned/1	2	08904e1a230866120301018520002a1608f601108001180a2002283f320662696e61727940003800201a2a2808f501102018ffffffffffffffffff0120ffffffffffffffffff01282e3207757466386d623440003800	value:302e35		0
CastDecimalAsJson/unsigned/1	1	08904e1a230866120301018520002a1608f601108001180a2002283f320662696e61727940003800201a2a2808f501102018ffffffffffffffffff0120ffffffffffffffffff01282e3207757466386d623440003800	value:302e35		0
CastDecimalAsJson/base/2	0	08904e1a26086612060603807b01c820002a1608f601108001180a2002283f320662696e61727940003800201a2a2808f501100018ffffffffffffffffff0120ffffffffffffffffff01282e3207757466386d623440003800	value:3132332e343536		0
CastDecimalAsJson/base/2	2	08904e1a26086612060603807b01c820002a1608f601108001180a2002283f320662696e61727940003800201a2a2808f501100018ffffffffffffffffff0120ffffffffffffffffff01282e3207757466386d623440003800	value:3132332e343536		0
CastDecimalAsJson/base/2	1	08904e1a26086612060603807b01c820002a1608f601108001180a2002283f320662696e61727940003800201a2a2808f501100018ffffffffffffffffff0120ffffffffffffffffff01282e3207757466386d623440003800	value:3132332e343536		0
CastDecimalAsJson/unsigned/2	0	08904e1a26086612060603807b01c820002a1608f601108001180a2002283f320662696e61727940003800201a2a2808f501102018ffffffffffffffffff0120ffffffffffffffffff01282e3207757466386d623440003800	value:3132332e343536		0
CastDecimalAsJson/unsigned/2	2	08904e1a26086612060603807b01c820002a1608f601108001180a2002283f320662696e61727940003800201a2a2808f501102018ffffffffffffffffff0120ffffffffffffffffff01282e3207757466386d623440003800	value:3132332e343536		0
CastDecimalAsJson/unsigned/2	1	08904e1a26086612060603807b01c820002a1608f601108001180a2002283f320662696e61727940003800201a2a2808f501102018ffffffffffffffffff0120ffffffffffffffffff01282e3207757466386d623440003800	value:3132332e343536		0
CastStringAsInt/base/0	0	08904e1a3608051204312e323620002a2808fd01100018ffffffffffffffffff0120ffffffffffffffffff01282e3207757466386d623440003800201e2a1e080810800118ffffffffffffffffff012000283f320662696e61727940003800	error	5b74797065733a313239325d5472756e636174656420696e636f727265637420494e54454745522076616c75653a2027312e323627	0
CastStringAsInt/base/0	2	08904e1a3608051204312e323620002a2808fd01100018ffffffffffffffffff0120ffffffffffffffffff01282e3207757466386d623440003800201e2a1e080810800118ffffffffffffffffff012000283f320662696e61727940003800	value:31		1
CastStringAsInt/base/0	1	08904e1a3608051204312e323620002a2808fd01100018ffffffffffffffffff0120ffffffffffffffffff01282e3207757466386d623440003800201e2a1e080810800118ffffffffffffffffff012000283f320662696e61727940003800	value:31		0
CastStringAsInt/unsigned/0	0	08904e1a3608051204312e323620002a2808fd01100018ffffffffffffffffff0120ffffffffffffffffff01282e3207757466386d623440003800201e2a1e080810a00118ffffffffffffffffff012000283f320662696e61727940003800	error	5b74797065733a313239325d5472756e636174656420696e636f727265637420494e54454745522076616c75653a2027312e323627	0
CastStringAsInt/unsigned/0	2	08904e1a3608051204312e323620002a2808fd01100018ffffffffffffffffff0120ffffffffffffffffff01282e3207757466386d623440003800201e2a1e080810a00118ffffffffffffffffff012000283f320662696e61727940003800	value:31		1
CastStringAsInt/unsigned/0	1	08904e1a3608051204312e323620002a2808fd01100018ffffffffffffffffff0120ffffffffffffffffff01282e3207757466386d623440003800201e2a1e080810a00118ffffffffffffffffff012000283f320662696e61727940003800	value:31		0
CastStringAsInt/base/1	0	08904e1a3908051207696e76616c696420002a2808fd01100018ffffffffffffffffff0120ffffffffffffffffff01282e3207757466386d623440003800201e2a1e080810800118ffffffffffffffffff012000283f320662696e61727940003800	error	5b74797065733a313239325d5472756e636174656420696e636f727265637420494e54454745522076616c75653a2027696e76616c696427	0
CastStringAsInt/base/1	2	08904e1a3908051207696e76616c696420002a2808fd01100018ffffffffffffffffff0120ffffffffffffffffff01282e3207757466386d623440003800201e2a1e080810800118ffffffffffffffffff012000283f320662696e61727940003800	value:30		1
CastStringAsInt/base/1	1	08904e1a3908051207696e76616c696420002a2808fd01100018ffffffffffffffffff0120ffffffffffffffffff01282e3207757466386d623440003800201e2a1e080810800118ffffffffffffffffff012000283f320662696e61727940003800	value:30		0
CastStringAsInt/unsigned/1	0	08904e1a3908051207696e76616c696420002a2808fd01100018ffffffffffffffffff0120ffffffffffffffffff01282e3207757466386d623440003800201e2a1e080810a00118ffffffffffffffffff012000283f320662696e61727940003800	error	5b74797065733a313239325d5472756e636174656420696e636f727265637420494e54454745522076616c75653a2027696e76616c696427	0
CastStringAsInt/unsigned/1	2	08904e1a3908051207696e76616c696420002a2808fd01100018ffffffffffffffffff0120ffffffffffffffffff01282e3207757466386d623440003800201e2a1e080810a00118ffffffffffffffffff012000283f320662696e61727940003800	value:30		1
CastStringAsInt/unsigned/1	1	08904e1a3908051207696e76616c696420002a2808fd01100018ffffffffffffffffff0120ffffffffffffffffff01282e3207757466386d623440003800201e2a1e080810a00118ffffffffffffffffff012000283f320662696e61727940003800	value:30		0
CastStringAsInt/base/2	0	08904e1a4508051213323032342d30312d30322030333a30343a303520002a2808fd01100018ffffffffffffffffff0120ffffffffffffffffff01282e3207757466386d623440003800201e2a1e080810800118ffffffffffffffffff012000283f320662696e61727940003800	error	5b74797065733a313239325d5472756e636174656420696e636f727265637420494e54454745522076616c75653a2027323032342d30312d30322030333a30343a303527	0
CastStringAsInt/base/2	2	08904e1a4508051213323032342d30312d30322030333a30343a303520002a2808fd01100018ffffffffffffffffff0120ffffffffffffffffff01282e3207757466386d623440003800201e2a1e080810800118ffffffffffffffffff012000283f320662696e61727940003800	value:32303234		1
CastStringAsInt/base/2	1	08904e1a4508051213323032342d30312d30322030333a30343a303520002a2808fd01100018ffffffffffffffffff0120ffffffffffffffffff01282e3207757466386d623440003800201e2a1e080810800118ffffffffffffffffff012000283f320662696e61727940003800	value:32303234		0
CastStringAsInt/unsigned/2	0	08904e1a4508051213323032342d30312d30322030333a30343a303520002a2808fd01100018ffffffffffffffffff0120ffffffffffffffffff01282e3207757466386d623440003800201e2a1e080810a00118ffffffffffffffffff012000283f320662696e61727940003800	error	5b74797065733a313239325d5472756e636174656420696e636f727265637420494e54454745522076616c75653a2027323032342d30312d30322030333a30343a303527	0
CastStringAsInt/unsigned/2	2	08904e1a4508051213323032342d30312d30322030333a30343a303520002a2808fd01100018ffffffffffffffffff0120ffffffffffffffffff01282e3207757466386d623440003800201e2a1e080810a00118ffffffffffffffffff012000283f320662696e61727940003800	value:32303234		1
CastStringAsInt/unsigned/2	1	08904e1a4508051213323032342d30312d30322030333a30343a303520002a2808fd01100018ffffffffffffffffff0120ffffffffffffffffff01282e3207757466386d623440003800201e2a1e080810a00118ffffffffffffffffff012000283f320662696e61727940003800	value:32303234		0
CastStringAsInt/base/3	0	08904e1a34080512022d3120002a2808fd01100018ffffffffffffffffff0120ffffffffffffffffff01282e3207757466386d623440003800201e2a1e080810800118ffffffffffffffffff012000283f320662696e61727940003800	value:2d31		0
CastStringAsInt/base/3	2	08904e1a34080512022d3120002a2808fd01100018ffffffffffffffffff0120ffffffffffffffffff01282e3207757466386d623440003800201e2a1e080810800118ffffffffffffffffff012000283f320662696e61727940003800	value:2d31		0
CastStringAsInt/base/3	1	08904e1a34080512022d3120002a2808fd01100018ffffffffffffffffff0120ffffffffffffffffff01282e3207757466386d623440003800201e2a1e080810800118ffffffffffffffffff012000283f320662696e61727940003800	value:2d31		0
CastStringAsInt/unsigned/3	0	08904e1a34080512022d3120002a2808fd01100018ffffffffffffffffff0120ffffffffffffffffff01282e3207757466386d623440003800201e2a1e080810a00118ffffffffffffffffff012000283f320662696e61727940003800	value:3138343436373434303733373039353531363135		1
CastStringAsInt/unsigned/3	2	08904e1a34080512022d3120002a2808fd01100018ffffffffffffffffff0120ffffffffffffffffff01282e3207757466386d623440003800201e2a1e080810a00118ffffffffffffffffff012000283f320662696e61727940003800	value:3138343436373434303733373039353531363135		1
CastStringAsInt/unsigned/3	1	08904e1a34080512022d3120002a2808fd01100018ffffffffffffffffff0120ffffffffffffffffff01282e3207757466386d623440003800201e2a1e080810a00118ffffffffffffffffff012000283f320662696e61727940003800	value:3138343436373434303733373039353531363135		1
CastStringAsInt/base/4	0	08904e1a36080512043165393920002a2808fd01100018ffffffffffffffffff0120ffffffffffffffffff01282e3207757466386d623440003800201e2a1e080810800118ffffffffffffffffff012000283f320662696e61727940003800	error	5b74797065733a313239325d5472756e636174656420696e636f727265637420494e54454745522076616c75653a20273165393927	0
CastStringAsInt/base/4	2	08904e1a36080512043165393920002a2808fd01100018ffffffffffffffffff0120ffffffffffffffffff01282e3207757466386d623440003800201e2a1e080810800118ffffffffffffffffff012000283f320662696e61727940003800	value:31		1
CastStringAsInt/base/4	1	08904e1a36080512043165393920002a2808fd01100018ffffffffffffffffff0120ffffffffffffffffff01282e3207757466386d623440003800201e2a1e080810800118ffffffffffffffffff012000283f320662696e61727940003800	value:31		0
CastStringAsInt/unsigned/4	0	08904e1a36080512043165393920002a2808fd01100018ffffffffffffffffff0120ffffffffffffffffff01282e3207757466386d623440003800201e2a1e080810a00118ffffffffffffffffff012000283f320662696e61727940003800	error	5b74797065733a313239325d5472756e636174656420696e636f727265637420494e54454745522076616c75653a20273165393927	0
CastStringAsInt/unsigned/4	2	08904e1a36080512043165393920002a2808fd01100018ffffffffffffffffff0120ffffffffffffffffff01282e3207757466386d623440003800201e2a1e080810a00118ffffffffffffffffff012000283f320662696e61727940003800	value:31		1
CastStringAsInt/unsigned/4	1	08904e1a36080512043165393920002a2808fd01100018ffffffffffffffffff0120ffffffffffffffffff01282e3207757466386d623440003800201e2a1e080810a00118ffffffffffffffffff012000283f320662696e61727940003800	value:31		0
CastStringAsReal/base/0	0	08904e1a3608051204312e323620002a2808fd01100018ffffffffffffffffff0120ffffffffffffffffff01282e3207757466386d623440003800201f2a27080510800118ffffffffffffffffff0120ffffffffffffffffff01283f320662696e61727940003800	real:3ff428f5c28f5c29		0
CastStringAsReal/base/0	2	08904e1a3608051204312e323620002a2808fd01100018ffffffffffffffffff0120ffffffffffffffffff01282e3207757466386d623440003800201f2a27080510800118ffffffffffffffffff0120ffffffffffffffffff01283f320662696e61727940003800	real:3ff428f5c28f5c29		0
CastStringAsReal/base/0	1	08904e1a3608051204312e323620002a2808fd01100018ffffffffffffffffff0120ffffffffffffffffff01282e3207757466386d623440003800201f2a27080510800118ffffffffffffffffff0120ffffffffffffffffff01283f320662696e61727940003800	real:3ff428f5c28f5c29		0
CastStringAsReal/unsigned/0	0	08904e1a3608051204312e323620002a2808fd01100018ffffffffffffffffff0120ffffffffffffffffff01282e3207757466386d623440003800201f2a27080510a00118ffffffffffffffffff0120ffffffffffffffffff01283f320662696e61727940003800	real:3ff428f5c28f5c29		0
CastStringAsReal/unsigned/0	2	08904e1a3608051204312e323620002a2808fd01100018ffffffffffffffffff0120ffffffffffffffffff01282e3207757466386d623440003800201f2a27080510a00118ffffffffffffffffff0120ffffffffffffffffff01283f320662696e61727940003800	real:3ff428f5c28f5c29		0
CastStringAsReal/unsigned/0	1	08904e1a3608051204312e323620002a2808fd01100018ffffffffffffffffff0120ffffffffffffffffff01282e3207757466386d623440003800201f2a27080510a00118ffffffffffffffffff0120ffffffffffffffffff01283f320662696e61727940003800	real:3ff428f5c28f5c29		0
CastStringAsReal/base/1	0	08904e1a3908051207696e76616c696420002a2808fd01100018ffffffffffffffffff0120ffffffffffffffffff01282e3207757466386d623440003800201f2a27080510800118ffffffffffffffffff0120ffffffffffffffffff01283f320662696e61727940003800	error	5b74797065733a313239325d5472756e636174656420696e636f727265637420444f55424c452076616c75653a2027696e76616c696427	0
CastStringAsReal/base/1	2	08904e1a3908051207696e76616c696420002a2808fd01100018ffffffffffffffffff0120ffffffffffffffffff01282e3207757466386d623440003800201f2a27080510800118ffffffffffffffffff0120ffffffffffffffffff01283f320662696e61727940003800	real:0000000000000000		1
CastStringAsReal/base/1	1	08904e1a3908051207696e76616c696420002a2808fd01100018ffffffffffffffffff0120ffffffffffffffffff01282e3207757466386d623440003800201f2a27080510800118ffffffffffffffffff0120ffffffffffffffffff01283f320662696e61727940003800	real:0000000000000000		0
CastStringAsReal/unsigned/1	0	08904e1a3908051207696e76616c696420002a2808fd01100018ffffffffffffffffff0120ffffffffffffffffff01282e3207757466386d623440003800201f2a27080510a00118ffffffffffffffffff0120ffffffffffffffffff01283f320662696e61727940003800	error	5b74797065733a313239325d5472756e636174656420696e636f727265637420444f55424c452076616c75653a2027696e76616c696427	0
CastStringAsReal/unsigned/1	2	08904e1a3908051207696e76616c696420002a2808fd01100018ffffffffffffffffff0120ffffffffffffffffff01282e3207757466386d623440003800201f2a27080510a00118ffffffffffffffffff0120ffffffffffffffffff01283f320662696e61727940003800	real:0000000000000000		1
CastStringAsReal/unsigned/1	1	08904e1a3908051207696e76616c696420002a2808fd01100018ffffffffffffffffff0120ffffffffffffffffff01282e3207757466386d623440003800201f2a27080510a00118ffffffffffffffffff0120ffffffffffffffffff01283f320662696e61727940003800	real:0000000000000000		0
CastStringAsReal/base/2	0	08904e1a4508051213323032342d30312d30322030333a30343a303520002a2808fd01100018ffffffffffffffffff0120ffffffffffffffffff01282e3207757466386d623440003800201f2a27080510800118ffffffffffffffffff0120ffffffffffffffffff01283f320662696e61727940003800	error	5b74797065733a313239325d5472756e636174656420696e636f727265637420444f55424c452076616c75653a2027323032342d30312d30322030333a30343a303527	0
CastStringAsReal/base/2	2	08904e1a4508051213323032342d30312d30322030333a30343a303520002a2808fd01100018ffffffffffffffffff0120ffffffffffffffffff01282e3207757466386d623440003800201f2a27080510800118ffffffffffffffffff0120ffffffffffffffffff01283f320662696e61727940003800	real:409fa00000000000		1
CastStringAsReal/base/2	1	08904e1a4508051213323032342d30312d30322030333a30343a303520002a2808fd01100018ffffffffffffffffff0120ffffffffffffffffff01282e3207757466386d623440003800201f2a27080510800118ffffffffffffffffff0120ffffffffffffffffff01283f320662696e61727940003800	real:409fa00000000000		0
CastStringAsReal/unsigned/2	0	08904e1a4508051213323032342d30312d30322030333a30343a303520002a2808fd01100018ffffffffffffffffff0120ffffffffffffffffff01282e3207757466386d623440003800201f2a27080510a00118ffffffffffffffffff0120ffffffffffffffffff01283f320662696e61727940003800	error	5b74797065733a313239325d5472756e636174656420696e636f727265637420444f55424c452076616c75653a2027323032342d30312d30322030333a30343a303527	0
CastStringAsReal/unsigned/2	2	08904e1a4508051213323032342d30312d30322030333a30343a303520002a2808fd01100018ffffffffffffffffff0120ffffffffffffffffff01282e3207757466386d623440003800201f2a27080510a00118ffffffffffffffffff0120ffffffffffffffffff01283f320662696e61727940003800	real:409fa00000000000		1
CastStringAsReal/unsigned/2	1	08904e1a4508051213323032342d30312d30322030333a30343a303520002a2808fd01100018ffffffffffffffffff0120ffffffffffffffffff01282e3207757466386d623440003800201f2a27080510a00118ffffffffffffffffff0120ffffffffffffffffff01283f320662696e61727940003800	real:409fa00000000000		0
CastStringAsReal/base/3	0	08904e1a34080512022d3120002a2808fd01100018ffffffffffffffffff0120ffffffffffffffffff01282e3207757466386d623440003800201f2a27080510800118ffffffffffffffffff0120ffffffffffffffffff01283f320662696e61727940003800	real:bff0000000000000		0
CastStringAsReal/base/3	2	08904e1a34080512022d3120002a2808fd01100018ffffffffffffffffff0120ffffffffffffffffff01282e3207757466386d623440003800201f2a27080510800118ffffffffffffffffff0120ffffffffffffffffff01283f320662696e61727940003800	real:bff0000000000000		0
CastStringAsReal/base/3	1	08904e1a34080512022d3120002a2808fd01100018ffffffffffffffffff0120ffffffffffffffffff01282e3207757466386d623440003800201f2a27080510800118ffffffffffffffffff0120ffffffffffffffffff01283f320662696e61727940003800	real:bff0000000000000		0
CastStringAsReal/unsigned/3	0	08904e1a34080512022d3120002a2808fd01100018ffffffffffffffffff0120ffffffffffffffffff01282e3207757466386d623440003800201f2a27080510a00118ffffffffffffffffff0120ffffffffffffffffff01283f320662696e61727940003800	error	5b74797065733a313639305d636f6e7374616e74202d31206f766572666c6f777320646f75626c65	0
CastStringAsReal/unsigned/3	2	08904e1a34080512022d3120002a2808fd01100018ffffffffffffffffff0120ffffffffffffffffff01282e3207757466386d623440003800201f2a27080510a00118ffffffffffffffffff0120ffffffffffffffffff01283f320662696e61727940003800	error	5b74797065733a313639305d636f6e7374616e74202d31206f766572666c6f777320646f75626c65	0
CastStringAsReal/unsigned/3	1	08904e1a34080512022d3120002a2808fd01100018ffffffffffffffffff0120ffffffffffffffffff01282e3207757466386d623440003800201f2a27080510a00118ffffffffffffffffff0120ffffffffffffffffff01283f320662696e61727940003800	error	5b74797065733a313639305d636f6e7374616e74202d31206f766572666c6f777320646f75626c65	0
CastStringAsReal/base/4	0	08904e1a36080512043165393920002a2808fd01100018ffffffffffffffffff0120ffffffffffffffffff01282e3207757466386d623440003800201f2a27080510800118ffffffffffffffffff0120ffffffffffffffffff01283f320662696e61727940003800	real:547d42aea2879f2e		0
CastStringAsReal/base/4	2	08904e1a36080512043165393920002a2808fd01100018ffffffffffffffffff0120ffffffffffffffffff01282e3207757466386d623440003800201f2a27080510800118ffffffffffffffffff0120ffffffffffffffffff01283f320662696e61727940003800	real:547d42aea2879f2e		0
CastStringAsReal/base/4	1	08904e1a36080512043165393920002a2808fd01100018ffffffffffffffffff0120ffffffffffffffffff01282e3207757466386d623440003800201f2a27080510800118ffffffffffffffffff0120ffffffffffffffffff01283f320662696e61727940003800	real:547d42aea2879f2e		0
CastStringAsReal/unsigned/4	0	08904e1a36080512043165393920002a2808fd01100018ffffffffffffffffff0120ffffffffffffffffff01282e3207757466386d623440003800201f2a27080510a00118ffffffffffffffffff0120ffffffffffffffffff01283f320662696e61727940003800	real:547d42aea2879f2e		0
CastStringAsReal/unsigned/4	2	08904e1a36080512043165393920002a2808fd01100018ffffffffffffffffff0120ffffffffffffffffff01282e3207757466386d623440003800201f2a27080510a00118ffffffffffffffffff0120ffffffffffffffffff01283f320662696e61727940003800	real:547d42aea2879f2e		0
CastStringAsReal/unsigned/4	1	08904e1a36080512043165393920002a2808fd01100018ffffffffffffffffff0120ffffffffffffffffff01282e3207757466386d623440003800201f2a27080510a00118ffffffffffffffffff0120ffffffffffffffffff01283f320662696e61727940003800	real:547d42aea2879f2e		0
CastStringAsDecimal/base/0	0	08904e1a3608051204312e323620002a2808fd01100018ffffffffffffffffff0120ffffffffffffffffff01282e3207757466386d62344000380020212a1608f601108001180a2002283f320662696e61727940003800	value:312e3236		0
CastStringAsDecimal/base/0	2	08904e1a3608051204312e323620002a2808fd01100018ffffffffffffffffff0120ffffffffffffffffff01282e3207757466386d62344000380020212a1608f601108001180a2002283f320662696e61727940003800	value:312e3236		0
CastStringAsDecimal/base/0	1	08904e1a3608051204312e323620002a2808fd01100018ffffffffffffffffff0120ffffffffffffffffff01282e3207757466386d62344000380020212a1608f601108001180a2002283f320662696e61727940003800	value:312e3236		0
CastStringAsDecimal/unsigned/0	0	08904e1a3608051204312e323620002a2808fd01100018ffffffffffffffffff0120ffffffffffffffffff01282e3207757466386d62344000380020212a1608f60110a001180a2002283f320662696e61727940003800	value:312e3236		0
CastStringAsDecimal/unsigned/0	2	08904e1a3608051204312e323620002a2808fd01100018ffffffffffffffffff0120ffffffffffffffffff01282e3207757466386d62344000380020212a1608f60110a001180a2002283f320662696e61727940003800	value:312e3236		0
CastStringAsDecimal/unsigned/0	1	08904e1a3608051204312e323620002a2808fd01100018ffffffffffffffffff0120ffffffffffffffffff01282e3207757466386d62344000380020212a1608f60110a001180a2002283f320662696e61727940003800	value:312e3236		0
CastStringAsDecimal/base/1	0	08904e1a3908051207696e76616c696420002a2808fd01100018ffffffffffffffffff0120ffffffffffffffffff01282e3207757466386d62344000380020212a1608f601108001180a2002283f320662696e61727940003800	error	5b74797065733a313239325d5472756e636174656420696e636f727265637420444543494d414c2076616c75653a2027696e76616c696427	0
CastStringAsDecimal/base/1	2	08904e1a3908051207696e76616c696420002a2808fd01100018ffffffffffffffffff0120ffffffffffffffffff01282e3207757466386d62344000380020212a1608f601108001180a2002283f320662696e61727940003800	value:302e3030		1
CastStringAsDecimal/base/1	1	08904e1a3908051207696e76616c696420002a2808fd01100018ffffffffffffffffff0120ffffffffffffffffff01282e3207757466386d62344000380020212a1608f601108001180a2002283f320662696e61727940003800	value:302e3030		0
CastStringAsDecimal/unsigned/1	0	08904e1a3908051207696e76616c696420002a2808fd01100018ffffffffffffffffff0120ffffffffffffffffff01282e3207757466386d62344000380020212a1608f60110a001180a2002283f320662696e61727940003800	error	5b74797065733a313239325d5472756e636174656420696e636f727265637420444543494d414c2076616c75653a2027696e76616c696427	0
CastStringAsDecimal/unsigned/1	2	08904e1a3908051207696e76616c696420002a2808fd01100018ffffffffffffffffff0120ffffffffffffffffff01282e3207757466386d62344000380020212a1608f60110a001180a2002283f320662696e61727940003800	value:302e3030		1
CastStringAsDecimal/unsigned/1	1	08904e1a3908051207696e76616c696420002a2808fd01100018ffffffffffffffffff0120ffffffffffffffffff01282e3207757466386d62344000380020212a1608f60110a001180a2002283f320662696e61727940003800	value:302e3030		0
CastStringAsDecimal/base/2	0	08904e1a4508051213323032342d30312d30322030333a30343a303520002a2808fd01100018ffffffffffffffffff0120ffffffffffffffffff01282e3207757466386d62344000380020212a1608f601108001180a2002283f320662696e61727940003800	error	5b74797065733a313239325d5472756e636174656420696e636f727265637420444543494d414c2076616c75653a2027323032342d30312d30322030333a30343a303527	0
CastStringAsDecimal/base/2	2	08904e1a4508051213323032342d30312d30322030333a30343a303520002a2808fd01100018ffffffffffffffffff0120ffffffffffffffffff01282e3207757466386d62344000380020212a1608f601108001180a2002283f320662696e61727940003800	value:323032342e3030		1
CastStringAsDecimal/base/2	1	08904e1a4508051213323032342d30312d30322030333a30343a303520002a2808fd01100018ffffffffffffffffff0120ffffffffffffffffff01282e3207757466386d62344000380020212a1608f601108001180a2002283f320662696e61727940003800	value:323032342e3030		0
CastStringAsDecimal/unsigned/2	0	08904e1a4508051213323032342d30312d30322030333a30343a303520002a2808fd01100018ffffffffffffffffff0120ffffffffffffffffff01282e3207757466386d62344000380020212a1608f60110a001180a2002283f320662696e61727940003800	error	5b74797065733a313239325d5472756e636174656420696e636f727265637420444543494d414c2076616c75653a2027323032342d30312d30322030333a30343a303527	0
CastStringAsDecimal/unsigned/2	2	08904e1a4508051213323032342d30312d30322030333a30343a303520002a2808fd01100018ffffffffffffffffff0120ffffffffffffffffff01282e3207757466386d62344000380020212a1608f60110a001180a2002283f320662696e61727940003800	value:323032342e3030		1
CastStringAsDecimal/unsigned/2	1	08904e1a4508051213323032342d30312d30322030333a30343a303520002a2808fd01100018ffffffffffffffffff0120ffffffffffffffffff01282e3207757466386d62344000380020212a1608f60110a001180a2002283f320662696e61727940003800	value:323032342e3030		0
CastStringAsDecimal/base/3	0	08904e1a34080512022d3120002a2808fd01100018ffffffffffffffffff0120ffffffffffffffffff01282e3207757466386d62344000380020212a1608f601108001180a2002283f320662696e61727940003800	value:2d312e3030		0
CastStringAsDecimal/base/3	2	08904e1a34080512022d3120002a2808fd01100018ffffffffffffffffff0120ffffffffffffffffff01282e3207757466386d62344000380020212a1608f601108001180a2002283f320662696e61727940003800	value:2d312e3030		0
CastStringAsDecimal/base/3	1	08904e1a34080512022d3120002a2808fd01100018ffffffffffffffffff0120ffffffffffffffffff01282e3207757466386d62344000380020212a1608f601108001180a2002283f320662696e61727940003800	value:2d312e3030		0
CastStringAsDecimal/unsigned/3	0	08904e1a34080512022d3120002a2808fd01100018ffffffffffffffffff0120ffffffffffffffffff01282e3207757466386d62344000380020212a1608f60110a001180a2002283f320662696e61727940003800	value:2d302e3030		0
CastStringAsDecimal/unsigned/3	2	08904e1a34080512022d3120002a2808fd01100018ffffffffffffffffff0120ffffffffffffffffff01282e3207757466386d62344000380020212a1608f60110a001180a2002283f320662696e61727940003800	value:2d302e3030		0
CastStringAsDecimal/unsigned/3	1	08904e1a34080512022d3120002a2808fd01100018ffffffffffffffffff0120ffffffffffffffffff01282e3207757466386d62344000380020212a1608f60110a001180a2002283f320662696e61727940003800	value:2d302e3030		0
CastStringAsDecimal/base/4	0	08904e1a36080512043165393920002a2808fd01100018ffffffffffffffffff0120ffffffffffffffffff01282e3207757466386d62344000380020212a1608f601108001180a2002283f320662696e61727940003800	error	5b74797065733a313639305d25732076616c7565206973206f7574206f662072616e676520696e2027257327	0
CastStringAsDecimal/base/4	2	08904e1a36080512043165393920002a2808fd01100018ffffffffffffffffff0120ffffffffffffffffff01282e3207757466386d62344000380020212a1608f601108001180a2002283f320662696e61727940003800	value:39393939393939392e3939		2
CastStringAsDecimal/base/4	1	08904e1a36080512043165393920002a2808fd01100018ffffffffffffffffff0120ffffffffffffffffff01282e3207757466386d62344000380020212a1608f601108001180a2002283f320662696e61727940003800	value:39393939393939392e3939		0
CastStringAsDecimal/unsigned/4	0	08904e1a36080512043165393920002a2808fd01100018ffffffffffffffffff0120ffffffffffffffffff01282e3207757466386d62344000380020212a1608f60110a001180a2002283f320662696e61727940003800	error	5b74797065733a313639305d25732076616c7565206973206f7574206f662072616e676520696e2027257327	0
CastStringAsDecimal/unsigned/4	2	08904e1a36080512043165393920002a2808fd01100018ffffffffffffffffff0120ffffffffffffffffff01282e3207757466386d62344000380020212a1608f60110a001180a2002283f320662696e61727940003800	value:39393939393939392e3939		2
CastStringAsDecimal/unsigned/4	1	08904e1a36080512043165393920002a2808fd01100018ffffffffffffffffff0120ffffffffffffffffff01282e3207757466386d62344000380020212a1608f60110a001180a2002283f320662696e61727940003800	value:39393939393939392e3939		0
CastStringAsString/base/0	0	08904e1a3608051204312e323620002a2808fd01100018ffffffffffffffffff0120ffffffffffffffffff01282e3207757466386d62344000380020202a2808fd01100018ffffffffffffffffff0120ffffffffffffffffff01282e3207757466386d623440003800	value:312e3236		0
CastStringAsString/base/0	2	08904e1a3608051204312e323620002a2808fd01100018ffffffffffffffffff0120ffffffffffffffffff01282e3207757466386d62344000380020202a2808fd01100018ffffffffffffffffff0120ffffffffffffffffff01282e3207757466386d623440003800	value:312e3236		0
CastStringAsString/base/0	1	08904e1a3608051204312e323620002a2808fd01100018ffffffffffffffffff0120ffffffffffffffffff01282e3207757466386d62344000380020202a2808fd01100018ffffffffffffffffff0120ffffffffffffffffff01282e3207757466386d623440003800	value:312e3236		0
CastStringAsString/unsigned/0	0	08904e1a3608051204312e323620002a2808fd01100018ffffffffffffffffff0120ffffffffffffffffff01282e3207757466386d62344000380020202a2808fd01102018ffffffffffffffffff0120ffffffffffffffffff01282e3207757466386d623440003800	value:312e3236		0
CastStringAsString/unsigned/0	2	08904e1a3608051204312e323620002a2808fd01100018ffffffffffffffffff0120ffffffffffffffffff01282e3207757466386d62344000380020202a2808fd01102018ffffffffffffffffff0120ffffffffffffffffff01282e3207757466386d623440003800	value:312e3236		0
CastStringAsString/unsigned/0	1	08904e1a3608051204312e323620002a2808fd01100018ffffffffffffffffff0120ffffffffffffffffff01282e3207757466386d62344000380020202a2808fd01102018ffffffffffffffffff0120ffffffffffffffffff01282e3207757466386d623440003800	value:312e3236		0
CastStringAsString/base/1	0	08904e1a3908051207696e76616c696420002a2808fd01100018ffffffffffffffffff0120ffffffffffffffffff01282e3207757466386d62344000380020202a2808fd01100018ffffffffffffffffff0120ffffffffffffffffff01282e3207757466386d623440003800	value:696e76616c6964		0
CastStringAsString/base/1	2	08904e1a3908051207696e76616c696420002a2808fd01100018ffffffffffffffffff0120ffffffffffffffffff01282e3207757466386d62344000380020202a2808fd01100018ffffffffffffffffff0120ffffffffffffffffff01282e3207757466386d623440003800	value:696e76616c6964		0
CastStringAsString/base/1	1	08904e1a3908051207696e76616c696420002a2808fd01100018ffffffffffffffffff0120ffffffffffffffffff01282e3207757466386d62344000380020202a2808fd01100018ffffffffffffffffff0120ffffffffffffffffff01282e3207757466386d623440003800	value:696e76616c6964		0
CastStringAsString/unsigned/1	0	08904e1a3908051207696e76616c696420002a2808fd01100018ffffffffffffffffff0120ffffffffffffffffff01282e3207757466386d62344000380020202a2808fd01102018ffffffffffffffffff0120ffffffffffffffffff01282e3207757466386d623440003800	value:696e76616c6964		0
CastStringAsString/unsigned/1	2	08904e1a3908051207696e76616c696420002a2808fd01100018ffffffffffffffffff0120ffffffffffffffffff01282e3207757466386d62344000380020202a2808fd01102018ffffffffffffffffff0120ffffffffffffffffff01282e3207757466386d623440003800	value:696e76616c6964		0
CastStringAsString/unsigned/1	1	08904e1a3908051207696e76616c696420002a2808fd01100018ffffffffffffffffff0120ffffffffffffffffff01282e3207757466386d62344000380020202a2808fd01102018ffffffffffffffffff0120ffffffffffffffffff01282e3207757466386d623440003800	value:696e76616c6964		0
CastStringAsString/base/2	0	08904e1a4508051213323032342d30312d30322030333a30343a303520002a2808fd01100018ffffffffffffffffff0120ffffffffffffffffff01282e3207757466386d62344000380020202a2808fd01100018ffffffffffffffffff0120ffffffffffffffffff01282e3207757466386d623440003800	value:323032342d30312d30322030333a30343a3035		0
CastStringAsString/base/2	2	08904e1a4508051213323032342d30312d30322030333a30343a303520002a2808fd01100018ffffffffffffffffff0120ffffffffffffffffff01282e3207757466386d62344000380020202a2808fd01100018ffffffffffffffffff0120ffffffffffffffffff01282e3207757466386d623440003800	value:323032342d30312d30322030333a30343a3035		0
CastStringAsString/base/2	1	08904e1a4508051213323032342d30312d30322030333a30343a303520002a2808fd01100018ffffffffffffffffff0120ffffffffffffffffff01282e3207757466386d62344000380020202a2808fd01100018ffffffffffffffffff0120ffffffffffffffffff01282e3207757466386d623440003800	value:323032342d30312d30322030333a30343a3035		0
CastStringAsString/unsigned/2	0	08904e1a4508051213323032342d30312d30322030333a30343a303520002a2808fd01100018ffffffffffffffffff0120ffffffffffffffffff01282e3207757466386d62344000380020202a2808fd01102018ffffffffffffffffff0120ffffffffffffffffff01282e3207757466386d623440003800	value:323032342d30312d30322030333a30343a3035		0
CastStringAsString/unsigned/2	2	08904e1a4508051213323032342d30312d30322030333a30343a303520002a2808fd01100018ffffffffffffffffff0120ffffffffffffffffff01282e3207757466386d62344000380020202a2808fd01102018ffffffffffffffffff0120ffffffffffffffffff01282e3207757466386d623440003800	value:323032342d30312d30322030333a30343a3035		0
CastStringAsString/unsigned/2	1	08904e1a4508051213323032342d30312d30322030333a30343a303520002a2808fd01100018ffffffffffffffffff0120ffffffffffffffffff01282e3207757466386d62344000380020202a2808fd01102018ffffffffffffffffff0120ffffffffffffffffff01282e3207757466386d623440003800	value:323032342d30312d30322030333a30343a3035		0
CastStringAsString/base/3	0	08904e1a34080512022d3120002a2808fd01100018ffffffffffffffffff0120ffffffffffffffffff01282e3207757466386d62344000380020202a2808fd01100018ffffffffffffffffff0120ffffffffffffffffff01282e3207757466386d623440003800	value:2d31		0
CastStringAsString/base/3	2	08904e1a34080512022d3120002a2808fd01100018ffffffffffffffffff0120ffffffffffffffffff01282e3207757466386d62344000380020202a2808fd01100018ffffffffffffffffff0120ffffffffffffffffff01282e3207757466386d623440003800	value:2d31		0
CastStringAsString/base/3	1	08904e1a34080512022d3120002a2808fd01100018ffffffffffffffffff0120ffffffffffffffffff01282e3207757466386d62344000380020202a2808fd01100018ffffffffffffffffff0120ffffffffffffffffff01282e3207757466386d623440003800	value:2d31		0
CastStringAsString/unsigned/3	0	08904e1a34080512022d3120002a2808fd01100018ffffffffffffffffff0120ffffffffffffffffff01282e3207757466386d62344000380020202a2808fd01102018ffffffffffffffffff0120ffffffffffffffffff01282e3207757466386d623440003800	value:2d31		0
CastStringAsString/unsigned/3	2	08904e1a34080512022d3120002a2808fd01100018ffffffffffffffffff0120ffffffffffffffffff01282e3207757466386d62344000380020202a2808fd01102018ffffffffffffffffff0120ffffffffffffffffff01282e3207757466386d623440003800	value:2d31		0
CastStringAsString/unsigned/3	1	08904e1a34080512022d3120002a2808fd01100018ffffffffffffffffff0120ffffffffffffffffff01282e3207757466386d62344000380020202a2808fd01102018ffffffffffffffffff0120ffffffffffffffffff01282e3207757466386d623440003800	value:2d31		0
CastStringAsString/base/4	0	08904e1a36080512043165393920002a2808fd01100018ffffffffffffffffff0120ffffffffffffffffff01282e3207757466386d62344000380020202a2808fd01100018ffffffffffffffffff0120ffffffffffffffffff01282e3207757466386d623440003800	value:31653939		0
CastStringAsString/base/4	2	08904e1a36080512043165393920002a2808fd01100018ffffffffffffffffff0120ffffffffffffffffff01282e3207757466386d62344000380020202a2808fd01100018ffffffffffffffffff0120ffffffffffffffffff01282e3207757466386d623440003800	value:31653939		0
CastStringAsString/base/4	1	08904e1a36080512043165393920002a2808fd01100018ffffffffffffffffff0120ffffffffffffffffff01282e3207757466386d62344000380020202a2808fd01100018ffffffffffffffffff0120ffffffffffffffffff01282e3207757466386d623440003800	value:31653939		0
CastStringAsString/unsigned/4	0	08904e1a36080512043165393920002a2808fd01100018ffffffffffffffffff0120ffffffffffffffffff01282e3207757466386d62344000380020202a2808fd01102018ffffffffffffffffff0120ffffffffffffffffff01282e3207757466386d623440003800	value:31653939		0
CastStringAsString/unsigned/4	2	08904e1a36080512043165393920002a2808fd01100018ffffffffffffffffff0120ffffffffffffffffff01282e3207757466386d62344000380020202a2808fd01102018ffffffffffffffffff0120ffffffffffffffffff01282e3207757466386d623440003800	value:31653939		0
CastStringAsString/unsigned/4	1	08904e1a36080512043165393920002a2808fd01100018ffffffffffffffffff0120ffffffffffffffffff01282e3207757466386d62344000380020202a2808fd01102018ffffffffffffffffff0120ffffffffffffffffff01282e3207757466386d623440003800	value:31653939		0
CastStringAsTime/base/0	0	08904e1a3608051204312e323620002a2808fd01100018ffffffffffffffffff0120ffffffffffffffffff01282e3207757466386d62344000380020222a1e080c10800118ffffffffffffffffff012003283f320662696e61727940003800	error	5b74797065733a313239325d496e636f7272656374206461746574696d652076616c75653a2027312e323627	0
CastStringAsTime/base/0	2	08904e1a3608051204312e323620002a2808fd01100018ffffffffffffffffff0120ffffffffffffffffff01282e3207757466386d62344000380020222a1e080c10800118ffffffffffffffffff012003283f320662696e61727940003800	null		1
CastStringAsTime/base/0	1	08904e1a3608051204312e323620002a2808fd01100018ffffffffffffffffff0120ffffffffffffffffff01282e3207757466386d62344000380020222a1e080c10800118ffffffffffffffffff012003283f320662696e61727940003800	null		0
CastStringAsTime/unsigned/0	0	08904e1a3608051204312e323620002a2808fd01100018ffffffffffffffffff0120ffffffffffffffffff01282e3207757466386d62344000380020222a1e080c10a00118ffffffffffffffffff012003283f320662696e61727940003800	error	5b74797065733a313239325d496e636f7272656374206461746574696d652076616c75653a2027312e323627	0
CastStringAsTime/unsigned/0	2	08904e1a3608051204312e323620002a2808fd01100018ffffffffffffffffff0120ffffffffffffffffff01282e3207757466386d62344000380020222a1e080c10a00118ffffffffffffffffff012003283f320662696e61727940003800	null		1
CastStringAsTime/unsigned/0	1	08904e1a3608051204312e323620002a2808fd01100018ffffffffffffffffff0120ffffffffffffffffff01282e3207757466386d62344000380020222a1e080c10a00118ffffffffffffffffff012003283f320662696e61727940003800	null		0
CastStringAsTime/base/1	0	08904e1a3908051207696e76616c696420002a2808fd01100018ffffffffffffffffff0120ffffffffffffffffff01282e3207757466386d62344000380020222a1e080c10800118ffffffffffffffffff012003283f320662696e61727940003800	error	5b74797065733a313239325d496e636f7272656374206461746574696d652076616c75653a2027696e76616c696427	0
CastStringAsTime/base/1	2	08904e1a3908051207696e76616c696420002a2808fd01100018ffffffffffffffffff0120ffffffffffffffffff01282e3207757466386d62344000380020222a1e080c10800118ffffffffffffffffff012003283f320662696e61727940003800	null		1
CastStringAsTime/base/1	1	08904e1a3908051207696e76616c696420002a2808fd01100018ffffffffffffffffff0120ffffffffffffffffff01282e3207757466386d62344000380020222a1e080c10800118ffffffffffffffffff012003283f320662696e61727940003800	null		0
CastStringAsTime/unsigned/1	0	08904e1a3908051207696e76616c696420002a2808fd01100018ffffffffffffffffff0120ffffffffffffffffff01282e3207757466386d62344000380020222a1e080c10a00118ffffffffffffffffff012003283f320662696e61727940003800	error	5b74797065733a313239325d496e636f7272656374206461746574696d652076616c75653a2027696e76616c696427	0
CastStringAsTime/unsigned/1	2	08904e1a3908051207696e76616c696420002a2808fd01100018ffffffffffffffffff0120ffffffffffffffffff01282e3207757466386d62344000380020222a1e080c10a00118ffffffffffffffffff012003283f320662696e61727940003800	null		1
CastStringAsTime/unsigned/1	1	08904e1a3908051207696e76616c696420002a2808fd01100018ffffffffffffffffff0120ffffffffffffffffff01282e3207757466386d62344000380020222a1e080c10a00118ffffffffffffffffff012003283f320662696e61727940003800	null		0
CastStringAsTime/base/2	0	08904e1a4508051213323032342d30312d30322030333a30343a303520002a2808fd01100018ffffffffffffffffff0120ffffffffffffffffff01282e3207757466386d62344000380020222a1e080c10800118ffffffffffffffffff012003283f320662696e61727940003800	value:323032342d30312d30322030333a30343a30352e303030		0
CastStringAsTime/base/2	2	08904e1a4508051213323032342d30312d30322030333a30343a303520002a2808fd01100018ffffffffffffffffff0120ffffffffffffffffff01282e3207757466386d62344000380020222a1e080c10800118ffffffffffffffffff012003283f320662696e61727940003800	value:323032342d30312d30322030333a30343a30352e303030		0
CastStringAsTime/base/2	1	08904e1a4508051213323032342d30312d30322030333a30343a303520002a2808fd01100018ffffffffffffffffff0120ffffffffffffffffff01282e3207757466386d62344000380020222a1e080c10800118ffffffffffffffffff012003283f320662696e61727940003800	value:323032342d30312d30322030333a30343a30352e303030		0
CastStringAsTime/unsigned/2	0	08904e1a4508051213323032342d30312d30322030333a30343a303520002a2808fd01100018ffffffffffffffffff0120ffffffffffffffffff01282e3207757466386d62344000380020222a1e080c10a00118ffffffffffffffffff012003283f320662696e61727940003800	value:323032342d30312d30322030333a30343a30352e303030		0
CastStringAsTime/unsigned/2	2	08904e1a4508051213323032342d30312d30322030333a30343a303520002a2808fd01100018ffffffffffffffffff0120ffffffffffffffffff01282e3207757466386d62344000380020222a1e080c10a00118ffffffffffffffffff012003283f320662696e61727940003800	value:323032342d30312d30322030333a30343a30352e303030		0
CastStringAsTime/unsigned/2	1	08904e1a4508051213323032342d30312d30322030333a30343a303520002a2808fd01100018ffffffffffffffffff0120ffffffffffffffffff01282e3207757466386d62344000380020222a1e080c10a00118ffffffffffffffffff012003283f320662696e61727940003800	value:323032342d30312d30322030333a30343a30352e303030		0
CastStringAsTime/base/3	0	08904e1a34080512022d3120002a2808fd01100018ffffffffffffffffff0120ffffffffffffffffff01282e3207757466386d62344000380020222a1e080c10800118ffffffffffffffffff012003283f320662696e61727940003800	error	5b74797065733a313239325d496e636f7272656374206461746574696d652076616c75653a20272d3127	0
CastStringAsTime/base/3	2	08904e1a34080512022d3120002a2808fd01100018ffffffffffffffffff0120ffffffffffffffffff01282e3207757466386d62344000380020222a1e080c10800118ffffffffffffffffff012003283f320662696e61727940003800	null		1
CastStringAsTime/base/3	1	08904e1a34080512022d3120002a2808fd01100018ffffffffffffffffff0120ffffffffffffffffff01282e3207757466386d62344000380020222a1e080c10800118ffffffffffffffffff012003283f320662696e61727940003800	null		0
CastStringAsTime/unsigned/3	0	08904e1a34080512022d3120002a2808fd01100018ffffffffffffffffff0120ffffffffffffffffff01282e3207757466386d62344000380020222a1e080c10a00118ffffffffffffffffff012003283f320662696e61727940003800	error	5b74797065733a313239325d496e636f7272656374206461746574696d652076616c75653a20272d3127	0
CastStringAsTime/unsigned/3	2	08904e1a34080512022d3120002a2808fd01100018ffffffffffffffffff0120ffffffffffffffffff01282e3207757466386d62344000380020222a1e080c10a00118ffffffffffffffffff012003283f320662696e61727940003800	null		1
CastStringAsTime/unsigned/3	1	08904e1a34080512022d3120002a2808fd01100018ffffffffffffffffff0120ffffffffffffffffff01282e3207757466386d62344000380020222a1e080c10a00118ffffffffffffffffff012003283f320662696e61727940003800	null		0
CastStringAsTime/base/4	0	08904e1a36080512043165393920002a2808fd01100018ffffffffffffffffff0120ffffffffffffffffff01282e3207757466386d62344000380020222a1e080c10800118ffffffffffffffffff012003283f320662696e61727940003800	error	5b74797065733a313239325d496e636f7272656374206461746574696d652076616c75653a20273165393927	0
CastStringAsTime/base/4	2	08904e1a36080512043165393920002a2808fd01100018ffffffffffffffffff0120ffffffffffffffffff01282e3207757466386d62344000380020222a1e080c10800118ffffffffffffffffff012003283f320662696e61727940003800	null		1
CastStringAsTime/base/4	1	08904e1a36080512043165393920002a2808fd01100018ffffffffffffffffff0120ffffffffffffffffff01282e3207757466386d62344000380020222a1e080c10800118ffffffffffffffffff012003283f320662696e61727940003800	null		0
CastStringAsTime/unsigned/4	0	08904e1a36080512043165393920002a2808fd01100018ffffffffffffffffff0120ffffffffffffffffff01282e3207757466386d62344000380020222a1e080c10a00118ffffffffffffffffff012003283f320662696e61727940003800	error	5b74797065733a313239325d496e636f7272656374206461746574696d652076616c75653a20273165393927	0
CastStringAsTime/unsigned/4	2	08904e1a36080512043165393920002a2808fd01100018ffffffffffffffffff0120ffffffffffffffffff01282e3207757466386d62344000380020222a1e080c10a00118ffffffffffffffffff012003283f320662696e61727940003800	null		1
CastStringAsTime/unsigned/4	1	08904e1a36080512043165393920002a2808fd01100018ffffffffffffffffff0120ffffffffffffffffff01282e3207757466386d62344000380020222a1e080c10a00118ffffffffffffffffff012003283f320662696e61727940003800	null		0
CastStringAsTime/timestamp	0	08904e1a3608051204312e323620002a2808fd01100018ffffffffffffffffff0120ffffffffffffffffff01282e3207757466386d62344000380020222a1e080710800118ffffffffffffffffff012003283f320662696e61727940003800	error	5b74797065733a313239325d496e636f7272656374206461746574696d652076616c75653a2027312e323627	0
CastStringAsTime/timestamp	2	08904e1a3608051204312e323620002a2808fd01100018ffffffffffffffffff0120ffffffffffffffffff01282e3207757466386d62344000380020222a1e080710800118ffffffffffffffffff012003283f320662696e61727940003800	null		1
CastStringAsTime/timestamp	1	08904e1a3608051204312e323620002a2808fd01100018ffffffffffffffffff0120ffffffffffffffffff01282e3207757466386d62344000380020222a1e080710800118ffffffffffffffffff012003283f320662696e61727940003800	null		0
CastStringAsDuration/base/0	0	08904e1a3608051204312e323620002a2808fd01100018ffffffffffffffffff0120ffffffffffffffffff01282e3207757466386d62344000380020232a1e080b10800118ffffffffffffffffff012003283f320662696e61727940003800	value:30303a30303a30312e323630		0
CastStringAsDuration/base/0	2	08904e1a3608051204312e323620002a2808fd01100018ffffffffffffffffff0120ffffffffffffffffff01282e3207757466386d62344000380020232a1e080b10800118ffffffffffffffffff012003283f320662696e61727940003800	value:30303a30303a30312e323630		0
CastStringAsDuration/base/0	1	08904e1a3608051204312e323620002a2808fd01100018ffffffffffffffffff0120ffffffffffffffffff01282e3207757466386d62344000380020232a1e080b10800118ffffffffffffffffff012003283f320662696e61727940003800	value:30303a30303a30312e323630		0
CastStringAsDuration/unsigned/0	0	08904e1a3608051204312e323620002a2808fd01100018ffffffffffffffffff0120ffffffffffffffffff01282e3207757466386d62344000380020232a1e080b10a00118ffffffffffffffffff012003283f320662696e61727940003800	value:30303a30303a30312e323630		0
CastStringAsDuration/unsigned/0	2	08904e1a3608051204312e323620002a2808fd01100018ffffffffffffffffff0120ffffffffffffffffff01282e3207757466386d62344000380020232a1e080b10a00118ffffffffffffffffff012003283f320662696e61727940003800	value:30303a30303a30312e323630		0
CastStringAsDuration/unsigned/0	1	08904e1a3608051204312e323620002a2808fd01100018ffffffffffffffffff0120ffffffffffffffffff01282e3207757466386d62344000380020232a1e080b10a00118ffffffffffffffffff012003283f320662696e61727940003800	value:30303a30303a30312e323630		0
CastStringAsDuration/base/1	0	08904e1a3908051207696e76616c696420002a2808fd01100018ffffffffffffffffff0120ffffffffffffffffff01282e3207757466386d62344000380020232a1e080b10800118ffffffffffffffffff012003283f320662696e61727940003800	error	5b74797065733a313239325d5472756e636174656420696e636f72726563742074696d652076616c75653a2027696e76616c696427	0
CastStringAsDuration/base/1	2	08904e1a3908051207696e76616c696420002a2808fd01100018ffffffffffffffffff0120ffffffffffffffffff01282e3207757466386d62344000380020232a1e080b10800118ffffffffffffffffff012003283f320662696e61727940003800	null		1
CastStringAsDuration/base/1	1	08904e1a3908051207696e76616c696420002a2808fd01100018ffffffffffffffffff0120ffffffffffffffffff01282e3207757466386d62344000380020232a1e080b10800118ffffffffffffffffff012003283f320662696e61727940003800	null		0
CastStringAsDuration/unsigned/1	0	08904e1a3908051207696e76616c696420002a2808fd01100018ffffffffffffffffff0120ffffffffffffffffff01282e3207757466386d62344000380020232a1e080b10a00118ffffffffffffffffff012003283f320662696e61727940003800	error	5b74797065733a313239325d5472756e636174656420696e636f72726563742074696d652076616c75653a2027696e76616c696427	0
CastStringAsDuration/unsigned/1	2	08904e1a3908051207696e76616c696420002a2808fd01100018ffffffffffffffffff0120ffffffffffffffffff01282e3207757466386d62344000380020232a1e080b10a00118ffffffffffffffffff012003283f320662696e61727940003800	null		1
CastStringAsDuration/unsigned/1	1	08904e1a3908051207696e76616c696420002a2808fd01100018ffffffffffffffffff0120ffffffffffffffffff01282e3207757466386d62344000380020232a1e080b10a00118ffffffffffffffffff012003283f320662696e61727940003800	null		0
CastStringAsDuration/base/2	0	08904e1a4508051213323032342d30312d30322030333a30343a303520002a2808fd01100018ffffffffffffffffff0120ffffffffffffffffff01282e3207757466386d62344000380020232a1e080b10800118ffffffffffffffffff012003283f320662696e61727940003800	value:30333a30343a30352e303030		0
CastStringAsDuration/base/2	2	08904e1a4508051213323032342d30312d30322030333a30343a303520002a2808fd01100018ffffffffffffffffff0120ffffffffffffffffff01282e3207757466386d62344000380020232a1e080b10800118ffffffffffffffffff012003283f320662696e61727940003800	value:30333a30343a30352e303030		0
CastStringAsDuration/base/2	1	08904e1a4508051213323032342d30312d30322030333a30343a303520002a2808fd01100018ffffffffffffffffff0120ffffffffffffffffff01282e3207757466386d62344000380020232a1e080b10800118ffffffffffffffffff012003283f320662696e61727940003800	value:30333a30343a30352e303030		0
CastStringAsDuration/unsigned/2	0	08904e1a4508051213323032342d30312d30322030333a30343a303520002a2808fd01100018ffffffffffffffffff0120ffffffffffffffffff01282e3207757466386d62344000380020232a1e080b10a00118ffffffffffffffffff012003283f320662696e61727940003800	value:30333a30343a30352e303030		0
CastStringAsDuration/unsigned/2	2	08904e1a4508051213323032342d30312d30322030333a30343a303520002a2808fd01100018ffffffffffffffffff0120ffffffffffffffffff01282e3207757466386d62344000380020232a1e080b10a00118ffffffffffffffffff012003283f320662696e61727940003800	value:30333a30343a30352e303030		0
CastStringAsDuration/unsigned/2	1	08904e1a4508051213323032342d30312d30322030333a30343a303520002a2808fd01100018ffffffffffffffffff0120ffffffffffffffffff01282e3207757466386d62344000380020232a1e080b10a00118ffffffffffffffffff012003283f320662696e61727940003800	value:30333a30343a30352e303030		0
CastStringAsDuration/base/3	0	08904e1a34080512022d3120002a2808fd01100018ffffffffffffffffff0120ffffffffffffffffff01282e3207757466386d62344000380020232a1e080b10800118ffffffffffffffffff012003283f320662696e61727940003800	value:2d30303a30303a30312e303030		0
CastStringAsDuration/base/3	2	08904e1a34080512022d3120002a2808fd01100018ffffffffffffffffff0120ffffffffffffffffff01282e3207757466386d62344000380020232a1e080b10800118ffffffffffffffffff012003283f320662696e61727940003800	value:2d30303a30303a30312e303030		0
CastStringAsDuration/base/3	1	08904e1a34080512022d3120002a2808fd01100018ffffffffffffffffff0120ffffffffffffffffff01282e3207757466386d62344000380020232a1e080b10800118ffffffffffffffffff012003283f320662696e61727940003800	value:2d30303a30303a30312e303030		0
CastStringAsDuration/unsigned/3	0	08904e1a34080512022d3120002a2808fd01100018ffffffffffffffffff0120ffffffffffffffffff01282e3207757466386d62344000380020232a1e080b10a00118ffffffffffffffffff012003283f320662696e61727940003800	value:2d30303a30303a30312e303030		0
CastStringAsDuration/unsigned/3	2	08904e1a34080512022d3120002a2808fd01100018ffffffffffffffffff0120ffffffffffffffffff01282e3207757466386d62344000380020232a1e080b10a00118ffffffffffffffffff012003283f320662696e61727940003800	value:2d30303a30303a30312e303030		0
CastStringAsDuration/unsigned/3	1	08904e1a34080512022d3120002a2808fd01100018ffffffffffffffffff0120ffffffffffffffffff01282e3207757466386d62344000380020232a1e080b10a00118ffffffffffffffffff012003283f320662696e61727940003800	value:2d30303a30303a30312e303030		0
CastStringAsDuration/base/4	0	08904e1a36080512043165393920002a2808fd01100018ffffffffffffffffff0120ffffffffffffffffff01282e3207757466386d62344000380020232a1e080b10800118ffffffffffffffffff012003283f320662696e61727940003800	error	5b74797065733a313239325d5472756e636174656420696e636f72726563742074696d652076616c75653a20273165393927	0
CastStringAsDuration/base/4	2	08904e1a36080512043165393920002a2808fd01100018ffffffffffffffffff0120ffffffffffffffffff01282e3207757466386d62344000380020232a1e080b10800118ffffffffffffffffff012003283f320662696e61727940003800	value:30303a30303a30312e303030		1
CastStringAsDuration/base/4	1	08904e1a36080512043165393920002a2808fd01100018ffffffffffffffffff0120ffffffffffffffffff01282e3207757466386d62344000380020232a1e080b10800118ffffffffffffffffff012003283f320662696e61727940003800	value:30303a30303a30312e303030		0
CastStringAsDuration/unsigned/4	0	08904e1a36080512043165393920002a2808fd01100018ffffffffffffffffff0120ffffffffffffffffff01282e3207757466386d62344000380020232a1e080b10a00118ffffffffffffffffff012003283f320662696e61727940003800	error	5b74797065733a313239325d5472756e636174656420696e636f72726563742074696d652076616c75653a20273165393927	0
CastStringAsDuration/unsigned/4	2	08904e1a36080512043165393920002a2808fd01100018ffffffffffffffffff0120ffffffffffffffffff01282e3207757466386d62344000380020232a1e080b10a00118ffffffffffffffffff012003283f320662696e61727940003800	value:30303a30303a30312e303030		1
CastStringAsDuration/unsigned/4	1	08904e1a36080512043165393920002a2808fd01100018ffffffffffffffffff0120ffffffffffffffffff01282e3207757466386d62344000380020232a1e080b10a00118ffffffffffffffffff012003283f320662696e61727940003800	value:30303a30303a30312e303030		0
CastStringAsJson/base/0	0	08904e1a3608051204312e323620002a2808fd01100018ffffffffffffffffff0120ffffffffffffffffff01282e3207757466386d62344000380020242a2808f501100018ffffffffffffffffff0120ffffffffffffffffff01282e3207757466386d623440003800	value:22312e323622		0
CastStringAsJson/base/0	2	08904e1a3608051204312e323620002a2808fd01100018ffffffffffffffffff0120ffffffffffffffffff01282e3207757466386d62344000380020242a2808f501100018ffffffffffffffffff0120ffffffffffffffffff01282e3207757466386d623440003800	value:22312e323622		0
CastStringAsJson/base/0	1	08904e1a3608051204312e323620002a2808fd01100018ffffffffffffffffff0120ffffffffffffffffff01282e3207757466386d62344000380020242a2808f501100018ffffffffffffffffff0120ffffffffffffffffff01282e3207757466386d623440003800	value:22312e323622		0
CastStringAsJson/unsigned/0	0	08904e1a3608051204312e323620002a2808fd01100018ffffffffffffffffff0120ffffffffffffffffff01282e3207757466386d62344000380020242a2808f501102018ffffffffffffffffff0120ffffffffffffffffff01282e3207757466386d623440003800	value:22312e323622		0
CastStringAsJson/unsigned/0	2	08904e1a3608051204312e323620002a2808fd01100018ffffffffffffffffff0120ffffffffffffffffff01282e3207757466386d62344000380020242a2808f501102018ffffffffffffffffff0120ffffffffffffffffff01282e3207757466386d623440003800	value:22312e323622		0
CastStringAsJson/unsigned/0	1	08904e1a3608051204312e323620002a2808fd01100018ffffffffffffffffff0120ffffffffffffffffff01282e3207757466386d62344000380020242a2808f501102018ffffffffffffffffff0120ffffffffffffffffff01282e3207757466386d623440003800	value:22312e323622		0
CastStringAsJson/base/1	0	08904e1a3908051207696e76616c696420002a2808fd01100018ffffffffffffffffff0120ffffffffffffffffff01282e3207757466386d62344000380020242a2808f501100018ffffffffffffffffff0120ffffffffffffffffff01282e3207757466386d623440003800	value:22696e76616c696422		0
CastStringAsJson/base/1	2	08904e1a3908051207696e76616c696420002a2808fd01100018ffffffffffffffffff0120ffffffffffffffffff01282e3207757466386d62344000380020242a2808f501100018ffffffffffffffffff0120ffffffffffffffffff01282e3207757466386d623440003800	value:22696e76616c696422		0
CastStringAsJson/base/1	1	08904e1a3908051207696e76616c696420002a2808fd01100018ffffffffffffffffff0120ffffffffffffffffff01282e3207757466386d62344000380020242a2808f501100018ffffffffffffffffff0120ffffffffffffffffff01282e3207757466386d623440003800	value:22696e76616c696422		0
CastStringAsJson/unsigned/1	0	08904e1a3908051207696e76616c696420002a2808fd01100018ffffffffffffffffff0120ffffffffffffffffff01282e3207757466386d62344000380020242a2808f501102018ffffffffffffffffff0120ffffffffffffffffff01282e3207757466386d623440003800	value:22696e76616c696422		0
CastStringAsJson/unsigned/1	2	08904e1a3908051207696e76616c696420002a2808fd01100018ffffffffffffffffff0120ffffffffffffffffff01282e3207757466386d62344000380020242a2808f501102018ffffffffffffffffff0120ffffffffffffffffff01282e3207757466386d623440003800	value:22696e76616c696422		0
CastStringAsJson/unsigned/1	1	08904e1a3908051207696e76616c696420002a2808fd01100018ffffffffffffffffff0120ffffffffffffffffff01282e3207757466386d62344000380020242a2808f501102018ffffffffffffffffff0120ffffffffffffffffff01282e3207757466386d623440003800	value:22696e76616c696422		0
CastStringAsJson/base/2	0	08904e1a4508051213323032342d30312d30322030333a30343a303520002a2808fd01100018ffffffffffffffffff0120ffffffffffffffffff01282e3207757466386d62344000380020242a2808f501100018ffffffffffffffffff0120ffffffffffffffffff01282e3207757466386d623440003800	value:22323032342d30312d30322030333a30343a303522		0
CastStringAsJson/base/2	2	08904e1a4508051213323032342d30312d30322030333a30343a303520002a2808fd01100018ffffffffffffffffff0120ffffffffffffffffff01282e3207757466386d62344000380020242a2808f501100018ffffffffffffffffff0120ffffffffffffffffff01282e3207757466386d623440003800	value:22323032342d30312d30322030333a30343a303522		0
CastStringAsJson/base/2	1	08904e1a4508051213323032342d30312d30322030333a30343a303520002a2808fd01100018ffffffffffffffffff0120ffffffffffffffffff01282e3207757466386d62344000380020242a2808f501100018ffffffffffffffffff0120ffffffffffffffffff01282e3207757466386d623440003800	value:22323032342d30312d30322030333a30343a303522		0
CastStringAsJson/unsigned/2	0	08904e1a4508051213323032342d30312d30322030333a30343a303520002a2808fd01100018ffffffffffffffffff0120ffffffffffffffffff01282e3207757466386d62344000380020242a2808f501102018ffffffffffffffffff0120ffffffffffffffffff01282e3207757466386d623440003800	value:22323032342d30312d30322030333a30343a303522		0
CastStringAsJson/unsigned/2	2	08904e1a4508051213323032342d30312d30322030333a30343a303520002a2808fd01100018ffffffffffffffffff0120ffffffffffffffffff01282e3207757466386d62344000380020242a2808f501102018ffffffffffffffffff0120ffffffffffffffffff01282e3207757466386d623440003800	value:22323032342d30312d30322030333a30343a303522		0
CastStringAsJson/unsigned/2	1	08904e1a4508051213323032342d30312d30322030333a30343a303520002a2808fd01100018ffffffffffffffffff0120ffffffffffffffffff01282e3207757466386d62344000380020242a2808f501102018ffffffffffffffffff0120ffffffffffffffffff01282e3207757466386d623440003800	value:22323032342d30312d30322030333a30343a303522		0
CastStringAsJson/base/3	0	08904e1a34080512022d3120002a2808fd01100018ffffffffffffffffff0120ffffffffffffffffff01282e3207757466386d62344000380020242a2808f501100018ffffffffffffffffff0120ffffffffffffffffff01282e3207757466386d623440003800	value:222d3122		0
CastStringAsJson/base/3	2	08904e1a34080512022d3120002a2808fd01100018ffffffffffffffffff0120ffffffffffffffffff01282e3207757466386d62344000380020242a2808f501100018ffffffffffffffffff0120ffffffffffffffffff01282e3207757466386d623440003800	value:222d3122		0
CastStringAsJson/base/3	1	08904e1a34080512022d3120002a2808fd01100018ffffffffffffffffff0120ffffffffffffffffff01282e3207757466386d62344000380020242a2808f501100018ffffffffffffffffff0120ffffffffffffffffff01282e3207757466386d623440003800	value:222d3122		0
CastStringAsJson/unsigned/3	0	08904e1a34080512022d3120002a2808fd01100018ffffffffffffffffff0120ffffffffffffffffff01282e3207757466386d62344000380020242a2808f501102018ffffffffffffffffff0120ffffffffffffffffff01282e3207757466386d623440003800	value:222d3122		0
CastStringAsJson/unsigned/3	2	08904e1a34080512022d3120002a2808fd01100018ffffffffffffffffff0120ffffffffffffffffff01282e3207757466386d62344000380020242a2808f501102018ffffffffffffffffff0120ffffffffffffffffff01282e3207757466386d623440003800	value:222d3122		0
CastStringAsJson/unsigned/3	1	08904e1a34080512022d3120002a2808fd01100018ffffffffffffffffff0120ffffffffffffffffff01282e3207757466386d62344000380020242a2808f501102018ffffffffffffffffff0120ffffffffffffffffff01282e3207757466386d623440003800	value:222d3122		0
CastStringAsJson/base/4	0	08904e1a36080512043165393920002a2808fd01100018ffffffffffffffffff0120ffffffffffffffffff01282e3207757466386d62344000380020242a2808f501100018ffffffffffffffffff0120ffffffffffffffffff01282e3207757466386d623440003800	value:223165393922		0
CastStringAsJson/base/4	2	08904e1a36080512043165393920002a2808fd01100018ffffffffffffffffff0120ffffffffffffffffff01282e3207757466386d62344000380020242a2808f501100018ffffffffffffffffff0120ffffffffffffffffff01282e3207757466386d623440003800	value:223165393922		0
CastStringAsJson/base/4	1	08904e1a36080512043165393920002a2808fd01100018ffffffffffffffffff0120ffffffffffffffffff01282e3207757466386d62344000380020242a2808f501100018ffffffffffffffffff0120ffffffffffffffffff01282e3207757466386d623440003800	value:223165393922		0
CastStringAsJson/unsigned/4	0	08904e1a36080512043165393920002a2808fd01100018ffffffffffffffffff0120ffffffffffffffffff01282e3207757466386d62344000380020242a2808f501102018ffffffffffffffffff0120ffffffffffffffffff01282e3207757466386d623440003800	value:223165393922		0
CastStringAsJson/unsigned/4	2	08904e1a36080512043165393920002a2808fd01100018ffffffffffffffffff0120ffffffffffffffffff01282e3207757466386d62344000380020242a2808f501102018ffffffffffffffffff0120ffffffffffffffffff01282e3207757466386d623440003800	value:223165393922		0
CastStringAsJson/unsigned/4	1	08904e1a36080512043165393920002a2808fd01100018ffffffffffffffffff0120ffffffffffffffffff01282e3207757466386d62344000380020242a2808f501102018ffffffffffffffffff0120ffffffffffffffffff01282e3207757466386d623440003800	value:223165393922		0
CastTimeAsInt/base/0	0	08904e1a30086b120819b244310501e07820002a1e080c10800118ffffffffffffffffff012003283f320662696e6172794000380020282a1e080810800118ffffffffffffffffff012000283f320662696e61727940003800	value:3230323430313032303330343035		0
CastTimeAsInt/base/0	2	08904e1a30086b120819b244310501e07820002a1e080c10800118ffffffffffffffffff012003283f320662696e6172794000380020282a1e080810800118ffffffffffffffffff012000283f320662696e61727940003800	value:3230323430313032303330343035		0
CastTimeAsInt/base/0	1	08904e1a30086b120819b244310501e07820002a1e080c10800118ffffffffffffffffff012003283f320662696e6172794000380020282a1e080810800118ffffffffffffffffff012000283f320662696e61727940003800	value:3230323430313032303330343035		0
CastTimeAsInt/unsigned/0	0	08904e1a30086b120819b244310501e07820002a1e080c10800118ffffffffffffffffff012003283f320662696e6172794000380020282a1e080810a00118ffffffffffffffffff012000283f320662696e61727940003800	value:3230323430313032303330343035		0
CastTimeAsInt/unsigned/0	2	08904e1a30086b120819b244310501e07820002a1e080c10800118ffffffffffffffffff012003283f320662696e6172794000380020282a1e080810a00118ffffffffffffffffff012000283f320662696e61727940003800	value:3230323430313032303330343035		0
CastTimeAsInt/unsigned/0	1	08904e1a30086b120819b244310501e07820002a1e080c10800118ffffffffffffffffff012003283f320662696e6172794000380020282a1e080810a00118ffffffffffffffffff012000283f320662696e61727940003800	value:3230323430313032303330343035		0
CastTimeAsReal/base/0	0	08904e1a30086b120819b244310501e07820002a1e080c10800118ffffffffffffffffff012003283f320662696e6172794000380020292a27080510800118ffffffffffffffffff0120ffffffffffffffffff01283f320662696e61727940003800	real:42b26884177c451f		0
CastTimeAsReal/base/0	2	08904e1a30086b120819b244310501e07820002a1e080c10800118ffffffffffffffffff012003283f320662696e6172794000380020292a27080510800118ffffffffffffffffff0120ffffffffffffffffff01283f320662696e61727940003800	real:42b26884177c451f		0
CastTimeAsReal/base/0	1	08904e1a30086b120819b244310501e07820002a1e080c10800118ffffffffffffffffff012003283f320662696e6172794000380020292a27080510800118ffffffffffffffffff0120ffffffffffffffffff01283f320662696e61727940003800	real:42b26884177c451f		0
CastTimeAsReal/unsigned/0	0	08904e1a30086b120819b244310501e07820002a1e080c10800118ffffffffffffffffff012003283f320662696e6172794000380020292a27080510a00118ffffffffffffffffff0120ffffffffffffffffff01283f320662696e61727940003800	real:42b26884177c451f		0
CastTimeAsReal/unsigned/0	2	08904e1a30086b120819b244310501e07820002a1e080c10800118ffffffffffffffffff012003283f320662696e6172794000380020292a27080510a00118ffffffffffffffffff0120ffffffffffffffffff01283f320662696e61727940003800	real:42b26884177c451f		0
CastTimeAsReal/unsigned/0	1	08904e1a30086b120819b244310501e07820002a1e080c10800118ffffffffffffffffff012003283f320662696e6172794000380020292a27080510a00118ffffffffffffffffff0120ffffffffffffffffff01283f320662696e61727940003800	real:42b26884177c451f		0
CastTimeAsDecimal/base/0	0	08904e1a30086b120819b244310501e07820002a1e080c10800118ffffffffffffffffff012003283f320662696e61727940003800202b2a1608f601108001180a2002283f320662696e61727940003800	error	5b74797065733a313639305d444543494d414c2076616c7565206973206f7574206f662072616e676520696e20272831302c20322927	0
CastTimeAsDecimal/base/0	2	08904e1a30086b120819b244310501e07820002a1e080c10800118ffffffffffffffffff012003283f320662696e61727940003800202b2a1608f601108001180a2002283f320662696e61727940003800	value:39393939393939392e3939		1
CastTimeAsDecimal/base/0	1	08904e1a30086b120819b244310501e07820002a1e080c10800118ffffffffffffffffff012003283f320662696e61727940003800202b2a1608f601108001180a2002283f320662696e61727940003800	value:39393939393939392e3939		0
CastTimeAsDecimal/unsigned/0	0	08904e1a30086b120819b244310501e07820002a1e080c10800118ffffffffffffffffff012003283f320662696e61727940003800202b2a1608f60110a001180a2002283f320662696e61727940003800	error	5b74797065733a313639305d444543494d414c2076616c7565206973206f7574206f662072616e676520696e20272831302c20322927	0
CastTimeAsDecimal/unsigned/0	2	08904e1a30086b120819b244310501e07820002a1e080c10800118ffffffffffffffffff012003283f320662696e61727940003800202b2a1608f60110a001180a2002283f320662696e61727940003800	value:39393939393939392e3939		1
CastTimeAsDecimal/unsigned/0	1	08904e1a30086b120819b244310501e07820002a1e080c10800118ffffffffffffffffff012003283f320662696e61727940003800202b2a1608f60110a001180a2002283f320662696e61727940003800	value:39393939393939392e3939		0
CastTimeAsString/base/0	0	08904e1a30086b120819b244310501e07820002a1e080c10800118ffffffffffffffffff012003283f320662696e61727940003800202a2a2808fd01100018ffffffffffffffffff0120ffffffffffffffffff01282e3207757466386d623440003800	value:323032342d30312d30322030333a30343a30352e313233		0
CastTimeAsString/base/0	2	08904e1a30086b120819b244310501e07820002a1e080c10800118ffffffffffffffffff012003283f320662696e61727940003800202a2a2808fd01100018ffffffffffffffffff0120ffffffffffffffffff01282e3207757466386d623440003800	value:323032342d30312d30322030333a30343a30352e313233		0
CastTimeAsString/base/0	1	08904e1a30086b120819b244310501e07820002a1e080c10800118ffffffffffffffffff012003283f320662696e61727940003800202a2a2808fd01100018ffffffffffffffffff0120ffffffffffffffffff01282e3207757466386d623440003800	value:323032342d30312d30322030333a30343a30352e313233		0
CastTimeAsString/unsigned/0	0	08904e1a30086b120819b244310501e07820002a1e080c10800118ffffffffffffffffff012003283f320662696e61727940003800202a2a2808fd01102018ffffffffffffffffff0120ffffffffffffffffff01282e3207757466386d623440003800	value:323032342d30312d30322030333a30343a30352e313233		0
CastTimeAsString/unsigned/0	2	08904e1a30086b120819b244310501e07820002a1e080c10800118ffffffffffffffffff012003283f320662696e61727940003800202a2a2808fd01102018ffffffffffffffffff0120ffffffffffffffffff01282e3207757466386d623440003800	value:323032342d30312d30322030333a30343a30352e313233		0
CastTimeAsString/unsigned/0	1	08904e1a30086b120819b244310501e07820002a1e080c10800118ffffffffffffffffff012003283f320662696e61727940003800202a2a2808fd01102018ffffffffffffffffff0120ffffffffffffffffff01282e3207757466386d623440003800	value:323032342d30312d30322030333a30343a30352e313233		0
CastTimeAsTime/base/0	0	08904e1a30086b120819b244310501e07820002a1e080c10800118ffffffffffffffffff012003283f320662696e61727940003800202c2a1e080c10800118ffffffffffffffffff012003283f320662696e61727940003800	value:323032342d30312d30322030333a30343a30352e313233		0
CastTimeAsTime/base/0	2	08904e1a30086b120819b244310501e07820002a1e080c10800118ffffffffffffffffff012003283f320662696e61727940003800202c2a1e080c10800118ffffffffffffffffff012003283f320662696e61727940003800	value:323032342d30312d30322030333a30343a30352e313233		0
CastTimeAsTime/base/0	1	08904e1a30086b120819b244310501e07820002a1e080c10800118ffffffffffffffffff012003283f320662696e61727940003800202c2a1e080c10800118ffffffffffffffffff012003283f320662696e61727940003800	value:323032342d30312d30322030333a30343a30352e313233		0
CastTimeAsTime/unsigned/0	0	08904e1a30086b120819b244310501e07820002a1e080c10800118ffffffffffffffffff012003283f320662696e61727940003800202c2a1e080c10a00118ffffffffffffffffff012003283f320662696e61727940003800	value:323032342d30312d30322030333a30343a30352e313233		0
CastTimeAsTime/unsigned/0	2	08904e1a30086b120819b244310501e07820002a1e080c10800118ffffffffffffffffff012003283f320662696e61727940003800202c2a1e080c10a00118ffffffffffffffffff012003283f320662696e61727940003800	value:323032342d30312d30322030333a30343a30352e313233		0
CastTimeAsTime/unsigned/0	1	08904e1a30086b120819b244310501e07820002a1e080c10800118ffffffffffffffffff012003283f320662696e61727940003800202c2a1e080c10a00118ffffffffffffffffff012003283f320662696e61727940003800	value:323032342d30312d30322030333a30343a30352e313233		0
CastTimeAsTime/timestamp	0	08904e1a30086b120819b244310501e07820002a1e080c10800118ffffffffffffffffff012003283f320662696e61727940003800202c2a1e080710800118ffffffffffffffffff012003283f320662696e61727940003800	value:323032342d30312d30322030333a30343a30352e313233		0
CastTimeAsTime/timestamp	2	08904e1a30086b120819b244310501e07820002a1e080c10800118ffffffffffffffffff012003283f320662696e61727940003800202c2a1e080710800118ffffffffffffffffff012003283f320662696e61727940003800	value:323032342d30312d30322030333a30343a30352e313233		0
CastTimeAsTime/timestamp	1	08904e1a30086b120819b244310501e07820002a1e080c10800118ffffffffffffffffff012003283f320662696e61727940003800202c2a1e080710800118ffffffffffffffffff012003283f320662696e61727940003800	value:323032342d30312d30322030333a30343a30352e313233		0
CastTimeAsDuration/base/0	0	08904e1a30086b120819b244310501e07820002a1e080c10800118ffffffffffffffffff012003283f320662696e61727940003800202d2a1e080b10800118ffffffffffffffffff012003283f320662696e61727940003800	value:30333a30343a30352e313233		0
CastTimeAsDuration/base/0	2	08904e1a30086b120819b244310501e07820002a1e080c10800118ffffffffffffffffff012003283f320662696e61727940003800202d2a1e080b10800118ffffffffffffffffff012003283f320662696e61727940003800	value:30333a30343a30352e313233		0
CastTimeAsDuration/base/0	1	08904e1a30086b120819b244310501e07820002a1e080c10800118ffffffffffffffffff012003283f320662696e61727940003800202d2a1e080b10800118ffffffffffffffffff012003283f320662696e61727940003800	value:30333a30343a30352e313233		0
CastTimeAsDuration/unsigned/0	0	08904e1a30086b120819b244310501e07820002a1e080c10800118ffffffffffffffffff012003283f320662696e61727940003800202d2a1e080b10a00118ffffffffffffffffff012003283f320662696e61727940003800	value:30333a30343a30352e313233		0
CastTimeAsDuration/unsigned/0	2	08904e1a30086b120819b244310501e07820002a1e080c10800118ffffffffffffffffff012003283f320662696e61727940003800202d2a1e080b10a00118ffffffffffffffffff012003283f320662696e61727940003800	value:30333a30343a30352e313233		0
CastTimeAsDuration/unsigned/0	1	08904e1a30086b120819b244310501e07820002a1e080c10800118ffffffffffffffffff012003283f320662696e61727940003800202d2a1e080b10a00118ffffffffffffffffff012003283f320662696e61727940003800	value:30333a30343a30352e313233		0
CastTimeAsJson/base/0	0	08904e1a30086b120819b244310501e07820002a1e080c10800118ffffffffffffffffff012003283f320662696e61727940003800202e2a2808f501100018ffffffffffffffffff0120ffffffffffffffffff01282e3207757466386d623440003800	value:22323032342d30312d30322030333a30343a30352e31323330303022		0
CastTimeAsJson/base/0	2	08904e1a30086b120819b244310501e07820002a1e080c10800118ffffffffffffffffff012003283f320662696e61727940003800202e2a2808f501100018ffffffffffffffffff0120ffffffffffffffffff01282e3207757466386d623440003800	value:22323032342d30312d30322030333a30343a30352e31323330303022		0
CastTimeAsJson/base/0	1	08904e1a30086b120819b244310501e07820002a1e080c10800118ffffffffffffffffff012003283f320662696e61727940003800202e2a2808f501100018ffffffffffffffffff0120ffffffffffffffffff01282e3207757466386d623440003800	value:22323032342d30312d30322030333a30343a30352e31323330303022		0
CastTimeAsJson/unsigned/0	0	08904e1a30086b120819b244310501e07820002a1e080c10800118ffffffffffffffffff012003283f320662696e61727940003800202e2a2808f501102018ffffffffffffffffff0120ffffffffffffffffff01282e3207757466386d623440003800	value:22323032342d30312d30322030333a30343a30352e31323330303022		0
CastTimeAsJson/unsigned/0	2	08904e1a30086b120819b244310501e07820002a1e080c10800118ffffffffffffffffff012003283f320662696e61727940003800202e2a2808f501102018ffffffffffffffffff0120ffffffffffffffffff01282e3207757466386d623440003800	value:22323032342d30312d30322030333a30343a30352e31323330303022		0
CastTimeAsJson/unsigned/0	1	08904e1a30086b120819b244310501e07820002a1e080c10800118ffffffffffffffffff012003283f320662696e61727940003800202e2a2808f501102018ffffffffffffffffff0120ffffffffffffffffff01282e3207757466386d623440003800	value:22323032342d30312d30322030333a30343a30352e31323330303022		0
CastDurationAsInt/base/0	0	08904e1a3008671208800000000000000020002a1e080b10800118ffffffffffffffffff012003283f320662696e6172794000380020322a1e080810800118ffffffffffffffffff012000283f320662696e61727940003800	value:30		0
CastDurationAsInt/base/0	2	08904e1a3008671208800000000000000020002a1e080b10800118ffffffffffffffffff012003283f320662696e6172794000380020322a1e080810800118ffffffffffffffffff012000283f320662696e61727940003800	value:30		0
CastDurationAsInt/base/0	1	08904e1a3008671208800000000000000020002a1e080b10800118ffffffffffffffffff012003283f320662696e6172794000380020322a1e080810800118ffffffffffffffffff012000283f320662696e61727940003800	value:30		0
CastDurationAsInt/unsigned/0	0	08904e1a3008671208800000000000000020002a1e080b10800118ffffffffffffffffff012003283f320662696e6172794000380020322a1e080810a00118ffffffffffffffffff012000283f320662696e61727940003800	value:30		0
CastDurationAsInt/unsigned/0	2	08904e1a3008671208800000000000000020002a1e080b10800118ffffffffffffffffff012003283f320662696e6172794000380020322a1e080810a00118ffffffffffffffffff012000283f320662696e61727940003800	value:30		0
CastDurationAsInt/unsigned/0	1	08904e1a3008671208800000000000000020002a1e080b10800118ffffffffffffffffff012003283f320662696e6172794000380020322a1e080810a00118ffffffffffffffffff012000283f320662696e61727940003800	value:30		0
CastDurationAsInt/base/1	0	08904e1a30086712088000000059682f0020002a1e080b10800118ffffffffffffffffff012003283f320662696e6172794000380020322a1e080810800118ffffffffffffffffff012000283f320662696e61727940003800	value:32		0
CastDurationAsInt/base/1	2	08904e1a30086712088000000059682f0020002a1e080b10800118ffffffffffffffffff012003283f320662696e6172794000380020322a1e080810800118ffffffffffffffffff012000283f320662696e61727940003800	value:32		0
CastDurationAsInt/base/1	1	08904e1a30086712088000000059682f0020002a1e080b10800118ffffffffffffffffff012003283f320662696e6172794000380020322a1e080810800118ffffffffffffffffff012000283f320662696e61727940003800	value:32		0
CastDurationAsInt/unsigned/1	0	08904e1a30086712088000000059682f0020002a1e080b10800118ffffffffffffffffff012003283f320662696e6172794000380020322a1e080810a00118ffffffffffffffffff012000283f320662696e61727940003800	value:32		0
CastDurationAsInt/unsigned/1	2	08904e1a30086712088000000059682f0020002a1e080b10800118ffffffffffffffffff012003283f320662696e6172794000380020322a1e080810a00118ffffffffffffffffff012000283f320662696e61727940003800	value:32		0
CastDurationAsInt/unsigned/1	1	08904e1a30086712088000000059682f0020002a1e080b10800118ffffffffffffffffff012003283f320662696e6172794000380020322a1e080810a00118ffffffffffffffffff012000283f320662696e61727940003800	value:32		0
CastDurationAsInt/base/2	0	08904e1a30086712087fffffffa697d10020002a1e080b10800118ffffffffffffffffff012003283f320662696e6172794000380020322a1e080810800118ffffffffffffffffff012000283f320662696e61727940003800	value:2d31		0
CastDurationAsInt/base/2	2	08904e1a30086712087fffffffa697d10020002a1e080b10800118ffffffffffffffffff012003283f320662696e6172794000380020322a1e080810800118ffffffffffffffffff012000283f320662696e61727940003800	value:2d31		0
CastDurationAsInt/base/2	1	08904e1a30086712087fffffffa697d10020002a1e080b10800118ffffffffffffffffff012003283f320662696e6172794000380020322a1e080810800118ffffffffffffffffff012000283f320662696e61727940003800	value:2d31		0
CastDurationAsInt/unsigned/2	0	08904e1a30086712087fffffffa697d10020002a1e080b10800118ffffffffffffffffff012003283f320662696e6172794000380020322a1e080810a00118ffffffffffffffffff012000283f320662696e61727940003800	value:3138343436373434303733373039353531363135		0
CastDurationAsInt/unsigned/2	2	08904e1a30086712087fffffffa697d10020002a1e080b10800118ffffffffffffffffff012003283f320662696e6172794000380020322a1e080810a00118ffffffffffffffffff012000283f320662696e61727940003800	value:3138343436373434303733373039353531363135		0
CastDurationAsInt/unsigned/2	1	08904e1a30086712087fffffffa697d10020002a1e080b10800118ffffffffffffffffff012003283f320662696e6172794000380020322a1e080810a00118ffffffffffffffffff012000283f320662696e61727940003800	value:3138343436373434303733373039353531363135		0
CastDurationAsReal/base/0	0	08904e1a3008671208800000000000000020002a1e080b10800118ffffffffffffffffff012003283f320662696e6172794000380020332a27080510800118ffffffffffffffffff0120ffffffffffffffffff01283f320662696e61727940003800	real:0000000000000000		0
CastDurationAsReal/base/0	2	08904e1a3008671208800000000000000020002a1e080b10800118ffffffffffffffffff012003283f320662696e6172794000380020332a27080510800118ffffffffffffffffff0120ffffffffffffffffff01283f320662696e61727940003800	real:0000000000000000		0
CastDurationAsReal/base/0	1	08904e1a3008671208800000000000000020002a1e080b10800118ffffffffffffffffff012003283f320662696e6172794000380020332a27080510800118ffffffffffffffffff0120ffffffffffffffffff01283f320662696e61727940003800	real:0000000000000000		0
CastDurationAsReal/unsigned/0	0	08904e1a3008671208800000000000000020002a1e080b10800118ffffffffffffffffff012003283f320662696e6172794000380020332a27080510a00118ffffffffffffffffff0120ffffffffffffffffff01283f320662696e61727940003800	real:0000000000000000		0
CastDurationAsReal/unsigned/0	2	08904e1a3008671208800000000000000020002a1e080b10800118ffffffffffffffffff012003283f320662696e6172794000380020332a27080510a00118ffffffffffffffffff0120ffffffffffffffffff01283f320662696e61727940003800	real:0000000000000000		0
CastDurationAsReal/unsigned/0	1	08904e1a3008671208800000000000000020002a1e080b10800118ffffffffffffffffff012003283f320662696e6172794000380020332a27080510a00118ffffffffffffffffff0120ffffffffffffffffff01283f320662696e61727940003800	real:0000000000000000		0
CastDurationAsReal/base/1	0	08904e1a30086712088000000059682f0020002a1e080b10800118ffffffffffffffffff012003283f320662696e6172794000380020332a27080510800118ffffffffffffffffff0120ffffffffffffffffff01283f320662696e61727940003800	real:3ff8000000000000		0
CastDurationAsReal/base/1	2	08904e1a30086712088000000059682f0020002a1e080b10800118ffffffffffffffffff012003283f320662696e6172794000380020332a27080510800118ffffffffffffffffff0120ffffffffffffffffff01283f320662696e61727940003800	real:3ff8000000000000		0
CastDurationAsReal/base/1	1	08904e1a30086712088000000059682f0020002a1e080b10800118ffffffffffffffffff012003283f320662696e6172794000380020332a27080510800118ffffffffffffffffff0120ffffffffffffffffff01283f320662696e61727940003800	real:3ff8000000000000		0
CastDurationAsReal/unsigned/1	0	08904e1a30086712088000000059682f0020002a1e080b10800118ffffffffffffffffff012003283f320662696e6172794000380020332a27080510a00118ffffffffffffffffff0120ffffffffffffffffff01283f320662696e61727940003800	real:3ff8000000000000		0
CastDurationAsReal/unsigned/1	2	08904e1a30086712088000000059682f0020002a1e080b10800118ffffffffffffffffff012003283f320662696e6172794000380020332a27080510a00118ffffffffffffffffff0120ffffffffffffffffff01283f320662696e61727940003800	real:3ff8000000000000		0
CastDurationAsReal/unsigned/1	1	08904e1a30086712088000000059682f0020002a1e080b10800118ffffffffffffffffff012003283f320662696e6172794000380020332a27080510a00118ffffffffffffffffff0120ffffffffffffffffff01283f320662696e61727940003800	real:3ff8000000000000		0
CastDurationAsReal/base/2	0	08904e1a30086712087fffffffa697d10020002a1e080b10800118ffffffffffffffffff012003283f320662696e6172794000380020332a27080510800118ffffffffffffffffff0120ffffffffffffffffff01283f320662696e61727940003800	real:bff8000000000000		0
CastDurationAsReal/base/2	2	08904e1a30086712087fffffffa697d10020002a1e080b10800118ffffffffffffffffff012003283f320662696e6172794000380020332a27080510800118ffffffffffffffffff0120ffffffffffffffffff01283f320662696e61727940003800	real:bff8000000000000		0
CastDurationAsReal/base/2	1	08904e1a30086712087fffffffa697d10020002a1e080b10800118ffffffffffffffffff012003283f320662696e6172794000380020332a27080510800118ffffffffffffffffff0120ffffffffffffffffff01283f320662696e61727940003800	real:bff8000000000000		0
CastDurationAsReal/unsigned/2	0	08904e1a30086712087fffffffa697d10020002a1e080b10800118ffffffffffffffffff012003283f320662696e6172794000380020332a27080510a00118ffffffffffffffffff0120ffffffffffffffffff01283f320662696e61727940003800	real:bff8000000000000		0
CastDurationAsReal/unsigned/2	2	08904e1a30086712087fffffffa697d10020002a1e080b10800118ffffffffffffffffff012003283f320662696e6172794000380020332a27080510a00118ffffffffffffffffff0120ffffffffffffffffff01283f320662696e61727940003800	real:bff8000000000000		0
CastDurationAsReal/unsigned/2	1	08904e1a30086712087fffffffa697d10020002a1e080b10800118ffffffffffffffffff012003283f320662696e6172794000380020332a27080510a00118ffffffffffffffffff0120ffffffffffffffffff01283f320662696e61727940003800	real:bff8000000000000		0
CastDurationAsDecimal/base/0	0	08904e1a3008671208800000000000000020002a1e080b10800118ffffffffffffffffff012003283f320662696e6172794000380020352a1608f601108001180a2002283f320662696e61727940003800	value:302e3030		0
CastDurationAsDecimal/base/0	2	08904e1a3008671208800000000000000020002a1e080b10800118ffffffffffffffffff012003283f320662696e6172794000380020352a1608f601108001180a2002283f320662696e61727940003800	value:302e3030		0
CastDurationAsDecimal/base/0	1	08904e1a3008671208800000000000000020002a1e080b10800118ffffffffffffffffff012003283f320662696e6172794000380020352a1608f601108001180a2002283f320662696e61727940003800	value:302e3030		0
CastDurationAsDecimal/unsigned/0	0	08904e1a3008671208800000000000000020002a1e080b10800118ffffffffffffffffff012003283f320662696e6172794000380020352a1608f60110a001180a2002283f320662696e61727940003800	value:302e3030		0
CastDurationAsDecimal/unsigned/0	2	08904e1a3008671208800000000000000020002a1e080b10800118ffffffffffffffffff012003283f320662696e6172794000380020352a1608f60110a001180a2002283f320662696e61727940003800	value:302e3030		0
CastDurationAsDecimal/unsigned/0	1	08904e1a3008671208800000000000000020002a1e080b10800118ffffffffffffffffff012003283f320662696e6172794000380020352a1608f60110a001180a2002283f320662696e61727940003800	value:302e3030		0
CastDurationAsDecimal/base/1	0	08904e1a30086712088000000059682f0020002a1e080b10800118ffffffffffffffffff012003283f320662696e6172794000380020352a1608f601108001180a2002283f320662696e61727940003800	value:312e3530		0
CastDurationAsDecimal/base/1	2	08904e1a30086712088000000059682f0020002a1e080b10800118ffffffffffffffffff012003283f320662696e6172794000380020352a1608f601108001180a2002283f320662696e61727940003800	value:312e3530		0
CastDurationAsDecimal/base/1	1	08904e1a30086712088000000059682f0020002a1e080b10800118ffffffffffffffffff012003283f320662696e6172794000380020352a1608f601108001180a2002283f320662696e61727940003800	value:312e3530		0
CastDurationAsDecimal/unsigned/1	0	08904e1a30086712088000000059682f0020002a1e080b10800118ffffffffffffffffff012003283f320662696e6172794000380020352a1608f60110a001180a2002283f320662696e61727940003800	value:312e3530		0
CastDurationAsDecimal/unsigned/1	2	08904e1a30086712088000000059682f0020002a1e080b10800118ffffffffffffffffff012003283f320662696e6172794000380020352a1608f60110a001180a2002283f320662696e61727940003800	value:312e3530		0
CastDurationAsDecimal/unsigned/1	1	08904e1a30086712088000000059682f0020002a1e080b10800118ffffffffffffffffff012003283f320662696e6172794000380020352a1608f60110a001180a2002283f320662696e61727940003800	value:312e3530		0
CastDurationAsDecimal/base/2	0	08904e1a30086712087fffffffa697d10020002a1e080b10800118ffffffffffffffffff012003283f320662696e6172794000380020352a1608f601108001180a2002283f320662696e61727940003800	value:2d312e3530		0
CastDurationAsDecimal/base/2	2	08904e1a30086712087fffffffa697d10020002a1e080b10800118ffffffffffffffffff012003283f320662696e6172794000380020352a1608f601108001180a2002283f320662696e61727940003800	value:2d312e3530		0
CastDurationAsDecimal/base/2	1	08904e1a30086712087fffffffa697d10020002a1e080b10800118ffffffffffffffffff012003283f320662696e6172794000380020352a1608f601108001180a2002283f320662696e61727940003800	value:2d312e3530		0
CastDurationAsDecimal/unsigned/2	0	08904e1a30086712087fffffffa697d10020002a1e080b10800118ffffffffffffffffff012003283f320662696e6172794000380020352a1608f60110a001180a2002283f320662696e61727940003800	value:2d302e3030		0
CastDurationAsDecimal/unsigned/2	2	08904e1a30086712087fffffffa697d10020002a1e080b10800118ffffffffffffffffff012003283f320662696e6172794000380020352a1608f60110a001180a2002283f320662696e61727940003800	value:2d302e3030		0
CastDurationAsDecimal/unsigned/2	1	08904e1a30086712087fffffffa697d10020002a1e080b10800118ffffffffffffffffff012003283f320662696e6172794000380020352a1608f60110a001180a2002283f320662696e61727940003800	value:2d302e3030		0
CastDurationAsString/base/0	0	08904e1a3008671208800000000000000020002a1e080b10800118ffffffffffffffffff012003283f320662696e6172794000380020342a2808fd01100018ffffffffffffffffff0120ffffffffffffffffff01282e3207757466386d623440003800	value:30303a30303a30302e303030303030		0
CastDurationAsString/base/0	2	08904e1a3008671208800000000000000020002a1e080b10800118ffffffffffffffffff012003283f320662696e6172794000380020342a2808fd01100018ffffffffffffffffff0120ffffffffffffffffff01282e3207757466386d623440003800	value:30303a30303a30302e303030303030		0
CastDurationAsString/base/0	1	08904e1a3008671208800000000000000020002a1e080b10800118ffffffffffffffffff012003283f320662696e6172794000380020342a2808fd01100018ffffffffffffffffff0120ffffffffffffffffff01282e3207757466386d623440003800	value:30303a30303a30302e303030303030		0
CastDurationAsString/unsigned/0	0	08904e1a3008671208800000000000000020002a1e080b10800118ffffffffffffffffff012003283f320662696e6172794000380020342a2808fd01102018ffffffffffffffffff0120ffffffffffffffffff01282e3207757466386d623440003800	value:30303a30303a30302e303030303030		0
CastDurationAsString/unsigned/0	2	08904e1a3008671208800000000000000020002a1e080b10800118ffffffffffffffffff012003283f320662696e6172794000380020342a2808fd01102018ffffffffffffffffff0120ffffffffffffffffff01282e3207757466386d623440003800	value:30303a30303a30302e303030303030		0
CastDurationAsString/unsigned/0	1	08904e1a3008671208800000000000000020002a1e080b10800118ffffffffffffffffff012003283f320662696e6172794000380020342a2808fd01102018ffffffffffffffffff0120ffffffffffffffffff01282e3207757466386d623440003800	value:30303a30303a30302e303030303030		0
CastDurationAsString/base/1	0	08904e1a30086712088000000059682f0020002a1e080b10800118ffffffffffffffffff012003283f320662696e6172794000380020342a2808fd01100018ffffffffffffffffff0120ffffffffffffffffff01282e3207757466386d623440003800	value:30303a30303a30312e353030303030		0
CastDurationAsString/base/1	2	08904e1a30086712088000000059682f0020002a1e080b10800118ffffffffffffffffff012003283f320662696e6172794000380020342a2808fd01100018ffffffffffffffffff0120ffffffffffffffffff01282e3207757466386d623440003800	value:30303a30303a30312e353030303030		0
CastDurationAsString/base/1	1	08904e1a30086712088000000059682f0020002a1e080b10800118ffffffffffffffffff012003283f320662696e6172794000380020342a2808fd01100018ffffffffffffffffff0120ffffffffffffffffff01282e3207757466386d623440003800	value:30303a30303a30312e353030303030		0
CastDurationAsString/unsigned/1	0	08904e1a30086712088000000059682f0020002a1e080b10800118ffffffffffffffffff012003283f320662696e6172794000380020342a2808fd01102018ffffffffffffffffff0120ffffffffffffffffff01282e3207757466386d623440003800	value:30303a30303a30312e353030303030		0
CastDurationAsString/unsigned/1	2	08904e1a30086712088000000059682f0020002a1e080b10800118ffffffffffffffffff012003283f320662696e6172794000380020342a2808fd01102018ffffffffffffffffff0120ffffffffffffffffff01282e3207757466386d623440003800	value:30303a30303a30312e353030303030		0
CastDurationAsString/unsigned/1	1	08904e1a30086712088000000059682f0020002a1e080b10800118ffffffffffffffffff012003283f320662696e6172794000380020342a2808fd01102018ffffffffffffffffff0120ffffffffffffffffff01282e3207757466386d623440003800	value:30303a30303a30312e353030303030		0
CastDurationAsString/base/2	0	08904e1a30086712087fffffffa697d10020002a1e080b10800118ffffffffffffffffff012003283f320662696e6172794000380020342a2808fd01100018ffffffffffffffffff0120ffffffffffffffffff01282e3207757466386d623440003800	value:2d30303a30303a30312e353030303030		0
CastDurationAsString/base/2	2	08904e1a30086712087fffffffa697d10020002a1e080b10800118ffffffffffffffffff012003283f320662696e6172794000380020342a2808fd01100018ffffffffffffffffff0120ffffffffffffffffff01282e3207757466386d623440003800	value:2d30303a30303a30312e353030303030		0
CastDurationAsString/base/2	1	08904e1a30086712087fffffffa697d10020002a1e080b10800118ffffffffffffffffff012003283f320662696e6172794000380020342a2808fd01100018ffffffffffffffffff0120ffffffffffffffffff01282e3207757466386d623440003800	value:2d30303a30303a30312e353030303030		0
CastDurationAsString/unsigned/2	0	08904e1a30086712087fffffffa697d10020002a1e080b10800118ffffffffffffffffff012003283f320662696e6172794000380020342a2808fd01102018ffffffffffffffffff0120ffffffffffffffffff01282e3207757466386d623440003800	value:2d30303a30303a30312e353030303030		0
CastDurationAsString/unsigned/2	2	08904e1a30086712087fffffffa697d10020002a1e080b10800118ffffffffffffffffff012003283f320662696e6172794000380020342a2808fd01102018ffffffffffffffffff0120ffffffffffffffffff01282e3207757466386d623440003800	value:2d30303a30303a30312e353030303030		0
CastDurationAsString/unsigned/2	1	08904e1a30086712087fffffffa697d10020002a1e080b10800118ffffffffffffffffff012003283f320662696e6172794000380020342a2808fd01102018ffffffffffffffffff0120ffffffffffffffffff01282e3207757466386d623440003800	value:2d30303a30303a30312e353030303030		0
CastDurationAsTime/base/0	0	08904e1a3008671208800000000000000020002a1e080b10800118ffffffffffffffffff012003283f320662696e6172794000380020362a1e080c10800118ffffffffffffffffff012003283f320662696e61727940003800	value:323032362d30392d32382030303a30303a30302e303030		0
CastDurationAsTime/base/0	2	08904e1a3008671208800000000000000020002a1e080b10800118ffffffffffffffffff012003283f320662696e6172794000380020362a1e080c10800118ffffffffffffffffff012003283f320662696e61727940003800	value:323032362d30392d32382030303a30303a30302e303030		0
CastDurationAsTime/base/0	1	08904e1a3008671208800000000000000020002a1e080b10800118ffffffffffffffffff012003283f320662696e6172794000380020362a1e080c10800118ffffffffffffffffff012003283f320662696e61727940003800	value:323032362d30392d32382030303a30303a30302e303030		0
CastDurationAsTime/unsigned/0	0	08904e1a3008671208800000000000000020002a1e080b10800118ffffffffffffffffff012003283f320662696e6172794000380020362a1e080c10a00118ffffffffffffffffff012003283f320662696e61727940003800	value:323032362d30392d32382030303a30303a30302e303030		0
CastDurationAsTime/unsigned/0	2	08904e1a3008671208800000000000000020002a1e080b10800118ffffffffffffffffff012003283f320662696e6172794000380020362a1e080c10a00118ffffffffffffffffff012003283f320662696e61727940003800	value:323032362d30392d32382030303a30303a30302e303030		0
CastDurationAsTime/unsigned/0	1	08904e1a3008671208800000000000000020002a1e080b10800118ffffffffffffffffff012003283f320662696e6172794000380020362a1e080c10a00118ffffffffffffffffff012003283f320662696e61727940003800	value:323032362d30392d32382030303a30303a30302e303030		0
CastDurationAsTime/base/1	0	08904e1a30086712088000000059682f0020002a1e080b10800118ffffffffffffffffff012003283f320662696e6172794000380020362a1e080c10800118ffffffffffffffffff012003283f320662696e61727940003800	value:323032362d30392d32382030303a30303a30312e353030		0
CastDurationAsTime/base/1	2	08904e1a30086712088000000059682f0020002a1e080b10800118ffffffffffffffffff012003283f320662696e6172794000380020362a1e080c10800118ffffffffffffffffff012003283f320662696e61727940003800	value:323032362d30392d32382030303a30303a30312e353030		0
CastDurationAsTime/base/1	1	08904e1a30086712088000000059682f0020002a1e080b10800118ffffffffffffffffff012003283f320662696e6172794000380020362a1e080c10800118ffffffffffffffffff012003283f320662696e61727940003800	value:323032362d30392d32382030303a30303a30312e353030		0
CastDurationAsTime/unsigned/1	0	08904e1a30086712088000000059682f0020002a1e080b10800118ffffffffffffffffff012003283f320662696e6172794000380020362a1e080c10a00118ffffffffffffffffff012003283f320662696e61727940003800	value:323032362d30392d32382030303a30303a30312e353030		0
CastDurationAsTime/unsigned/1	2	08904e1a30086712088000000059682f0020002a1e080b10800118ffffffffffffffffff012003283f320662696e6172794000380020362a1e080c10a00118ffffffffffffffffff012003283f320662696e61727940003800	value:323032362d30392d32382030303a30303a30312e353030		0
CastDurationAsTime/unsigned/1	1	08904e1a30086712088000000059682f0020002a1e080b10800118ffffffffffffffffff012003283f320662696e6172794000380020362a1e080c10a00118ffffffffffffffffff012003283f320662696e61727940003800	value:323032362d30392d32382030303a30303a30312e353030		0
CastDurationAsTime/base/2	0	08904e1a30086712087fffffffa697d10020002a1e080b10800118ffffffffffffffffff012003283f320662696e6172794000380020362a1e080c10800118ffffffffffffffffff012003283f320662696e61727940003800	value:323032362d30392d32372032333a35393a35382e353030		0
CastDurationAsTime/base/2	2	08904e1a30086712087fffffffa697d10020002a1e080b10800118ffffffffffffffffff012003283f320662696e6172794000380020362a1e080c10800118ffffffffffffffffff012003283f320662696e61727940003800	value:323032362d30392d32372032333a35393a35382e353030		0
CastDurationAsTime/base/2	1	08904e1a30086712087fffffffa697d10020002a1e080b10800118ffffffffffffffffff012003283f320662696e6172794000380020362a1e080c10800118ffffffffffffffffff012003283f320662696e61727940003800	value:323032362d30392d32372032333a35393a35382e353030		0
CastDurationAsTime/unsigned/2	0	08904e1a30086712087fffffffa697d10020002a1e080b10800118ffffffffffffffffff012003283f320662696e6172794000380020362a1e080c10a00118ffffffffffffffffff012003283f320662696e61727940003800	value:323032362d30392d32372032333a35393a35382e353030		0
CastDurationAsTime/unsigned/2	2	08904e1a30086712087fffffffa697d10020002a1e080b10800118ffffffffffffffffff012003283f320662696e6172794000380020362a1e080c10a00118ffffffffffffffffff012003283f320662696e61727940003800	value:323032362d30392d32372032333a35393a35382e353030		0
CastDurationAsTime/unsigned/2	1	08904e1a30086712087fffffffa697d10020002a1e080b10800118ffffffffffffffffff012003283f320662696e6172794000380020362a1e080c10a00118ffffffffffffffffff012003283f320662696e61727940003800	value:323032362d30392d32372032333a35393a35382e353030		0
CastDurationAsTime/timestamp	0	08904e1a3008671208800000000000000020002a1e080b10800118ffffffffffffffffff012003283f320662696e6172794000380020362a1e080710800118ffffffffffffffffff012003283f320662696e61727940003800	value:323032362d30392d32382030303a30303a30302e303030		0
CastDurationAsTime/timestamp	2	08904e1a3008671208800000000000000020002a1e080b10800118ffffffffffffffffff012003283f320662696e6172794000380020362a1e080710800118ffffffffffffffffff012003283f320662696e61727940003800	value:323032362d30392d32382030303a30303a30302e303030		0
CastDurationAsTime/timestamp	1	08904e1a3008671208800000000000000020002a1e080b10800118ffffffffffffffffff012003283f320662696e6172794000380020362a1e080710800118ffffffffffffffffff012003283f320662696e61727940003800	value:323032362d30392d32382030303a30303a30302e303030		0
CastDurationAsDuration/base/0	0	08904e1a3008671208800000000000000020002a1e080b10800118ffffffffffffffffff012003283f320662696e6172794000380020372a1e080b10800118ffffffffffffffffff012003283f320662696e61727940003800	value:30303a30303a30302e303030		0
CastDurationAsDuration/base/0	2	08904e1a3008671208800000000000000020002a1e080b10800118ffffffffffffffffff012003283f320662696e6172794000380020372a1e080b10800118ffffffffffffffffff012003283f320662696e61727940003800	value:30303a30303a30302e303030		0
CastDurationAsDuration/base/0	1	08904e1a3008671208800000000000000020002a1e080b10800118ffffffffffffffffff012003283f320662696e6172794000380020372a1e080b10800118ffffffffffffffffff012003283f320662696e61727940003800	value:30303a30303a30302e303030		0
CastDurationAsDuration/unsigned/0	0	08904e1a3008671208800000000000000020002a1e080b10800118ffffffffffffffffff012003283f320662696e6172794000380020372a1e080b10a00118ffffffffffffffffff012003283f320662696e61727940003800	value:30303a30303a30302e303030		0
CastDurationAsDuration/unsigned/0	2	08904e1a3008671208800000000000000020002a1e080b10800118ffffffffffffffffff012003283f320662696e6172794000380020372a1e080b10a00118ffffffffffffffffff012003283f320662696e61727940003800	value:30303a30303a30302e303030		0
CastDurationAsDuration/unsigned/0	1	08904e1a3008671208800000000000000020002a1e080b10800118ffffffffffffffffff012003283f320662696e6172794000380020372a1e080b10a00118ffffffffffffffffff012003283f320662696e61727940003800	value:30303a30303a30302e303030		0
CastDurationAsDuration/base/1	0	08904e1a30086712088000000059682f0020002a1e080b10800118ffffffffffffffffff012003283f320662696e6172794000380020372a1e080b10800118ffffffffffffffffff012003283f320662696e61727940003800	value:30303a30303a30312e353030		0
CastDurationAsDuration/base/1	2	08904e1a30086712088000000059682f0020002a1e080b10800118ffffffffffffffffff012003283f320662696e6172794000380020372a1e080b10800118ffffffffffffffffff012003283f320662696e61727940003800	value:30303a30303a30312e353030		0
CastDurationAsDuration/base/1	1	08904e1a30086712088000000059682f0020002a1e080b10800118ffffffffffffffffff012003283f320662696e6172794000380020372a1e080b10800118ffffffffffffffffff012003283f320662696e61727940003800	value:30303a30303a30312e353030		0
CastDurationAsDuration/unsigned/1	0	08904e1a30086712088000000059682f0020002a1e080b10800118ffffffffffffffffff012003283f320662696e6172794000380020372a1e080b10a00118ffffffffffffffffff012003283f320662696e61727940003800	value:30303a30303a30312e353030		0
CastDurationAsDuration/unsigned/1	2	08904e1a30086712088000000059682f0020002a1e080b10800118ffffffffffffffffff012003283f320662696e6172794000380020372a1e080b10a00118ffffffffffffffffff012003283f320662696e61727940003800	value:30303a30303a30312e353030		0
CastDurationAsDuration/unsigned/1	1	08904e1a30086712088000000059682f0020002a1e080b10800118ffffffffffffffffff012003283f320662696e6172794000380020372a1e080b10a00118ffffffffffffffffff012003283f320662696e61727940003800	value:30303a30303a30312e353030		0
CastDurationAsDuration/base/2	0	08904e1a30086712087fffffffa697d10020002a1e080b10800118ffffffffffffffffff012003283f320662696e6172794000380020372a1e080b10800118ffffffffffffffffff012003283f320662696e61727940003800	value:2d30303a30303a30312e353030		0
CastDurationAsDuration/base/2	2	08904e1a30086712087fffffffa697d10020002a1e080b10800118ffffffffffffffffff012003283f320662696e6172794000380020372a1e080b10800118ffffffffffffffffff012003283f320662696e61727940003800	value:2d30303a30303a30312e353030		0
CastDurationAsDuration/base/2	1	08904e1a30086712087fffffffa697d10020002a1e080b10800118ffffffffffffffffff012003283f320662696e6172794000380020372a1e080b10800118ffffffffffffffffff012003283f320662696e61727940003800	value:2d30303a30303a30312e353030		0
CastDurationAsDuration/unsigned/2	0	08904e1a30086712087fffffffa697d10020002a1e080b10800118ffffffffffffffffff012003283f320662696e6172794000380020372a1e080b10a00118ffffffffffffffffff012003283f320662696e61727940003800	value:2d30303a30303a30312e353030		0
CastDurationAsDuration/unsigned/2	2	08904e1a30086712087fffffffa697d10020002a1e080b10800118ffffffffffffffffff012003283f320662696e6172794000380020372a1e080b10a00118ffffffffffffffffff012003283f320662696e61727940003800	value:2d30303a30303a30312e353030		0
CastDurationAsDuration/unsigned/2	1	08904e1a30086712087fffffffa697d10020002a1e080b10800118ffffffffffffffffff012003283f320662696e6172794000380020372a1e080b10a00118ffffffffffffffffff012003283f320662696e61727940003800	value:2d30303a30303a30312e353030		0
CastDurationAsJson/base/0	0	08904e1a3008671208800000000000000020002a1e080b10800118ffffffffffffffffff012003283f320662696e6172794000380020382a2808f501100018ffffffffffffffffff0120ffffffffffffffffff01282e3207757466386d623440003800	value:2230303a30303a30302e30303030303022		0
CastDurationAsJson/base/0	2	08904e1a3008671208800000000000000020002a1e080b10800118ffffffffffffffffff012003283f320662696e6172794000380020382a2808f501100018ffffffffffffffffff0120ffffffffffffffffff01282e3207757466386d623440003800	value:2230303a30303a30302e30303030303022		0
CastDurationAsJson/base/0	1	08904e1a3008671208800000000000000020002a1e080b10800118ffffffffffffffffff012003283f320662696e6172794000380020382a2808f501100018ffffffffffffffffff0120ffffffffffffffffff01282e3207757466386d623440003800	value:2230303a30303a30302e30303030303022		0
CastDurationAsJson/unsigned/0	0	08904e1a3008671208800000000000000020002a1e080b10800118ffffffffffffffffff012003283f320662696e6172794000380020382a2808f501102018ffffffffffffffffff0120ffffffffffffffffff01282e3207757466386d623440003800	value:2230303a30303a30302e30303030303022		0
CastDurationAsJson/unsigned/0	2	08904e1a3008671208800000000000000020002a1e080b10800118ffffffffffffffffff012003283f320662696e6172794000380020382a2808f501102018ffffffffffffffffff0120ffffffffffffffffff01282e3207757466386d623440003800	value:2230303a30303a30302e30303030303022		0
CastDurationAsJson/unsigned/0	1	08904e1a3008671208800000000000000020002a1e080b10800118ffffffffffffffffff012003283f320662696e6172794000380020382a2808f501102018ffffffffffffffffff0120ffffffffffffffffff01282e3207757466386d623440003800	value:2230303a30303a30302e30303030303022		0
CastDurationAsJson/base/1	0	08904e1a30086712088000000059682f0020002a1e080b10800118ffffffffffffffffff012003283f320662696e6172794000380020382a2808f501100018ffffffffffffffffff0120ffffffffffffffffff01282e3207757466386d623440003800	value:2230303a30303a30312e35303030303022		0
CastDurationAsJson/base/1	2	08904e1a30086712088000000059682f0020002a1e080b10800118ffffffffffffffffff012003283f320662696e6172794000380020382a2808f501100018ffffffffffffffffff0120ffffffffffffffffff01282e3207757466386d623440003800	value:2230303a30303a30312e35303030303022		0
CastDurationAsJson/base/1	1	08904e1a30086712088000000059682f0020002a1e080b10800118ffffffffffffffffff012003283f320662696e6172794000380020382a2808f501100018ffffffffffffffffff0120ffffffffffffffffff01282e3207757466386d623440003800	value:2230303a30303a30312e35303030303022		0
CastDurationAsJson/unsigned/1	0	08904e1a30086712088000000059682f0020002a1e080b10800118ffffffffffffffffff012003283f320662696e6172794000380020382a2808f501102018ffffffffffffffffff0120ffffffffffffffffff01282e3207757466386d623440003800	value:2230303a30303a30312e35303030303022		0
CastDurationAsJson/unsigned/1	2	08904e1a30086712088000000059682f0020002a1e080b10800118ffffffffffffffffff012003283f320662696e6172794000380020382a2808f501102018ffffffffffffffffff0120ffffffffffffffffff01282e3207757466386d623440003800	value:2230303a30303a30312e35303030303022		0
CastDurationAsJson/unsigned/1	1	08904e1a30086712088000000059682f0020002a1e080b10800118ffffffffffffffffff012003283f320662696e6172794000380020382a2808f501102018ffffffffffffffffff0120ffffffffffffffffff01282e3207757466386d623440003800	value:2230303a30303a30312e35303030303022		0
CastDurationAsJson/base/2	0	08904e1a30086712087fffffffa697d10020002a1e080b10800118ffffffffffffffffff012003283f320662696e6172794000380020382a2808f501100018ffffffffffffffffff0120ffffffffffffffffff01282e3207757466386d623440003800	value:222d30303a30303a30312e35303030303022		0
CastDurationAsJson/base/2	2	08904e1a30086712087fffffffa697d10020002a1e080b10800118ffffffffffffffffff012003283f320662696e6172794000380020382a2808f501100018ffffffffffffffffff0120ffffffffffffffffff01282e3207757466386d623440003800	value:222d30303a30303a30312e35303030303022		0
CastDurationAsJson/base/2	1	08904e1a30086712087fffffffa697d10020002a1e080b10800118ffffffffffffffffff012003283f320662696e6172794000380020382a2808f501100018ffffffffffffffffff0120ffffffffffffffffff01282e3207757466386d623440003800	value:222d30303a30303a30312e35303030303022		0
CastDurationAsJson/unsigned/2	0	08904e1a30086712087fffffffa697d10020002a1e080b10800118ffffffffffffffffff012003283f320662696e6172794000380020382a2808f501102018ffffffffffffffffff0120ffffffffffffffffff01282e3207757466386d623440003800	value:222d30303a30303a30312e35303030303022		0
CastDurationAsJson/unsigned/2	2	08904e1a30086712087fffffffa697d10020002a1e080b10800118ffffffffffffffffff012003283f320662696e6172794000380020382a2808f501102018ffffffffffffffffff0120ffffffffffffffffff01282e3207757466386d623440003800	value:222d30303a30303a30312e35303030303022		0
CastDurationAsJson/unsigned/2	1	08904e1a30086712087fffffffa697d10020002a1e080b10800118ffffffffffffffffff012003283f320662696e6172794000380020382a2808f501102018ffffffffffffffffff0120ffffffffffffffffff01282e3207757466386d623440003800	value:222d30303a30303a30312e35303030303022		0
CastJsonAsInt/base/0	0	08904e1a3c086c120a0a0b295c8fc2f528f43f20002a2808f501100018ffffffffffffffffff0120ffffffffffffffffff01282e3207757466386d623440003800203c2a1e080810800118ffffffffffffffffff012000283f320662696e61727940003800	value:31		0
CastJsonAsInt/base/0	2	08904e1a3c086c120a0a0b295c8fc2f528f43f20002a2808f501100018ffffffffffffffffff0120ffffffffffffffffff01282e3207757466386d623440003800203c2a1e080810800118ffffffffffffffffff012000283f320662696e61727940003800	value:31		0
CastJsonAsInt/base/0	1	08904e1a3c086c120a0a0b295c8fc2f528f43f20002a2808f501100018ffffffffffffffffff0120ffffffffffffffffff01282e3207757466386d623440003800203c2a1e080810800118ffffffffffffffffff012000283f320662696e61727940003800	value:31		0
CastJsonAsInt/unsigned/0	0	08904e1a3c086c120a0a0b295c8fc2f528f43f20002a2808f501100018ffffffffffffffffff0120ffffffffffffffffff01282e3207757466386d623440003800203c2a1e080810a00118ffffffffffffffffff012000283f320662696e61727940003800	value:31		0
CastJsonAsInt/unsigned/0	2	08904e1a3c086c120a0a0b295c8fc2f528f43f20002a2808f501100018ffffffffffffffffff0120ffffffffffffffffff01282e3207757466386d623440003800203c2a1e080810a00118ffffffffffffffffff012000283f320662696e61727940003800	value:31		0
CastJsonAsInt/unsigned/0	1	08904e1a3c086c120a0a0b295c8fc2f528f43f20002a2808f501100018ffffffffffffffffff0120ffffffffffffffffff01282e3207757466386d623440003800203c2a1e080810a00118ffffffffffffffffff012000283f320662696e61727940003800	value:31		0
CastJsonAsInt/base/1	0	08904e1a39086c12070a0c04312e323620002a2808f501100018ffffffffffffffffff0120ffffffffffffffffff01282e3207757466386d623440003800203c2a1e080810800118ffffffffffffffffff012000283f320662696e61727940003800	value:31		0
CastJsonAsInt/base/1	2	08904e1a39086c12070a0c04312e323620002a2808f501100018ffffffffffffffffff0120ffffffffffffffffff01282e3207757466386d623440003800203c2a1e080810800118ffffffffffffffffff012000283f320662696e61727940003800	value:31		0
CastJsonAsInt/base/1	1	08904e1a39086c12070a0c04312e323620002a2808f501100018ffffffffffffffffff0120ffffffffffffffffff01282e3207757466386d623440003800203c2a1e080810800118ffffffffffffffffff012000283f320662696e61727940003800	value:31		0
CastJsonAsInt/unsigned/1	0	08904e1a39086c12070a0c04312e323620002a2808f501100018ffffffffffffffffff0120ffffffffffffffffff01282e3207757466386d623440003800203c2a1e080810a00118ffffffffffffffffff012000283f320662696e61727940003800	value:31		0
CastJsonAsInt/unsigned/1	2	08904e1a39086c12070a0c04312e323620002a2808f501100018ffffffffffffffffff0120ffffffffffffffffff01282e3207757466386d623440003800203c2a1e080810a00118ffffffffffffffffff012000283f320662696e61727940003800	value:31		0
CastJsonAsInt/unsigned/1	1	08904e1a39086c12070a0c04312e323620002a2808f501100018ffffffffffffffffff0120ffffffffffffffffff01282e3207757466386d623440003800203c2a1e080810a00118ffffffffffffffffff012000283f320662696e61727940003800	value:31		0
CastJsonAsInt/base/2	0	08904e1a3c086c120a0a01000000000800000020002a2808f501100018ffffffffffffffffff0120ffffffffffffffffff01282e3207757466386d623440003800203c2a1e080810800118ffffffffffffffffff012000283f320662696e61727940003800	error	5b74797065733a313239325d5472756e636174656420696e636f727265637420494e54454745522076616c75653a20277b7d27	0
CastJsonAsInt/base/2	2	08904e1a3c086c120a0a01000000000800000020002a2808f501100018ffffffffffffffffff0120ffffffffffffffffff01282e3207757466386d623440003800203c2a1e080810800118ffffffffffffffffff012000283f320662696e61727940003800	value:30		1
CastJsonAsInt/base/2	1	08904e1a3c086c120a0a01000000000800000020002a2808f501100018ffffffffffffffffff0120ffffffffffffffffff01282e3207757466386d623440003800203c2a1e080810800118ffffffffffffffffff012000283f320662696e61727940003800	value:30		0
CastJsonAsInt/unsigned/2	0	08904e1a3c086c120a0a01000000000800000020002a2808f501100018ffffffffffffffffff0120ffffffffffffffffff01282e3207757466386d623440003800203c2a1e080810a00118ffffffffffffffffff012000283f320662696e61727940003800	error	5b74797065733a313239325d5472756e636174656420696e636f727265637420494e54454745522076616c75653a20277b7d27	0
CastJsonAsInt/unsigned/2	2	08904e1a3c086c120a0a01000000000800000020002a2808f501100018ffffffffffffffffff0120ffffffffffffffffff01282e3207757466386d623440003800203c2a1e080810a00118ffffffffffffffffff012000283f320662696e61727940003800	value:30		1
CastJsonAsInt/unsigned/2	1	08904e1a3c086c120a0a01000000000800000020002a2808f501100018ffffffffffffffffff0120ffffffffffffffffff01282e3207757466386d623440003800203c2a1e080810a00118ffffffffffffffffff012000283f320662696e61727940003800	value:30		0
CastJsonAsInt/base/3	0	08904e1a35086c12030a040120002a2808f501100018ffffffffffffffffff0120ffffffffffffffffff01282e3207757466386d623440003800203c2a1e080810800118ffffffffffffffffff012000283f320662696e61727940003800	value:31		0
CastJsonAsInt/base/3	2	08904e1a35086c12030a040120002a2808f501100018ffffffffffffffffff0120ffffffffffffffffff01282e3207757466386d623440003800203c2a1e080810800118ffffffffffffffffff012000283f320662696e61727940003800	value:31		0
CastJsonAsInt/base/3	1	08904e1a35086c12030a040120002a2808f501100018ffffffffffffffffff0120ffffffffffffffffff01282e3207757466386d623440003800203c2a1e080810800118ffffffffffffffffff012000283f320662696e61727940003800	value:31		0
CastJsonAsInt/unsigned/3	0	08904e1a35086c12030a040120002a2808f501100018ffffffffffffffffff0120ffffffffffffffffff01282e3207757466386d623440003800203c2a1e080810a00118ffffffffffffffffff012000283f320662696e61727940003800	value:31		0
CastJsonAsInt/unsigned/3	2	08904e1a35086c12030a040120002a2808f501100018ffffffffffffffffff0120ffffffffffffffffff01282e3207757466386d623440003800203c2a1e080810a00118ffffffffffffffffff012000283f320662696e61727940003800	value:31		0
CastJsonAsInt/unsigned/3	1	08904e1a35086c12030a040120002a2808f501100018ffffffffffffffffff0120ffffffffffffffffff01282e3207757466386d623440003800203c2a1e080810a00118ffffffffffffffffff012000283f320662696e61727940003800	value:31		0
CastJsonAsInt/base/4	0	08904e1a35086c12030a040020002a2808f501100018ffffffffffffffffff0120ffffffffffffffffff01282e3207757466386d623440003800203c2a1e080810800118ffffffffffffffffff012000283f320662696e61727940003800	error	5b74797065733a313239325d5472756e636174656420696e636f727265637420494e54454745522076616c75653a20276e756c6c27	0
CastJsonAsInt/base/4	2	08904e1a35086c12030a040020002a2808f501100018ffffffffffffffffff0120ffffffffffffffffff01282e3207757466386d623440003800203c2a1e080810800118ffffffffffffffffff012000283f320662696e61727940003800	value:30		1
CastJsonAsInt/base/4	1	08904e1a35086c12030a040020002a2808f501100018ffffffffffffffffff0120ffffffffffffffffff01282e3207757466386d623440003800203c2a1e080810800118ffffffffffffffffff012000283f320662696e61727940003800	value:30		0
CastJsonAsInt/unsigned/4	0	08904e1a35086c12030a040020002a2808f501100018ffffffffffffffffff0120ffffffffffffffffff01282e3207757466386d623440003800203c2a1e080810a00118ffffffffffffffffff012000283f320662696e61727940003800	error	5b74797065733a313239325d5472756e636174656420696e636f727265637420494e54454745522076616c75653a20276e756c6c27	0
CastJsonAsInt/unsigned/4	2	08904e1a35086c12030a040020002a2808f501100018ffffffffffffffffff0120ffffffffffffffffff01282e3207757466386d623440003800203c2a1e080810a00118ffffffffffffffffff012000283f320662696e61727940003800	value:30		1
CastJsonAsInt/unsigned/4	1	08904e1a35086c12030a040020002a2808f501100018ffffffffffffffffff0120ffffffffffffffffff01282e3207757466386d623440003800203c2a1e080810a00118ffffffffffffffffff012000283f320662696e61727940003800	value:30		0
CastJsonAsReal/base/0	0	08904e1a3c086c120a0a0b295c8fc2f528f43f20002a2808f501100018ffffffffffffffffff0120ffffffffffffffffff01282e3207757466386d623440003800203d2a27080510800118ffffffffffffffffff0120ffffffffffffffffff01283f320662696e61727940003800	real:3ff428f5c28f5c29		0
CastJsonAsReal/base/0	2	08904e1a3c086c120a0a0b295c8fc2f528f43f20002a2808f501100018ffffffffffffffffff0120ffffffffffffffffff01282e3207757466386d623440003800203d2a27080510800118ffffffffffffffffff0120ffffffffffffffffff01283f320662696e61727940003800	real:3ff428f5c28f5c29		0
CastJsonAsReal/base/0	1	08904e1a3c086c120a0a0b295c8fc2f528f43f20002a2808f501100018ffffffffffffffffff0120ffffffffffffffffff01282e3207757466386d623440003800203d2a27080510800118ffffffffffffffffff0120ffffffffffffffffff01283f320662696e61727940003800	real:3ff428f5c28f5c29		0
CastJsonAsReal/unsigned/0	0	08904e1a3c086c120a0a0b295c8fc2f528f43f20002a2808f501100018ffffffffffffffffff0120ffffffffffffffffff01282e3207757466386d623440003800203d2a27080510a00118ffffffffffffffffff0120ffffffffffffffffff01283f320662696e61727940003800	real:3ff428f5c28f5c29		0
CastJsonAsReal/unsigned/0	2	08904e1a3c086c120a0a0b295c8fc2f528f43f20002a2808f501100018ffffffffffffffffff0120ffffffffffffffffff01282e3207757466386d623440003800203d2a27080510a00118ffffffffffffffffff0120ffffffffffffffffff01283f320662696e61727940003800	real:3ff428f5c28f5c29		0
CastJsonAsReal/unsigned/0	1	08904e1a3c086c120a0a0b295c8fc2f528f43f20002a2808f501100018ffffffffffffffffff0120ffffffffffffffffff01282e3207757466386d623440003800203d2a27080510a00118ffffffffffffffffff0120ffffffffffffffffff01283f320662696e61727940003800	real:3ff428f5c28f5c29		0
CastJsonAsReal/base/1	0	08904e1a39086c12070a0c04312e323620002a2808f501100018ffffffffffffffffff0120ffffffffffffffffff01282e3207757466386d623440003800203d2a27080510800118ffffffffffffffffff0120ffffffffffffffffff01283f320662696e61727940003800	real:3ff428f5c28f5c29		0
CastJsonAsReal/base/1	2	08904e1a39086c12070a0c04312e323620002a2808f501100018ffffffffffffffffff0120ffffffffffffffffff01282e3207757466386d623440003800203d2a27080510800118ffffffffffffffffff0120ffffffffffffffffff01283f320662696e61727940003800	real:3ff428f5c28f5c29		0
CastJsonAsReal/base/1	1	08904e1a39086c12070a0c04312e323620002a2808f501100018ffffffffffffffffff0120ffffffffffffffffff01282e3207757466386d623440003800203d2a27080510800118ffffffffffffffffff0120ffffffffffffffffff01283f320662696e61727940003800	real:3ff428f5c28f5c29		0
CastJsonAsReal/unsigned/1	0	08904e1a39086c12070a0c04312e323620002a2808f501100018ffffffffffffffffff0120ffffffffffffffffff01282e3207757466386d623440003800203d2a27080510a00118ffffffffffffffffff0120ffffffffffffffffff01283f320662696e61727940003800	real:3ff428f5c28f5c29		0
CastJsonAsReal/unsigned/1	2	08904e1a39086c12070a0c04312e323620002a2808f501100018ffffffffffffffffff0120ffffffffffffffffff01282e3207757466386d623440003800203d2a27080510a00118ffffffffffffffffff0120ffffffffffffffffff01283f320662696e61727940003800	real:3ff428f5c28f5c29		0
CastJsonAsReal/unsigned/1	1	08904e1a39086c12070a0c04312e323620002a2808f501100018ffffffffffffffffff0120ffffffffffffffffff01282e3207757466386d623440003800203d2a27080510a00118ffffffffffffffffff0120ffffffffffffffffff01283f320662696e61727940003800	real:3ff428f5c28f5c29		0
CastJsonAsReal/base/2	0	08904e1a3c086c120a0a01000000000800000020002a2808f501100018ffffffffffffffffff0120ffffffffffffffffff01282e3207757466386d623440003800203d2a27080510800118ffffffffffffffffff0120ffffffffffffffffff01283f320662696e61727940003800	error	5b74797065733a313239325d5472756e636174656420696e636f727265637420464c4f41542076616c75653a20277b7d27	0
CastJsonAsReal/base/2	2	08904e1a3c086c120a0a01000000000800000020002a2808f501100018ffffffffffffffffff0120ffffffffffffffffff01282e3207757466386d623440003800203d2a27080510800118ffffffffffffffffff0120ffffffffffffffffff01283f320662696e61727940003800	real:0000000000000000		1
CastJsonAsReal/base/2	1	08904e1a3c086c120a0a01000000000800000020002a2808f501100018ffffffffffffffffff0120ffffffffffffffffff01282e3207757466386d623440003800203d2a27080510800118ffffffffffffffffff0120ffffffffffffffffff01283f320662696e61727940003800	real:0000000000000000		0
CastJsonAsReal/unsigned/2	0	08904e1a3c086c120a0a01000000000800000020002a2808f501100018ffffffffffffffffff0120ffffffffffffffffff01282e3207757466386d623440003800203d2a27080510a00118ffffffffffffffffff0120ffffffffffffffffff01283f320662696e61727940003800	error	5b74797065733a313239325d5472756e636174656420696e636f727265637420464c4f41542076616c75653a20277b7d27	0
CastJsonAsReal/unsigned/2	2	08904e1a3c086c120a0a01000000000800000020002a2808f501100018ffffffffffffffffff0120ffffffffffffffffff01282e3207757466386d623440003800203d2a27080510a00118ffffffffffffffffff0120ffffffffffffffffff01283f320662696e61727940003800	real:0000000000000000		1
CastJsonAsReal/unsigned/2	1	08904e1a3c086c120a0a01000000000800000020002a2808f501100018ffffffffffffffffff0120ffffffffffffffffff01282e3207757466386d623440003800203d2a27080510a00118ffffffffffffffffff0120ffffffffffffffffff01283f320662696e61727940003800	real:0000000000000000		0
CastJsonAsReal/base/3	0	08904e1a35086c12030a040120002a2808f501100018ffffffffffffffffff0120ffffffffffffffffff01282e3207757466386d623440003800203d2a27080510800118ffffffffffffffffff0120ffffffffffffffffff01283f320662696e61727940003800	real:3ff0000000000000		0
CastJsonAsReal/base/3	2	08904e1a35086c12030a040120002a2808f501100018ffffffffffffffffff0120ffffffffffffffffff01282e3207757466386d623440003800203d2a27080510800118ffffffffffffffffff0120ffffffffffffffffff01283f320662696e61727940003800	real:3ff0000000000000		0
CastJsonAsReal/base/3	1	08904e1a35086c12030a040120002a2808f501100018ffffffffffffffffff0120ffffffffffffffffff01282e3207757466386d623440003800203d2a27080510800118ffffffffffffffffff0120ffffffffffffffffff01283f320662696e61727940003800	real:3ff0000000000000		0
CastJsonAsReal/unsigned/3	0	08904e1a35086c12030a040120002a2808f501100018ffffffffffffffffff0120ffffffffffffffffff01282e3207757466386d623440003800203d2a27080510a00118ffffffffffffffffff0120ffffffffffffffffff01283f320662696e61727940003800	real:3ff0000000000000		0
CastJsonAsReal/unsigned/3	2	08904e1a35086c12030a040120002a2808f501100018ffffffffffffffffff0120ffffffffffffffffff01282e3207757466386d623440003800203d2a27080510a00118ffffffffffffffffff0120ffffffffffffffffff01283f320662696e61727940003800	real:3ff0000000000000		0
CastJsonAsReal/unsigned/3	1	08904e1a35086c12030a040120002a2808f501100018ffffffffffffffffff0120ffffffffffffffffff01282e3207757466386d623440003800203d2a27080510a00118ffffffffffffffffff0120ffffffffffffffffff01283f320662696e61727940003800	real:3ff0000000000000		0
CastJsonAsReal/base/4	0	08904e1a35086c12030a040020002a2808f501100018ffffffffffffffffff0120ffffffffffffffffff01282e3207757466386d623440003800203d2a27080510800118ffffffffffffffffff0120ffffffffffffffffff01283f320662696e61727940003800	error	5b74797065733a313239325d5472756e636174656420696e636f727265637420464c4f41542076616c75653a20276e756c6c27	0
CastJsonAsReal/base/4	2	08904e1a35086c12030a040020002a2808f501100018ffffffffffffffffff0120ffffffffffffffffff01282e3207757466386d623440003800203d2a27080510800118ffffffffffffffffff0120ffffffffffffffffff01283f320662696e61727940003800	real:0000000000000000		1
CastJsonAsReal/base/4	1	08904e1a35086c12030a040020002a2808f501100018ffffffffffffffffff0120ffffffffffffffffff01282e3207757466386d623440003800203d2a27080510800118ffffffffffffffffff0120ffffffffffffffffff01283f320662696e61727940003800	real:0000000000000000		0
CastJsonAsReal/unsigned/4	0	08904e1a35086c12030a040020002a2808f501100018ffffffffffffffffff0120ffffffffffffffffff01282e3207757466386d623440003800203d2a27080510a00118ffffffffffffffffff0120ffffffffffffffffff01283f320662696e61727940003800	error	5b74797065733a313239325d5472756e636174656420696e636f727265637420464c4f41542076616c75653a20276e756c6c27	0
CastJsonAsReal/unsigned/4	2	08904e1a35086c12030a040020002a2808f501100018ffffffffffffffffff0120ffffffffffffffffff01282e3207757466386d623440003800203d2a27080510a00118ffffffffffffffffff0120ffffffffffffffffff01283f320662696e61727940003800	real:0000000000000000		1
CastJsonAsReal/unsigned/4	1	08904e1a35086c12030a040020002a2808f501100018ffffffffffffffffff0120ffffffffffffffffff01282e3207757466386d623440003800203d2a27080510a00118ffffffffffffffffff0120ffffffffffffffffff01283f320662696e61727940003800	real:0000000000000000		0
CastJsonAsDecimal/base/0	0	08904e1a3c086c120a0a0b295c8fc2f528f43f20002a2808f501100018ffffffffffffffffff0120ffffffffffffffffff01282e3207757466386d623440003800203f2a1608f601108001180a2002283f320662696e61727940003800	value:312e3236		0
CastJsonAsDecimal/base/0	2	08904e1a3c086c120a0a0b295c8fc2f528f43f20002a2808f501100018ffffffffffffffffff0120ffffffffffffffffff01282e3207757466386d623440003800203f2a1608f601108001180a2002283f320662696e61727940003800	value:312e3236		0
CastJsonAsDecimal/base/0	1	08904e1a3c086c120a0a0b295c8fc2f528f43f20002a2808f501100018ffffffffffffffffff0120ffffffffffffffffff01282e3207757466386d623440003800203f2a1608f601108001180a2002283f320662696e61727940003800	value:312e3236		0
CastJsonAsDecimal/unsigned/0	0	08904e1a3c086c120a0a0b295c8fc2f528f43f20002a2808f501100018ffffffffffffffffff0120ffffffffffffffffff01282e3207757466386d623440003800203f2a1608f60110a001180a2002283f320662696e61727940003800	value:312e3236		0
CastJsonAsDecimal/unsigned/0	2	08904e1a3c086c120a0a0b295c8fc2f528f43f20002a2808f501100018ffffffffffffffffff0120ffffffffffffffffff01282e3207757466386d623440003800203f2a1608f60110a001180a2002283f320662696e61727940003800	value:312e3236		0
CastJsonAsDecimal/unsigned/0	1	08904e1a3c086c120a0a0b295c8fc2f528f43f20002a2808f501100018ffffffffffffffffff0120ffffffffffffffffff01282e3207757466386d623440003800203f2a1608f60110a001180a2002283f320662696e61727940003800	value:312e3236		0
CastJsonAsDecimal/base/1	0	08904e1a39086c12070a0c04312e323620002a2808f501100018ffffffffffffffffff0120ffffffffffffffffff01282e3207757466386d623440003800203f2a1608f601108001180a2002283f320662696e61727940003800	value:312e3236		0
CastJsonAsDecimal/base/1	2	08904e1a39086c12070a0c04312e323620002a2808f501100018ffffffffffffffffff0120ffffffffffffffffff01282e3207757466386d623440003800203f2a1608f601108001180a2002283f320662696e61727940003800	value:312e3236		0
CastJsonAsDecimal/base/1	1	08904e1a39086c12070a0c04312e323620002a2808f501100018ffffffffffffffffff0120ffffffffffffffffff01282e3207757466386d623440003800203f2a1608f601108001180a2002283f320662696e61727940003800	value:312e3236		0
CastJsonAsDecimal/unsigned/1	0	08904e1a39086c12070a0c04312e323620002a2808f501100018ffffffffffffffffff0120ffffffffffffffffff01282e3207757466386d623440003800203f2a1608f60110a001180a2002283f320662696e61727940003800	value:312e3236		0
CastJsonAsDecimal/unsigned/1	2	08904e1a39086c12070a0c04312e323620002a2808f501100018ffffffffffffffffff0120ffffffffffffffffff01282e3207757466386d623440003800203f2a1608f60110a001180a2002283f320662696e61727940003800	value:312e3236		0
CastJsonAsDecimal/unsigned/1	1	08904e1a39086c12070a0c04312e323620002a2808f501100018ffffffffffffffffff0120ffffffffffffffffff01282e3207757466386d623440003800203f2a1608f60110a001180a2002283f320662696e61727940003800	value:312e3236		0
CastJsonAsDecimal/base/2	0	08904e1a3c086c120a0a01000000000800000020002a2808f501100018ffffffffffffffffff0120ffffffffffffffffff01282e3207757466386d623440003800203f2a1608f601108001180a2002283f320662696e61727940003800	error	5b74797065733a313239325d5472756e636174656420696e636f727265637420444543494d414c2076616c75653a20277b7d27	0
CastJsonAsDecimal/base/2	2	08904e1a3c086c120a0a01000000000800000020002a2808f501100018ffffffffffffffffff0120ffffffffffffffffff01282e3207757466386d623440003800203f2a1608f601108001180a2002283f320662696e61727940003800	value:302e3030		1
CastJsonAsDecimal/base/2	1	08904e1a3c086c120a0a01000000000800000020002a2808f501100018ffffffffffffffffff0120ffffffffffffffffff01282e3207757466386d623440003800203f2a1608f601108001180a2002283f320662696e61727940003800	value:302e3030		0
CastJsonAsDecimal/unsigned/2	0	08904e1a3c086c120a0a01000000000800000020002a2808f501100018ffffffffffffffffff0120ffffffffffffffffff01282e3207757466386d623440003800203f2a1608f60110a001180a2002283f320662696e61727940003800	error	5b74797065733a313239325d5472756e636174656420696e636f727265637420444543494d414c2076616c75653a20277b7d27	0
CastJsonAsDecimal/unsigned/2	2	08904e1a3c086c120a0a01000000000800000020002a2808f501100018ffffffffffffffffff0120ffffffffffffffffff01282e3207757466386d623440003800203f2a1608f60110a001180a2002283f320662696e61727940003800	value:302e3030		1
CastJsonAsDecimal/unsigned/2	1	08904e1a3c086c120a0a01000000000800000020002a2808f501100018ffffffffffffffffff0120ffffffffffffffffff01282e3207757466386d623440003800203f2a1608f60110a001180a2002283f320662696e61727940003800	value:302e3030		0
CastJsonAsDecimal/base/3	0	08904e1a35086c12030a040120002a2808f501100018ffffffffffffffffff0120ffffffffffffffffff01282e3207757466386d623440003800203f2a1608f601108001180a2002283f320662696e61727940003800	value:312e3030		0
CastJsonAsDecimal/base/3	2	08904e1a35086c12030a040120002a2808f501100018ffffffffffffffffff0120ffffffffffffffffff01282e3207757466386d623440003800203f2a1608f601108001180a2002283f320662696e61727940003800	value:312e3030		0
CastJsonAsDecimal/base/3	1	08904e1a35086c12030a040120002a2808f501100018ffffffffffffffffff0120ffffffffffffffffff01282e3207757466386d623440003800203f2a1608f601108001180a2002283f320662696e61727940003800	value:312e3030		0
CastJsonAsDecimal/unsigned/3	0	08904e1a35086c12030a040120002a2808f501100018ffffffffffffffffff0120ffffffffffffffffff01282e3207757466386d623440003800203f2a1608f60110a001180a2002283f320662696e61727940003800	value:312e3030		0
CastJsonAsDecimal/unsigned/3	2	08904e1a35086c12030a040120002a2808f501100018ffffffffffffffffff0120ffffffffffffffffff01282e3207757466386d623440003800203f2a1608f60110a001180a2002283f320662696e61727940003800	value:312e3030		0
CastJsonAsDecimal/unsigned/3	1	08904e1a35086c12030a040120002a2808f501100018ffffffffffffffffff0120ffffffffffffffffff01282e3207757466386d623440003800203f2a1608f60110a001180a2002283f320662696e61727940003800	value:312e3030		0
CastJsonAsDecimal/base/4	0	08904e1a35086c12030a040020002a2808f501100018ffffffffffffffffff0120ffffffffffffffffff01282e3207757466386d623440003800203f2a1608f601108001180a2002283f320662696e61727940003800	error	5b74797065733a313239325d5472756e636174656420696e636f727265637420444543494d414c2076616c75653a20276e756c6c27	0
CastJsonAsDecimal/base/4	2	08904e1a35086c12030a040020002a2808f501100018ffffffffffffffffff0120ffffffffffffffffff01282e3207757466386d623440003800203f2a1608f601108001180a2002283f320662696e61727940003800	value:302e3030		1
CastJsonAsDecimal/base/4	1	08904e1a35086c12030a040020002a2808f501100018ffffffffffffffffff0120ffffffffffffffffff01282e3207757466386d623440003800203f2a1608f601108001180a2002283f320662696e61727940003800	value:302e3030		0
CastJsonAsDecimal/unsigned/4	0	08904e1a35086c12030a040020002a2808f501100018ffffffffffffffffff0120ffffffffffffffffff01282e3207757466386d623440003800203f2a1608f60110a001180a2002283f320662696e61727940003800	error	5b74797065733a313239325d5472756e636174656420696e636f727265637420444543494d414c2076616c75653a20276e756c6c27	0
CastJsonAsDecimal/unsigned/4	2	08904e1a35086c12030a040020002a2808f501100018ffffffffffffffffff0120ffffffffffffffffff01282e3207757466386d623440003800203f2a1608f60110a001180a2002283f320662696e61727940003800	value:302e3030		1
CastJsonAsDecimal/unsigned/4	1	08904e1a35086c12030a040020002a2808f501100018ffffffffffffffffff0120ffffffffffffffffff01282e3207757466386d623440003800203f2a1608f60110a001180a2002283f320662696e61727940003800	value:302e3030		0
CastJsonAsString/base/0	0	08904e1a3c086c120a0a0b295c8fc2f528f43f20002a2808f501100018ffffffffffffffffff0120ffffffffffffffffff01282e3207757466386d623440003800203e2a2808fd01100018ffffffffffffffffff0120ffffffffffffffffff01282e3207757466386d623440003800	value:312e3236		0
CastJsonAsString/base/0	2	08904e1a3c086c120a0a0b295c8fc2f528f43f20002a2808f501100018ffffffffffffffffff0120ffffffffffffffffff01282e3207757466386d623440003800203e2a2808fd01100018ffffffffffffffffff0120ffffffffffffffffff01282e3207757466386d623440003800	value:312e3236		0
CastJsonAsString/base/0	1	08904e1a3c086c120a0a0b295c8fc2f528f43f20002a2808f501100018ffffffffffffffffff0120ffffffffffffffffff01282e3207757466386d623440003800203e2a2808fd01100018ffffffffffffffffff0120ffffffffffffffffff01282e3207757466386d623440003800	value:312e3236		0
CastJsonAsString/unsigned/0	0	08904e1a3c086c120a0a0b295c8fc2f528f43f20002a2808f501100018ffffffffffffffffff0120ffffffffffffffffff01282e3207757466386d623440003800203e2a2808fd01102018ffffffffffffffffff0120ffffffffffffffffff01282e3207757466386d623440003800	value:312e3236		0
CastJsonAsString/unsigned/0	2	08904e1a3c086c120a0a0b295c8fc2f528f43f20002a2808f501100018ffffffffffffffffff0120ffffffffffffffffff01282e3207757466386d623440003800203e2a2808fd01102018ffffffffffffffffff0120ffffffffffffffffff01282e3207757466386d623440003800	value:312e3236		0
CastJsonAsString/unsigned/0	1	08904e1a3c086c120a0a0b295c8fc2f528f43f20002a2808f501100018ffffffffffffffffff0120ffffffffffffffffff01282e3207757466386d623440003800203e2a2808fd01102018ffffffffffffffffff0120ffffffffffffffffff01282e3207757466386d623440003800	value:312e3236		0
CastJsonAsString/base/1	0	08904e1a39086c12070a0c04312e323620002a2808f501100018ffffffffffffffffff0120ffffffffffffffffff01282e3207757466386d623440003800203e2a2808fd01100018ffffffffffffffffff0120ffffffffffffffffff01282e3207757466386d623440003800	value:22312e323622		0
CastJsonAsString/base/1	2	08904e1a39086c12070a0c04312e323620002a2808f501100018ffffffffffffffffff0120ffffffffffffffffff01282e3207757466386d623440003800203e2a2808fd01100018ffffffffffffffffff0120ffffffffffffffffff01282e3207757466386d623440003800	value:22312e323622		0
CastJsonAsString/base/1	1	08904e1a39086c12070a0c04312e323620002a2808f501100018ffffffffffffffffff0120ffffffffffffffffff01282e3207757466386d623440003800203e2a2808fd01100018ffffffffffffffffff0120ffffffffffffffffff01282e3207757466386d623440003800	value:22312e323622		0
CastJsonAsString/unsigned/1	0	08904e1a39086c12070a0c04312e323620002a2808f501100018ffffffffffffffffff0120ffffffffffffffffff01282e3207757466386d623440003800203e2a2808fd01102018ffffffffffffffffff0120ffffffffffffffffff01282e3207757466386d623440003800	value:22312e323622		0
CastJsonAsString/unsigned/1	2	08904e1a39086c12070a0c04312e323620002a2808f501100018ffffffffffffffffff0120ffffffffffffffffff01282e3207757466386d623440003800203e2a2808fd01102018ffffffffffffffffff0120ffffffffffffffffff01282e3207757466386d623440003800	value:22312e323622		0
CastJsonAsString/unsigned/1	1	08904e1a39086c12070a0c04312e323620002a2808f501100018ffffffffffffffffff0120ffffffffffffffffff01282e3207757466386d623440003800203e2a2808fd01102018ffffffffffffffffff0120ffffffffffffffffff01282e3207757466386d623440003800	value:22312e323622		0
CastJsonAsString/base/2	0	08904e1a3c086c120a0a01000000000800000020002a2808f501100018ffffffffffffffffff0120ffffffffffffffffff01282e3207757466386d623440003800203e2a2808fd01100018ffffffffffffffffff0120ffffffffffffffffff01282e3207757466386d623440003800	value:7b7d		0
CastJsonAsString/base/2	2	08904e1a3c086c120a0a01000000000800000020002a2808f501100018ffffffffffffffffff0120ffffffffffffffffff01282e3207757466386d623440003800203e2a2808fd01100018ffffffffffffffffff0120ffffffffffffffffff01282e3207757466386d623440003800	value:7b7d		0
CastJsonAsString/base/2	1	08904e1a3c086c120a0a01000000000800000020002a2808f501100018ffffffffffffffffff0120ffffffffffffffffff01282e3207757466386d623440003800203e2a2808fd01100018ffffffffffffffffff0120ffffffffffffffffff01282e3207757466386d623440003800	value:7b7d		0
CastJsonAsString/unsigned/2	0	08904e1a3c086c120a0a01000000000800000020002a2808f501100018ffffffffffffffffff0120ffffffffffffffffff01282e3207757466386d623440003800203e2a2808fd01102018ffffffffffffffffff0120ffffffffffffffffff01282e3207757466386d623440003800	value:7b7d		0
CastJsonAsString/unsigned/2	2	08904e1a3c086c120a0a01000000000800000020002a2808f501100018ffffffffffffffffff0120ffffffffffffffffff01282e3207757466386d623440003800203e2a2808fd01102018ffffffffffffffffff0120ffffffffffffffffff01282e3207757466386d623440003800	value:7b7d		0
CastJsonAsString/unsigned/2	1	08904e1a3c086c120a0a01000000000800000020002a2808f501100018ffffffffffffffffff0120ffffffffffffffffff01282e3207757466386d623440003800203e2a2808fd01102018ffffffffffffffffff0120ffffffffffffffffff01282e3207757466386d623440003800	value:7b7d		0
CastJsonAsString/base/3	0	08904e1a35086c12030a040120002a2808f501100018ffffffffffffffffff0120ffffffffffffffffff01282e3207757466386d623440003800203e2a2808fd01100018ffffffffffffffffff0120ffffffffffffffffff01282e3207757466386d623440003800	value:74727565		0
CastJsonAsString/base/3	2	08904e1a35086c12030a040120002a2808f501100018ffffffffffffffffff0120ffffffffffffffffff01282e3207757466386d623440003800203e2a2808fd01100018ffffffffffffffffff0120ffffffffffffffffff01282e3207757466386d623440003800	value:74727565		0
CastJsonAsString/base/3	1	08904e1a35086c12030a040120002a2808f501100018ffffffffffffffffff0120ffffffffffffffffff01282e3207757466386d623440003800203e2a2808fd01100018ffffffffffffffffff0120ffffffffffffffffff01282e3207757466386d623440003800	value:74727565		0
CastJsonAsString/unsigned/3	0	08904e1a35086c12030a040120002a2808f501100018ffffffffffffffffff0120ffffffffffffffffff01282e3207757466386d623440003800203e2a2808fd01102018ffffffffffffffffff0120ffffffffffffffffff01282e3207757466386d623440003800	value:74727565		0
CastJsonAsString/unsigned/3	2	08904e1a35086c12030a040120002a2808f501100018ffffffffffffffffff0120ffffffffffffffffff01282e3207757466386d623440003800203e2a2808fd01102018ffffffffffffffffff0120ffffffffffffffffff01282e3207757466386d623440003800	value:74727565		0
CastJsonAsString/unsigned/3	1	08904e1a35086c12030a040120002a2808f501100018ffffffffffffffffff0120ffffffffffffffffff01282e3207757466386d623440003800203e2a2808fd01102018ffffffffffffffffff0120ffffffffffffffffff01282e3207757466386d623440003800	value:74727565		0
CastJsonAsString/base/4	0	08904e1a35086c12030a040020002a2808f501100018ffffffffffffffffff0120ffffffffffffffffff01282e3207757466386d623440003800203e2a2808fd01100018ffffffffffffffffff0120ffffffffffffffffff01282e3207757466386d623440003800	value:6e756c6c		0
CastJsonAsString/base/4	2	08904e1a35086c12030a040020002a2808f501100018ffffffffffffffffff0120ffffffffffffffffff01282e3207757466386d623440003800203e2a2808fd01100018ffffffffffffffffff0120ffffffffffffffffff01282e3207757466386d623440003800	value:6e756c6c		0
CastJsonAsString/base/4	1	08904e1a35086c12030a040020002a2808f501100018ffffffffffffffffff0120ffffffffffffffffff01282e3207757466386d623440003800203e2a2808fd01100018ffffffffffffffffff0120ffffffffffffffffff01282e3207757466386d623440003800	value:6e756c6c		0
CastJsonAsString/unsigned/4	0	08904e1a35086c12030a040020002a2808f501100018ffffffffffffffffff0120ffffffffffffffffff01282e3207757466386d623440003800203e2a2808fd01102018ffffffffffffffffff0120ffffffffffffffffff01282e3207757466386d623440003800	value:6e756c6c		0
CastJsonAsString/unsigned/4	2	08904e1a35086c12030a040020002a2808f501100018ffffffffffffffffff0120ffffffffffffffffff01282e3207757466386d623440003800203e2a2808fd01102018ffffffffffffffffff0120ffffffffffffffffff01282e3207757466386d623440003800	value:6e756c6c		0
CastJsonAsString/unsigned/4	1	08904e1a35086c12030a040020002a2808f501100018ffffffffffffffffff0120ffffffffffffffffff01282e3207757466386d623440003800203e2a2808fd01102018ffffffffffffffffff0120ffffffffffffffffff01282e3207757466386d623440003800	value:6e756c6c		0
CastJsonAsTime/base/0	0	08904e1a3c086c120a0a0b295c8fc2f528f43f20002a2808f501100018ffffffffffffffffff0120ffffffffffffffffff01282e3207757466386d62344000380020402a1e080c10800118ffffffffffffffffff012003283f320662696e61727940003800	error	5b74797065733a313239325d5472756e636174656420696e636f7272656374206461746574696d652076616c75653a2027312e323627	0
CastJsonAsTime/base/0	2	08904e1a3c086c120a0a0b295c8fc2f528f43f20002a2808f501100018ffffffffffffffffff0120ffffffffffffffffff01282e3207757466386d62344000380020402a1e080c10800118ffffffffffffffffff012003283f320662696e61727940003800	null		1
CastJsonAsTime/base/0	1	08904e1a3c086c120a0a0b295c8fc2f528f43f20002a2808f501100018ffffffffffffffffff0120ffffffffffffffffff01282e3207757466386d62344000380020402a1e080c10800118ffffffffffffffffff012003283f320662696e61727940003800	null		0
CastJsonAsTime/unsigned/0	0	08904e1a3c086c120a0a0b295c8fc2f528f43f20002a2808f501100018ffffffffffffffffff0120ffffffffffffffffff01282e3207757466386d62344000380020402a1e080c10a00118ffffffffffffffffff012003283f320662696e61727940003800	error	5b74797065733a313239325d5472756e636174656420696e636f7272656374206461746574696d652076616c75653a2027312e323627	0
CastJsonAsTime/unsigned/0	2	08904e1a3c086c120a0a0b295c8fc2f528f43f20002a2808f501100018ffffffffffffffffff0120ffffffffffffffffff01282e3207757466386d62344000380020402a1e080c10a00118ffffffffffffffffff012003283f320662696e61727940003800	null		1
CastJsonAsTime/unsigned/0	1	08904e1a3c086c120a0a0b295c8fc2f528f43f20002a2808f501100018ffffffffffffffffff0120ffffffffffffffffff01282e3207757466386d62344000380020402a1e080c10a00118ffffffffffffffffff012003283f320662696e61727940003800	null		0
CastJsonAsTime/base/1	0	08904e1a39086c12070a0c04312e323620002a2808f501100018ffffffffffffffffff0120ffffffffffffffffff01282e3207757466386d62344000380020402a1e080c10800118ffffffffffffffffff012003283f320662696e61727940003800	error	5b74797065733a313239325d496e636f7272656374206461746574696d652076616c75653a2027312e323627	0
CastJsonAsTime/base/1	2	08904e1a39086c12070a0c04312e323620002a2808f501100018ffffffffffffffffff0120ffffffffffffffffff01282e3207757466386d62344000380020402a1e080c10800118ffffffffffffffffff012003283f320662696e61727940003800	null		1
CastJsonAsTime/base/1	1	08904e1a39086c12070a0c04312e323620002a2808f501100018ffffffffffffffffff0120ffffffffffffffffff01282e3207757466386d62344000380020402a1e080c10800118ffffffffffffffffff012003283f320662696e61727940003800	null		0
CastJsonAsTime/unsigned/1	0	08904e1a39086c12070a0c04312e323620002a2808f501100018ffffffffffffffffff0120ffffffffffffffffff01282e3207757466386d62344000380020402a1e080c10a00118ffffffffffffffffff012003283f320662696e61727940003800	error	5b74797065733a313239325d496e636f7272656374206461746574696d652076616c75653a2027312e323627	0
CastJsonAsTime/unsigned/1	2	08904e1a39086c12070a0c04312e323620002a2808f501100018ffffffffffffffffff0120ffffffffffffffffff01282e3207757466386d62344000380020402a1e080c10a00118ffffffffffffffffff012003283f320662696e61727940003800	null		1
CastJsonAsTime/unsigned/1	1	08904e1a39086c12070a0c04312e323620002a2808f501100018ffffffffffffffffff0120ffffffffffffffffff01282e3207757466386d62344000380020402a1e080c10a00118ffffffffffffffffff012003283f320662696e61727940003800	null		0
CastJsonAsTime/base/2	0	08904e1a3c086c120a0a01000000000800000020002a2808f501100018ffffffffffffffffff0120ffffffffffffffffff01282e3207757466386d62344000380020402a1e080c10800118ffffffffffffffffff012003283f320662696e61727940003800	error	5b74797065733a313239325d5472756e636174656420696e636f7272656374206461746574696d652076616c75653a20277b7d27	0
CastJsonAsTime/base/2	2	08904e1a3c086c120a0a01000000000800000020002a2808f501100018ffffffffffffffffff0120ffffffffffffffffff01282e3207757466386d62344000380020402a1e080c10800118ffffffffffffffffff012003283f320662696e61727940003800	null		1
CastJsonAsTime/base/2	1	08904e1a3c086c120a0a01000000000800000020002a2808f501100018ffffffffffffffffff0120ffffffffffffffffff01282e3207757466386d62344000380020402a1e080c10800118ffffffffffffffffff012003283f320662696e61727940003800	null		0
CastJsonAsTime/unsigned/2	0	08904e1a3c086c120a0a01000000000800000020002a2808f501100018ffffffffffffffffff0120ffffffffffffffffff01282e3207757466386d62344000380020402a1e080c10a00118ffffffffffffffffff012003283f320662696e61727940003800	error	5b74797065733a313239325d5472756e636174656420696e636f7272656374206461746574696d652076616c75653a20277b7d27	0
CastJsonAsTime/unsigned/2	2	08904e1a3c086c120a0a01000000000800000020002a2808f501100018ffffffffffffffffff0120ffffffffffffffffff01282e3207757466386d62344000380020402a1e080c10a00118ffffffffffffffffff012003283f320662696e61727940003800	null		1
CastJsonAsTime/unsigned/2	1	08904e1a3c086c120a0a01000000000800000020002a2808f501100018ffffffffffffffffff0120ffffffffffffffffff01282e3207757466386d62344000380020402a1e080c10a00118ffffffffffffffffff012003283f320662696e61727940003800	null		0
CastJsonAsTime/base/3	0	08904e1a35086c12030a040120002a2808f501100018ffffffffffffffffff0120ffffffffffffffffff01282e3207757466386d62344000380020402a1e080c10800118ffffffffffffffffff012003283f320662696e61727940003800	error	5b74797065733a313239325d5472756e636174656420696e636f7272656374206461746574696d652076616c75653a20277472756527	0
CastJsonAsTime/base/3	2	08904e1a35086c12030a040120002a2808f501100018ffffffffffffffffff0120ffffffffffffffffff01282e3207757466386d62344000380020402a1e080c10800118ffffffffffffffffff012003283f320662696e61727940003800	null		1
CastJsonAsTime/base/3	1	08904e1a35086c12030a040120002a2808f501100018ffffffffffffffffff0120ffffffffffffffffff01282e3207757466386d62344000380020402a1e080c10800118ffffffffffffffffff012003283f320662696e61727940003800	null		0
CastJsonAsTime/unsigned/3	0	08904e1a35086c12030a040120002a2808f501100018ffffffffffffffffff0120ffffffffffffffffff01282e3207757466386d62344000380020402a1e080c10a00118ffffffffffffffffff012003283f320662696e61727940003800	error	5b74797065733a313239325d5472756e636174656420696e636f7272656374206461746574696d652076616c75653a20277472756527	0
CastJsonAsTime/unsigned/3	2	08904e1a35086c12030a040120002a2808f501100018ffffffffffffffffff0120ffffffffffffffffff01282e3207757466386d62344000380020402a1e080c10a00118ffffffffffffffffff012003283f320662696e61727940003800	null		1
CastJsonAsTime/unsigned/3	1	08904e1a35086c12030a040120002a2808f501100018ffffffffffffffffff0120ffffffffffffffffff01282e3207757466386d62344000380020402a1e080c10a00118ffffffffffffffffff012003283f320662696e61727940003800	null		0
CastJsonAsTime/base/4	0	08904e1a35086c12030a040020002a2808f501100018ffffffffffffffffff0120ffffffffffffffffff01282e3207757466386d62344000380020402a1e080c10800118ffffffffffffffffff012003283f320662696e61727940003800	error	5b74797065733a313239325d5472756e636174656420696e636f7272656374206461746574696d652076616c75653a20276e756c6c27	0
CastJsonAsTime/base/4	2	08904e1a35086c12030a040020002a2808f501100018ffffffffffffffffff0120ffffffffffffffffff01282e3207757466386d62344000380020402a1e080c10800118ffffffffffffffffff012003283f320662696e61727940003800	null		1
CastJsonAsTime/base/4	1	08904e1a35086c12030a040020002a2808f501100018ffffffffffffffffff0120ffffffffffffffffff01282e3207757466386d62344000380020402a1e080c10800118ffffffffffffffffff012003283f320662696e61727940003800	null		0
CastJsonAsTime/unsigned/4	0	08904e1a35086c12030a040020002a2808f501100018ffffffffffffffffff0120ffffffffffffffffff01282e3207757466386d62344000380020402a1e080c10a00118ffffffffffffffffff012003283f320662696e61727940003800	error	5b74797065733a313239325d5472756e636174656420696e636f7272656374206461746574696d652076616c75653a20276e756c6c27	0
CastJsonAsTime/unsigned/4	2	08904e1a35086c12030a040020002a2808f501100018ffffffffffffffffff0120ffffffffffffffffff01282e3207757466386d62344000380020402a1e080c10a00118ffffffffffffffffff012003283f320662696e61727940003800	null		1
CastJsonAsTime/unsigned/4	1	08904e1a35086c12030a040020002a2808f501100018ffffffffffffffffff0120ffffffffffffffffff01282e3207757466386d62344000380020402a1e080c10a00118ffffffffffffffffff012003283f320662696e61727940003800	null		0
CastJsonAsTime/timestamp	0	08904e1a3c086c120a0a0b295c8fc2f528f43f20002a2808f501100018ffffffffffffffffff0120ffffffffffffffffff01282e3207757466386d62344000380020402a1e080710800118ffffffffffffffffff012003283f320662696e61727940003800	error	5b74797065733a313239325d5472756e636174656420696e636f72726563742074696d657374616d702076616c75653a2027312e323627	0
CastJsonAsTime/timestamp	2	08904e1a3c086c120a0a0b295c8fc2f528f43f20002a2808f501100018ffffffffffffffffff0120ffffffffffffffffff01282e3207757466386d62344000380020402a1e080710800118ffffffffffffffffff012003283f320662696e61727940003800	null		1
CastJsonAsTime/timestamp	1	08904e1a3c086c120a0a0b295c8fc2f528f43f20002a2808f501100018ffffffffffffffffff0120ffffffffffffffffff01282e3207757466386d62344000380020402a1e080710800118ffffffffffffffffff012003283f320662696e61727940003800	null		0
CastJsonAsDuration/base/0	0	08904e1a3c086c120a0a0b295c8fc2f528f43f20002a2808f501100018ffffffffffffffffff0120ffffffffffffffffff01282e3207757466386d62344000380020412a1e080b10800118ffffffffffffffffff012003283f320662696e61727940003800	error	5b74797065733a313239325d5472756e636174656420696e636f72726563742054494d452076616c75653a2027312e323627	0
CastJsonAsDuration/base/0	2	08904e1a3c086c120a0a0b295c8fc2f528f43f20002a2808f501100018ffffffffffffffffff0120ffffffffffffffffff01282e3207757466386d62344000380020412a1e080b10800118ffffffffffffffffff012003283f320662696e61727940003800	null		1
CastJsonAsDuration/base/0	1	08904e1a3c086c120a0a0b295c8fc2f528f43f20002a2808f501100018ffffffffffffffffff0120ffffffffffffffffff01282e3207757466386d62344000380020412a1e080b10800118ffffffffffffffffff012003283f320662696e61727940003800	null		0
CastJsonAsDuration/unsigned/0	0	08904e1a3c086c120a0a0b295c8fc2f528f43f20002a2808f501100018ffffffffffffffffff0120ffffffffffffffffff01282e3207757466386d62344000380020412a1e080b10a00118ffffffffffffffffff012003283f320662696e61727940003800	error	5b74797065733a313239325d5472756e636174656420696e636f72726563742054494d452076616c75653a2027312e323627	0
CastJsonAsDuration/unsigned/0	2	08904e1a3c086c120a0a0b295c8fc2f528f43f20002a2808f501100018ffffffffffffffffff0120ffffffffffffffffff01282e3207757466386d62344000380020412a1e080b10a00118ffffffffffffffffff012003283f320662696e61727940003800	null		1
CastJsonAsDuration/unsigned/0	1	08904e1a3c086c120a0a0b295c8fc2f528f43f20002a2808f501100018ffffffffffffffffff0120ffffffffffffffffff01282e3207757466386d62344000380020412a1e080b10a00118ffffffffffffffffff012003283f320662696e61727940003800	null		0
CastJsonAsDuration/base/1	0	08904e1a39086c12070a0c04312e323620002a2808f501100018ffffffffffffffffff0120ffffffffffffffffff01282e3207757466386d62344000380020412a1e080b10800118ffffffffffffffffff012003283f320662696e61727940003800	value:30303a30303a30312e323630		0
CastJsonAsDuration/base/1	2	08904e1a39086c12070a0c04312e323620002a2808f501100018ffffffffffffffffff0120ffffffffffffffffff01282e3207757466386d62344000380020412a1e080b10800118ffffffffffffffffff012003283f320662696e61727940003800	value:30303a30303a30312e323630		0
CastJsonAsDuration/base/1	1	08904e1a39086c12070a0c04312e323620002a2808f501100018ffffffffffffffffff0120ffffffffffffffffff01282e3207757466386d62344000380020412a1e080b10800118ffffffffffffffffff012003283f320662696e61727940003800	value:30303a30303a30312e323630		0
CastJsonAsDuration/unsigned/1	0	08904e1a39086c12070a0c04312e323620002a2808f501100018ffffffffffffffffff0120ffffffffffffffffff01282e3207757466386d62344000380020412a1e080b10a00118ffffffffffffffffff012003283f320662696e61727940003800	value:30303a30303a30312e323630		0
CastJsonAsDuration/unsigned/1	2	08904e1a39086c12070a0c04312e323620002a2808f501100018ffffffffffffffffff0120ffffffffffffffffff01282e3207757466386d62344000380020412a1e080b10a00118ffffffffffffffffff012003283f320662696e61727940003800	value:30303a30303a30312e323630		0
CastJsonAsDuration/unsigned/1	1	08904e1a39086c12070a0c04312e323620002a2808f501100018ffffffffffffffffff0120ffffffffffffffffff01282e3207757466386d62344000380020412a1e080b10a00118ffffffffffffffffff012003283f320662696e61727940003800	value:30303a30303a30312e323630		0
CastJsonAsDuration/base/2	0	08904e1a3c086c120a0a01000000000800000020002a2808f501100018ffffffffffffffffff0120ffffffffffffffffff01282e3207757466386d62344000380020412a1e080b10800118ffffffffffffffffff012003283f320662696e61727940003800	error	5b74797065733a313239325d5472756e636174656420696e636f72726563742054494d452076616c75653a20277b7d27	0
CastJsonAsDuration/base/2	2	08904e1a3c086c120a0a01000000000800000020002a2808f501100018ffffffffffffffffff0120ffffffffffffffffff01282e3207757466386d62344000380020412a1e080b10800118ffffffffffffffffff012003283f320662696e61727940003800	null		1
CastJsonAsDuration/base/2	1	08904e1a3c086c120a0a01000000000800000020002a2808f501100018ffffffffffffffffff0120ffffffffffffffffff01282e3207757466386d62344000380020412a1e080b10800118ffffffffffffffffff012003283f320662696e61727940003800	null		0
CastJsonAsDuration/unsigned/2	0	08904e1a3c086c120a0a01000000000800000020002a2808f501100018ffffffffffffffffff0120ffffffffffffffffff01282e3207757466386d62344000380020412a1e080b10a00118ffffffffffffffffff012003283f320662696e61727940003800	error	5b74797065733a313239325d5472756e636174656420696e636f72726563742054494d452076616c75653a20277b7d27	0
CastJsonAsDuration/unsigned/2	2	08904e1a3c086c120a0a01000000000800000020002a2808f501100018ffffffffffffffffff0120ffffffffffffffffff01282e3207757466386d62344000380020412a1e080b10a00118ffffffffffffffffff012003283f320662696e61727940003800	null		1
CastJsonAsDuration/unsigned/2	1	08904e1a3c086c120a0a01000000000800000020002a2808f501100018ffffffffffffffffff0120ffffffffffffffffff01282e3207757466386d62344000380020412a1e080b10a00118ffffffffffffffffff012003283f320662696e61727940003800	null		0
CastJsonAsDuration/base/3	0	08904e1a35086c12030a040120002a2808f501100018ffffffffffffffffff0120ffffffffffffffffff01282e3207757466386d62344000380020412a1e080b10800118ffffffffffffffffff012003283f320662696e61727940003800	error	5b74797065733a313239325d5472756e636174656420696e636f72726563742054494d452076616c75653a20277472756527	0
CastJsonAsDuration/base/3	2	08904e1a35086c12030a040120002a2808f501100018ffffffffffffffffff0120ffffffffffffffffff01282e3207757466386d62344000380020412a1e080b10800118ffffffffffffffffff012003283f320662696e61727940003800	null		1
CastJsonAsDuration/base/3	1	08904e1a35086c12030a040120002a2808f501100018ffffffffffffffffff0120ffffffffffffffffff01282e3207757466386d62344000380020412a1e080b10800118ffffffffffffffffff012003283f320662696e61727940003800	null		0
CastJsonAsDuration/unsigned/3	0	08904e1a35086c12030a040120002a2808f501100018ffffffffffffffffff0120ffffffffffffffffff01282e3207757466386d62344000380020412a1e080b10a00118ffffffffffffffffff012003283f320662696e61727940003800	error	5b74797065733a313239325d5472756e636174656420696e636f72726563742054494d452076616c75653a20277472756527	0
CastJsonAsDuration/unsigned/3	2	08904e1a35086c12030a040120002a2808f501100018ffffffffffffffffff0120ffffffffffffffffff01282e3207757466386d62344000380020412a1e080b10a00118ffffffffffffffffff012003283f320662696e61727940003800	null		1
CastJsonAsDuration/unsigned/3	1	08904e1a35086c12030a040120002a2808f501100018ffffffffffffffffff0120ffffffffffffffffff01282e3207757466386d62344000380020412a1e080b10a00118ffffffffffffffffff012003283f320662696e61727940003800	null		0
CastJsonAsDuration/base/4	0	08904e1a35086c12030a040020002a2808f501100018ffffffffffffffffff0120ffffffffffffffffff01282e3207757466386d62344000380020412a1e080b10800118ffffffffffffffffff012003283f320662696e61727940003800	error	5b74797065733a313239325d5472756e636174656420696e636f72726563742054494d452076616c75653a20276e756c6c27	0
CastJsonAsDuration/base/4	2	08904e1a35086c12030a040020002a2808f501100018ffffffffffffffffff0120ffffffffffffffffff01282e3207757466386d62344000380020412a1e080b10800118ffffffffffffffffff012003283f320662696e61727940003800	null		1
CastJsonAsDuration/base/4	1	08904e1a35086c12030a040020002a2808f501100018ffffffffffffffffff0120ffffffffffffffffff01282e3207757466386d62344000380020412a1e080b10800118ffffffffffffffffff012003283f320662696e61727940003800	null		0
CastJsonAsDuration/unsigned/4	0	08904e1a35086c12030a040020002a2808f501100018ffffffffffffffffff0120ffffffffffffffffff01282e3207757466386d62344000380020412a1e080b10a00118ffffffffffffffffff012003283f320662696e61727940003800	error	5b74797065733a313239325d5472756e636174656420696e636f72726563742054494d452076616c75653a20276e756c6c27	0
CastJsonAsDuration/unsigned/4	2	08904e1a35086c12030a040020002a2808f501100018ffffffffffffffffff0120ffffffffffffffffff01282e3207757466386d62344000380020412a1e080b10a00118ffffffffffffffffff012003283f320662696e61727940003800	null		1
CastJsonAsDuration/unsigned/4	1	08904e1a35086c12030a040020002a2808f501100018ffffffffffffffffff0120ffffffffffffffffff01282e3207757466386d62344000380020412a1e080b10a00118ffffffffffffffffff012003283f320662696e61727940003800	null		0
CastJsonAsJson/base/0	0	08904e1a3c086c120a0a0b295c8fc2f528f43f20002a2808f501100018ffffffffffffffffff0120ffffffffffffffffff01282e3207757466386d62344000380020422a2808f501100018ffffffffffffffffff0120ffffffffffffffffff01282e3207757466386d623440003800	value:312e3236		0
CastJsonAsJson/base/0	2	08904e1a3c086c120a0a0b295c8fc2f528f43f20002a2808f501100018ffffffffffffffffff0120ffffffffffffffffff01282e3207757466386d62344000380020422a2808f501100018ffffffffffffffffff0120ffffffffffffffffff01282e3207757466386d623440003800	value:312e3236		0
CastJsonAsJson/base/0	1	08904e1a3c086c120a0a0b295c8fc2f528f43f20002a2808f501100018ffffffffffffffffff0120ffffffffffffffffff01282e3207757466386d62344000380020422a2808f501100018ffffffffffffffffff0120ffffffffffffffffff01282e3207757466386d623440003800	value:312e3236		0
CastJsonAsJson/unsigned/0	0	08904e1a3c086c120a0a0b295c8fc2f528f43f20002a2808f501100018ffffffffffffffffff0120ffffffffffffffffff01282e3207757466386d62344000380020422a2808f501102018ffffffffffffffffff0120ffffffffffffffffff01282e3207757466386d623440003800	value:312e3236		0
CastJsonAsJson/unsigned/0	2	08904e1a3c086c120a0a0b295c8fc2f528f43f20002a2808f501100018ffffffffffffffffff0120ffffffffffffffffff01282e3207757466386d62344000380020422a2808f501102018ffffffffffffffffff0120ffffffffffffffffff01282e3207757466386d623440003800	value:312e3236		0
CastJsonAsJson/unsigned/0	1	08904e1a3c086c120a0a0b295c8fc2f528f43f20002a2808f501100018ffffffffffffffffff0120ffffffffffffffffff01282e3207757466386d62344000380020422a2808f501102018ffffffffffffffffff0120ffffffffffffffffff01282e3207757466386d623440003800	value:312e3236		0
CastJsonAsJson/base/1	0	08904e1a39086c12070a0c04312e323620002a2808f501100018ffffffffffffffffff0120ffffffffffffffffff01282e3207757466386d62344000380020422a2808f501100018ffffffffffffffffff0120ffffffffffffffffff01282e3207757466386d623440003800	value:22312e323622		0
CastJsonAsJson/base/1	2	08904e1a39086c12070a0c04312e323620002a2808f501100018ffffffffffffffffff0120ffffffffffffffffff01282e3207757466386d62344000380020422a2808f501100018ffffffffffffffffff0120ffffffffffffffffff01282e3207757466386d623440003800	value:22312e323622		0
CastJsonAsJson/base/1	1	08904e1a39086c12070a0c04312e323620002a2808f501100018ffffffffffffffffff0120ffffffffffffffffff01282e3207757466386d62344000380020422a2808f501100018ffffffffffffffffff0120ffffffffffffffffff01282e3207757466386d623440003800	value:22312e323622		0
CastJsonAsJson/unsigned/1	0	08904e1a39086c12070a0c04312e323620002a2808f501100018ffffffffffffffffff0120ffffffffffffffffff01282e3207757466386d62344000380020422a2808f501102018ffffffffffffffffff0120ffffffffffffffffff01282e3207757466386d623440003800	value:22312e323622		0
CastJsonAsJson/unsigned/1	2	08904e1a39086c12070a0c04312e323620002a2808f501100018ffffffffffffffffff0120ffffffffffffffffff01282e3207757466386d62344000380020422a2808f501102018ffffffffffffffffff0120ffffffffffffffffff01282e3207757466386d623440003800	value:22312e323622		0
CastJsonAsJson/unsigned/1	1	08904e1a39086c12070a0c04312e323620002a2808f501100018ffffffffffffffffff0120ffffffffffffffffff01282e3207757466386d62344000380020422a2808f501102018ffffffffffffffffff0120ffffffffffffffffff01282e3207757466386d623440003800	value:22312e323622		0
CastJsonAsJson/base/2	0	08904e1a3c086c120a0a01000000000800000020002a2808f501100018ffffffffffffffffff0120ffffffffffffffffff01282e3207757466386d62344000380020422a2808f501100018ffffffffffffffffff0120ffffffffffffffffff01282e3207757466386d623440003800	value:7b7d		0
CastJsonAsJson/base/2	2	08904e1a3c086c120a0a01000000000800000020002a2808f501100018ffffffffffffffffff0120ffffffffffffffffff01282e3207757466386d62344000380020422a2808f501100018ffffffffffffffffff0120ffffffffffffffffff01282e3207757466386d623440003800	value:7b7d		0
CastJsonAsJson/base/2	1	08904e1a3c086c120a0a01000000000800000020002a2808f501100018ffffffffffffffffff0120ffffffffffffffffff01282e3207757466386d62344000380020422a2808f501100018ffffffffffffffffff0120ffffffffffffffffff01282e3207757466386d623440003800	value:7b7d		0
CastJsonAsJson/unsigned/2	0	08904e1a3c086c120a0a01000000000800000020002a2808f501100018ffffffffffffffffff0120ffffffffffffffffff01282e3207757466386d62344000380020422a2808f501102018ffffffffffffffffff0120ffffffffffffffffff01282e3207757466386d623440003800	value:7b7d		0
CastJsonAsJson/unsigned/2	2	08904e1a3c086c120a0a01000000000800000020002a2808f501100018ffffffffffffffffff0120ffffffffffffffffff01282e3207757466386d62344000380020422a2808f501102018ffffffffffffffffff0120ffffffffffffffffff01282e3207757466386d623440003800	value:7b7d		0
CastJsonAsJson/unsigned/2	1	08904e1a3c086c120a0a01000000000800000020002a2808f501100018ffffffffffffffffff0120ffffffffffffffffff01282e3207757466386d62344000380020422a2808f501102018ffffffffffffffffff0120ffffffffffffffffff01282e3207757466386d623440003800	value:7b7d		0
CastJsonAsJson/base/3	0	08904e1a35086c12030a040120002a2808f501100018ffffffffffffffffff0120ffffffffffffffffff01282e3207757466386d62344000380020422a2808f501100018ffffffffffffffffff0120ffffffffffffffffff01282e3207757466386d623440003800	value:74727565		0
CastJsonAsJson/base/3	2	08904e1a35086c12030a040120002a2808f501100018ffffffffffffffffff0120ffffffffffffffffff01282e3207757466386d62344000380020422a2808f501100018ffffffffffffffffff0120ffffffffffffffffff01282e3207757466386d623440003800	value:74727565		0
CastJsonAsJson/base/3	1	08904e1a35086c12030a040120002a2808f501100018ffffffffffffffffff0120ffffffffffffffffff01282e3207757466386d62344000380020422a2808f501100018ffffffffffffffffff0120ffffffffffffffffff01282e3207757466386d623440003800	value:74727565		0
CastJsonAsJson/unsigned/3	0	08904e1a35086c12030a040120002a2808f501100018ffffffffffffffffff0120ffffffffffffffffff01282e3207757466386d62344000380020422a2808f501102018ffffffffffffffffff0120ffffffffffffffffff01282e3207757466386d623440003800	value:74727565		0
CastJsonAsJson/unsigned/3	2	08904e1a35086c12030a040120002a2808f501100018ffffffffffffffffff0120ffffffffffffffffff01282e3207757466386d62344000380020422a2808f501102018ffffffffffffffffff0120ffffffffffffffffff01282e3207757466386d623440003800	value:74727565		0
CastJsonAsJson/unsigned/3	1	08904e1a35086c12030a040120002a2808f501100018ffffffffffffffffff0120ffffffffffffffffff01282e3207757466386d62344000380020422a2808f501102018ffffffffffffffffff0120ffffffffffffffffff01282e3207757466386d623440003800	value:74727565		0
CastJsonAsJson/base/4	0	08904e1a35086c12030a040020002a2808f501100018ffffffffffffffffff0120ffffffffffffffffff01282e3207757466386d62344000380020422a2808f501100018ffffffffffffffffff0120ffffffffffffffffff01282e3207757466386d623440003800	value:6e756c6c		0
CastJsonAsJson/base/4	2	08904e1a35086c12030a040020002a2808f501100018ffffffffffffffffff0120ffffffffffffffffff01282e3207757466386d62344000380020422a2808f501100018ffffffffffffffffff0120ffffffffffffffffff01282e3207757466386d623440003800	value:6e756c6c		0
CastJsonAsJson/base/4	1	08904e1a35086c12030a040020002a2808f501100018ffffffffffffffffff0120ffffffffffffffffff01282e3207757466386d62344000380020422a2808f501100018ffffffffffffffffff0120ffffffffffffffffff01282e3207757466386d623440003800	value:6e756c6c		0
CastJsonAsJson/unsigned/4	0	08904e1a35086c12030a040020002a2808f501100018ffffffffffffffffff0120ffffffffffffffffff01282e3207757466386d62344000380020422a2808f501102018ffffffffffffffffff0120ffffffffffffffffff01282e3207757466386d623440003800	value:6e756c6c		0
CastJsonAsJson/unsigned/4	2	08904e1a35086c12030a040020002a2808f501100018ffffffffffffffffff0120ffffffffffffffffff01282e3207757466386d62344000380020422a2808f501102018ffffffffffffffffff0120ffffffffffffffffff01282e3207757466386d623440003800	value:6e756c6c		0
CastJsonAsJson/unsigned/4	1	08904e1a35086c12030a040020002a2808f501100018ffffffffffffffffff0120ffffffffffffffffff01282e3207757466386d62344000380020422a2808f501102018ffffffffffffffffff0120ffffffffffffffffff01282e3207757466386d623440003800	value:6e756c6c		0
LTInt/ordinary	0	08904e1a30080112087fffffffffffffff20002a1e080810800118ffffffffffffffffff012000283f320662696e617279400038001a3008011208ffffffffffffffff20002a1e080810800118ffffffffffffffffff012000283f320662696e6172794000380020642a1e080810800118ffffffffffffffffff012000283f320662696e61727940003800	value:31		0
LTInt/ordinary	2	08904e1a30080112087fffffffffffffff20002a1e080810800118ffffffffffffffffff012000283f320662696e617279400038001a3008011208ffffffffffffffff20002a1e080810800118ffffffffffffffffff012000283f320662696e6172794000380020642a1e080810800118ffffffffffffffffff012000283f320662696e61727940003800	value:31		0
LTInt/ordinary	1	08904e1a30080112087fffffffffffffff20002a1e080810800118ffffffffffffffffff012000283f320662696e617279400038001a3008011208ffffffffffffffff20002a1e080810800118ffffffffffffffffff012000283f320662696e6172794000380020642a1e080810800118ffffffffffffffffff012000283f320662696e61727940003800	value:31		0
LTInt/null_bad	0	08904e1a2f080020002a27080010800118ffffffffffffffffff0120ffffffffffffffffff01283f320662696e617279400038001a3908051207696e76616c696420002a2808fd01100018ffffffffffffffffff0120ffffffffffffffffff01282e3207757466386d62344000380020642a1e080810800118ffffffffffffffffff012000283f320662696e61727940003800	error	5b74797065733a313239325d5472756e636174656420696e636f727265637420444f55424c452076616c75653a2027696e76616c696427	0
LTInt/null_bad	2	08904e1a2f080020002a27080010800118ffffffffffffffffff0120ffffffffffffffffff01283f320662696e617279400038001a3908051207696e76616c696420002a2808fd01100018ffffffffffffffffff0120ffffffffffffffffff01282e3207757466386d62344000380020642a1e080810800118ffffffffffffffffff012000283f320662696e61727940003800	null		1
LTInt/null_bad	1	08904e1a2f080020002a27080010800118ffffffffffffffffff0120ffffffffffffffffff01283f320662696e617279400038001a3908051207696e76616c696420002a2808fd01100018ffffffffffffffffff0120ffffffffffffffffff01282e3207757466386d62344000380020642a1e080810800118ffffffffffffffffff012000283f320662696e61727940003800	null		0
LEInt/ordinary	0	08904e1a30080112087fffffffffffffff20002a1e080810800118ffffffffffffffffff012000283f320662696e617279400038001a3008011208ffffffffffffffff20002a1e080810800118ffffffffffffffffff012000283f320662696e61727940003800206e2a1e080810800118ffffffffffffffffff012000283f320662696e61727940003800	value:31		0
LEInt/ordinary	2	08904e1a30080112087fffffffffffffff20002a1e080810800118ffffffffffffffffff012000283f320662696e617279400038001a3008011208ffffffffffffffff20002a1e080810800118ffffffffffffffffff012000283f320662696e61727940003800206e2a1e080810800118ffffffffffffffffff012000283f320662696e61727940003800	value:31		0
LEInt/ordinary	1	08904e1a30080112087fffffffffffffff20002a1e080810800118ffffffffffffffffff012000283f320662696e617279400038001a3008011208ffffffffffffffff20002a1e080810800118ffffffffffffffffff012000283f320662696e61727940003800206e2a1e080810800118ffffffffffffffffff012000283f320662696e61727940003800	value:31		0
LEInt/null_bad	0	08904e1a2f080020002a27080010800118ffffffffffffffffff0120ffffffffffffffffff01283f320662696e617279400038001a3908051207696e76616c696420002a2808fd01100018ffffffffffffffffff0120ffffffffffffffffff01282e3207757466386d623440003800206e2a1e080810800118ffffffffffffffffff012000283f320662696e61727940003800	error	5b74797065733a313239325d5472756e636174656420696e636f727265637420444f55424c452076616c75653a2027696e76616c696427	0
LEInt/null_bad	2	08904e1a2f080020002a27080010800118ffffffffffffffffff0120ffffffffffffffffff01283f320662696e617279400038001a3908051207696e76616c696420002a2808fd01100018ffffffffffffffffff0120ffffffffffffffffff01282e3207757466386d623440003800206e2a1e080810800118ffffffffffffffffff012000283f320662696e61727940003800	null		1
LEInt/null_bad	1	08904e1a2f080020002a27080010800118ffffffffffffffffff0120ffffffffffffffffff01283f320662696e617279400038001a3908051207696e76616c696420002a2808fd01100018ffffffffffffffffff0120ffffffffffffffffff01282e3207757466386d623440003800206e2a1e080810800118ffffffffffffffffff012000283f320662696e61727940003800	null		0
GTInt/ordinary	0	08904e1a30080112087fffffffffffffff20002a1e080810800118ffffffffffffffffff012000283f320662696e617279400038001a3008011208ffffffffffffffff20002a1e080810800118ffffffffffffffffff012000283f320662696e6172794000380020782a1e080810800118ffffffffffffffffff012000283f320662696e61727940003800	value:30		0
GTInt/ordinary	2	08904e1a30080112087fffffffffffffff20002a1e080810800118ffffffffffffffffff012000283f320662696e617279400038001a3008011208ffffffffffffffff20002a1e080810800118ffffffffffffffffff012000283f320662696e6172794000380020782a1e080810800118ffffffffffffffffff012000283f320662696e61727940003800	value:30		0
GTInt/ordinary	1	08904e1a30080112087fffffffffffffff20002a1e080810800118ffffffffffffffffff012000283f320662696e617279400038001a3008011208ffffffffffffffff20002a1e080810800118ffffffffffffffffff012000283f320662696e6172794000380020782a1e080810800118ffffffffffffffffff012000283f320662696e61727940003800	value:30		0
GTInt/null_bad	0	08904e1a2f080020002a27080010800118ffffffffffffffffff0120ffffffffffffffffff01283f320662696e617279400038001a3908051207696e76616c696420002a2808fd01100018ffffffffffffffffff0120ffffffffffffffffff01282e3207757466386d62344000380020782a1e080810800118ffffffffffffffffff012000283f320662696e61727940003800	error	5b74797065733a313239325d5472756e636174656420696e636f727265637420444f55424c452076616c75653a2027696e76616c696427	0
GTInt/null_bad	2	08904e1a2f080020002a27080010800118ffffffffffffffffff0120ffffffffffffffffff01283f320662696e617279400038001a3908051207696e76616c696420002a2808fd01100018ffffffffffffffffff0120ffffffffffffffffff01282e3207757466386d62344000380020782a1e080810800118ffffffffffffffffff012000283f320662696e61727940003800	null		1
GTInt/null_bad	1	08904e1a2f080020002a27080010800118ffffffffffffffffff0120ffffffffffffffffff01283f320662696e617279400038001a3908051207696e76616c696420002a2808fd01100018ffffffffffffffffff0120ffffffffffffffffff01282e3207757466386d62344000380020782a1e080810800118ffffffffffffffffff012000283f320662696e61727940003800	null		0
GEInt/ordinary	0	08904e1a30080112087fffffffffffffff20002a1e080810800118ffffffffffffffffff012000283f320662696e617279400038001a3008011208ffffffffffffffff20002a1e080810800118ffffffffffffffffff012000283f320662696e617279400038002082012a1e080810800118ffffffffffffffffff012000283f320662696e61727940003800	value:30		0
GEInt/ordinary	2	08904e1a30080112087fffffffffffffff20002a1e080810800118ffffffffffffffffff012000283f320662696e617279400038001a3008011208ffffffffffffffff20002a1e080810800118ffffffffffffffffff012000283f320662696e617279400038002082012a1e080810800118ffffffffffffffffff012000283f320662696e61727940003800	value:30		0
GEInt/ordinary	1	08904e1a30080112087fffffffffffffff20002a1e080810800118ffffffffffffffffff012000283f320662696e617279400038001a3008011208ffffffffffffffff20002a1e080810800118ffffffffffffffffff012000283f320662696e617279400038002082012a1e080810800118ffffffffffffffffff012000283f320662696e61727940003800	value:30		0
GEInt/null_bad	0	08904e1a2f080020002a27080010800118ffffffffffffffffff0120ffffffffffffffffff01283f320662696e617279400038001a3908051207696e76616c696420002a2808fd01100018ffffffffffffffffff0120ffffffffffffffffff01282e3207757466386d6234400038002082012a1e080810800118ffffffffffffffffff012000283f320662696e61727940003800	error	5b74797065733a313239325d5472756e636174656420696e636f727265637420444f55424c452076616c75653a2027696e76616c696427	0
GEInt/null_bad	2	08904e1a2f080020002a27080010800118ffffffffffffffffff0120ffffffffffffffffff01283f320662696e617279400038001a3908051207696e76616c696420002a2808fd01100018ffffffffffffffffff0120ffffffffffffffffff01282e3207757466386d6234400038002082012a1e080810800118ffffffffffffffffff012000283f320662696e61727940003800	null		1
GEInt/null_bad	1	08904e1a2f080020002a27080010800118ffffffffffffffffff0120ffffffffffffffffff01283f320662696e617279400038001a3908051207696e76616c696420002a2808fd01100018ffffffffffffffffff0120ffffffffffffffffff01282e3207757466386d6234400038002082012a1e080810800118ffffffffffffffffff012000283f320662696e61727940003800	null		0
EQInt/ordinary	0	08904e1a30080112087fffffffffffffff20002a1e080810800118ffffffffffffffffff012000283f320662696e617279400038001a3008011208ffffffffffffffff20002a1e080810800118ffffffffffffffffff012000283f320662696e61727940003800208c012a1e080810800118ffffffffffffffffff012000283f320662696e61727940003800	value:30		0
EQInt/ordinary	2	08904e1a30080112087fffffffffffffff20002a1e080810800118ffffffffffffffffff012000283f320662696e617279400038001a3008011208ffffffffffffffff20002a1e080810800118ffffffffffffffffff012000283f320662696e61727940003800208c012a1e080810800118ffffffffffffffffff012000283f320662696e61727940003800	value:30		0
EQInt/ordinary	1	08904e1a30080112087fffffffffffffff20002a1e080810800118ffffffffffffffffff012000283f320662696e617279400038001a3008011208ffffffffffffffff20002a1e080810800118ffffffffffffffffff012000283f320662696e61727940003800208c012a1e080810800118ffffffffffffffffff012000283f320662696e61727940003800	value:30		0
EQInt/null_bad	0	08904e1a2f080020002a27080010800118ffffffffffffffffff0120ffffffffffffffffff01283f320662696e617279400038001a3908051207696e76616c696420002a2808fd01100018ffffffffffffffffff0120ffffffffffffffffff01282e3207757466386d623440003800208c012a1e080810800118ffffffffffffffffff012000283f320662696e61727940003800	error	5b74797065733a313239325d5472756e636174656420696e636f727265637420444f55424c452076616c75653a2027696e76616c696427	0
EQInt/null_bad	2	08904e1a2f080020002a27080010800118ffffffffffffffffff0120ffffffffffffffffff01283f320662696e617279400038001a3908051207696e76616c696420002a2808fd01100018ffffffffffffffffff0120ffffffffffffffffff01282e3207757466386d623440003800208c012a1e080810800118ffffffffffffffffff012000283f320662696e61727940003800	null		1
EQInt/null_bad	1	08904e1a2f080020002a27080010800118ffffffffffffffffff0120ffffffffffffffffff01283f320662696e617279400038001a3908051207696e76616c696420002a2808fd01100018ffffffffffffffffff0120ffffffffffffffffff01282e3207757466386d623440003800208c012a1e080810800118ffffffffffffffffff012000283f320662696e61727940003800	null		0
NEInt/ordinary	0	08904e1a30080112087fffffffffffffff20002a1e080810800118ffffffffffffffffff012000283f320662696e617279400038001a3008011208ffffffffffffffff20002a1e080810800118ffffffffffffffffff012000283f320662696e617279400038002096012a1e080810800118ffffffffffffffffff012000283f320662696e61727940003800	value:31		0
NEInt/ordinary	2	08904e1a30080112087fffffffffffffff20002a1e080810800118ffffffffffffffffff012000283f320662696e617279400038001a3008011208ffffffffffffffff20002a1e080810800118ffffffffffffffffff012000283f320662696e617279400038002096012a1e080810800118ffffffffffffffffff012000283f320662696e61727940003800	value:31		0
NEInt/ordinary	1	08904e1a30080112087fffffffffffffff20002a1e080810800118ffffffffffffffffff012000283f320662696e617279400038001a3008011208ffffffffffffffff20002a1e080810800118ffffffffffffffffff012000283f320662696e617279400038002096012a1e080810800118ffffffffffffffffff012000283f320662696e61727940003800	value:31		0
NEInt/null_bad	0	08904e1a2f080020002a27080010800118ffffffffffffffffff0120ffffffffffffffffff01283f320662696e617279400038001a3908051207696e76616c696420002a2808fd01100018ffffffffffffffffff0120ffffffffffffffffff01282e3207757466386d6234400038002096012a1e080810800118ffffffffffffffffff012000283f320662696e61727940003800	error	5b74797065733a313239325d5472756e636174656420696e636f727265637420444f55424c452076616c75653a2027696e76616c696427	0
NEInt/null_bad	2	08904e1a2f080020002a27080010800118ffffffffffffffffff0120ffffffffffffffffff01283f320662696e617279400038001a3908051207696e76616c696420002a2808fd01100018ffffffffffffffffff0120ffffffffffffffffff01282e3207757466386d6234400038002096012a1e080810800118ffffffffffffffffff012000283f320662696e61727940003800	null		1
NEInt/null_bad	1	08904e1a2f080020002a27080010800118ffffffffffffffffff0120ffffffffffffffffff01283f320662696e617279400038001a3908051207696e76616c696420002a2808fd01100018ffffffffffffffffff0120ffffffffffffffffff01282e3207757466386d6234400038002096012a1e080810800118ffffffffffffffffff012000283f320662696e61727940003800	null		0
LTReal/ordinary	0	08904e1a3908041208400bd70a3d70a3d620002a27080510800118ffffffffffffffffff0120ffffffffffffffffff01283f320662696e617279400038001a3908041208c415af1d78b58c4020002a27080510800118ffffffffffffffffff0120ffffffffffffffffff01283f320662696e6172794000380020652a1e080810800118ffffffffffffffffff012000283f320662696e61727940003800	value:31		0
LTReal/ordinary	2	08904e1a3908041208400bd70a3d70a3d620002a27080510800118ffffffffffffffffff0120ffffffffffffffffff01283f320662696e617279400038001a3908041208c415af1d78b58c4020002a27080510800118ffffffffffffffffff0120ffffffffffffffffff01283f320662696e6172794000380020652a1e080810800118ffffffffffffffffff012000283f320662696e61727940003800	value:31		0
LTReal/ordinary	1	08904e1a3908041208400bd70a3d70a3d620002a27080510800118ffffffffffffffffff0120ffffffffffffffffff01283f320662696e617279400038001a3908041208c415af1d78b58c4020002a27080510800118ffffffffffffffffff0120ffffffffffffffffff01283f320662696e6172794000380020652a1e080810800118ffffffffffffffffff012000283f320662696e61727940003800	value:31		0
LTReal/null_bad	0	08904e1a2f080020002a27080010800118ffffffffffffffffff0120ffffffffffffffffff01283f320662696e617279400038001a3908051207696e76616c696420002a2808fd01100018ffffffffffffffffff0120ffffffffffffffffff01282e3207757466386d62344000380020652a1e080810800118ffffffffffffffffff012000283f320662696e61727940003800	error	5b74797065733a313239325d5472756e636174656420696e636f727265637420444f55424c452076616c75653a2027696e76616c696427	0
LTReal/null_bad	2	08904e1a2f080020002a27080010800118ffffffffffffffffff0120ffffffffffffffffff01283f320662696e617279400038001a3908051207696e76616c696420002a2808fd01100018ffffffffffffffffff0120ffffffffffffffffff01282e3207757466386d62344000380020652a1e080810800118ffffffffffffffffff012000283f320662696e61727940003800	null		1
LTReal/null_bad	1	08904e1a2f080020002a27080010800118ffffffffffffffffff0120ffffffffffffffffff01283f320662696e617279400038001a3908051207696e76616c696420002a2808fd01100018ffffffffffffffffff0120ffffffffffffffffff01282e3207757466386d62344000380020652a1e080810800118ffffffffffffffffff012000283f320662696e61727940003800	null		0
LEReal/ordinary	0	08904e1a3908041208400bd70a3d70a3d620002a27080510800118ffffffffffffffffff0120ffffffffffffffffff01283f320662696e617279400038001a3908041208c415af1d78b58c4020002a27080510800118ffffffffffffffffff0120ffffffffffffffffff01283f320662696e61727940003800206f2a1e080810800118ffffffffffffffffff012000283f320662696e61727940003800	value:31		0
LEReal/ordinary	2	08904e1a3908041208400bd70a3d70a3d620002a27080510800118ffffffffffffffffff0120ffffffffffffffffff01283f320662696e617279400038001a3908041208c415af1d78b58c4020002a27080510800118ffffffffffffffffff0120ffffffffffffffffff01283f320662696e61727940003800206f2a1e080810800118ffffffffffffffffff012000283f320662696e61727940003800	value:31		0
LEReal/ordinary	1	08904e1a3908041208400bd70a3d70a3d620002a27080510800118ffffffffffffffffff0120ffffffffffffffffff01283f320662696e617279400038001a3908041208c415af1d78b58c4020002a27080510800118ffffffffffffffffff0120ffffffffffffffffff01283f320662696e61727940003800206f2a1e080810800118ffffffffffffffffff012000283f320662696e61727940003800	value:31		0
LEReal/null_bad	0	08904e1a2f080020002a27080010800118ffffffffffffffffff0120ffffffffffffffffff01283f320662696e617279400038001a3908051207696e76616c696420002a2808fd01100018ffffffffffffffffff0120ffffffffffffffffff01282e3207757466386d623440003800206f2a1e080810800118ffffffffffffffffff012000283f320662696e61727940003800	error	5b74797065733a313239325d5472756e636174656420696e636f727265637420444f55424c452076616c75653a2027696e76616c696427	0
LEReal/null_bad	2	08904e1a2f080020002a27080010800118ffffffffffffffffff0120ffffffffffffffffff01283f320662696e617279400038001a3908051207696e76616c696420002a2808fd01100018ffffffffffffffffff0120ffffffffffffffffff01282e3207757466386d623440003800206f2a1e080810800118ffffffffffffffffff012000283f320662696e61727940003800	null		1
LEReal/null_bad	1	08904e1a2f080020002a27080010800118ffffffffffffffffff0120ffffffffffffffffff01283f320662696e617279400038001a3908051207696e76616c696420002a2808fd01100018ffffffffffffffffff0120ffffffffffffffffff01282e3207757466386d623440003800206f2a1e080810800118ffffffffffffffffff012000283f320662696e61727940003800	null		0
GTReal/ordinary	0	08904e1a3908041208400bd70a3d70a3d620002a27080510800118ffffffffffffffffff0120ffffffffffffffffff01283f320662696e617279400038001a3908041208c415af1d78b58c4020002a27080510800118ffffffffffffffffff0120ffffffffffffffffff01283f320662696e6172794000380020792a1e080810800118ffffffffffffffffff012000283f320662696e61727940003800	value:30		0
GTReal/ordinary	2	08904e1a3908041208400bd70a3d70a3d620002a27080510800118ffffffffffffffffff0120ffffffffffffffffff01283f320662696e617279400038001a3908041208c415af1d78b58c4020002a27080510800118ffffffffffffffffff0120ffffffffffffffffff01283f320662696e6172794000380020792a1e080810800118ffffffffffffffffff012000283f320662696e61727940003800	value:30		0
GTReal/ordinary	1	08904e1a3908041208400bd70a3d70a3d620002a27080510800118ffffffffffffffffff0120ffffffffffffffffff01283f320662696e617279400038001a3908041208c415af1d78b58c4020002a27080510800118ffffffffffffffffff0120ffffffffffffffffff01283f320662696e6172794000380020792a1e080810800118ffffffffffffffffff012000283f320662696e61727940003800	value:30		0
GTReal/null_bad	0	08904e1a2f080020002a27080010800118ffffffffffffffffff0120ffffffffffffffffff01283f320662696e617279400038001a3908051207696e76616c696420002a2808fd01100018ffffffffffffffffff0120ffffffffffffffffff01282e3207757466386d62344000380020792a1e080810800118ffffffffffffffffff012000283f320662696e61727940003800	error	5b74797065733a313239325d5472756e636174656420696e636f727265637420444f55424c452076616c75653a2027696e76616c696427	0
GTReal/null_bad	2	08904e1a2f080020002a27080010800118ffffffffffffffffff0120ffffffffffffffffff01283f320662696e617279400038001a3908051207696e76616c696420002a2808fd01100018ffffffffffffffffff0120ffffffffffffffffff01282e3207757466386d62344000380020792a1e080810800118ffffffffffffffffff012000283f320662696e61727940003800	null		1
GTReal/null_bad	1	08904e1a2f080020002a27080010800118ffffffffffffffffff0120ffffffffffffffffff01283f320662696e617279400038001a3908051207696e76616c696420002a2808fd01100018ffffffffffffffffff0120ffffffffffffffffff01282e3207757466386d62344000380020792a1e080810800118ffffffffffffffffff012000283f320662696e61727940003800	null		0
GEReal/ordinary	0	08904e1a3908041208400bd70a3d70a3d620002a27080510800118ffffffffffffffffff0120ffffffffffffffffff01283f320662696e617279400038001a3908041208c415af1d78b58c4020002a27080510800118ffffffffffffffffff0120ffffffffffffffffff01283f320662696e617279400038002083012a1e080810800118ffffffffffffffffff012000283f320662696e61727940003800	value:30		0
GEReal/ordinary	2	08904e1a3908041208400bd70a3d70a3d620002a27080510800118ffffffffffffffffff0120ffffffffffffffffff01283f320662696e617279400038001a3908041208c415af1d78b58c4020002a27080510800118ffffffffffffffffff0120ffffffffffffffffff01283f320662696e617279400038002083012a1e080810800118ffffffffffffffffff012000283f320662696e61727940003800	value:30		0
GEReal/ordinary	1	08904e1a3908041208400bd70a3d70a3d620002a27080510800118ffffffffffffffffff0120ffffffffffffffffff01283f320662696e617279400038001a3908041208c415af1d78b58c4020002a27080510800118ffffffffffffffffff0120ffffffffffffffffff01283f320662696e617279400038002083012a1e080810800118ffffffffffffffffff012000283f320662696e61727940003800	value:30		0
GEReal/null_bad	0	08904e1a2f080020002a27080010800118ffffffffffffffffff0120ffffffffffffffffff01283f320662696e617279400038001a3908051207696e76616c696420002a2808fd01100018ffffffffffffffffff0120ffffffffffffffffff01282e3207757466386d6234400038002083012a1e080810800118ffffffffffffffffff012000283f320662696e61727940003800	error	5b74797065733a313239325d5472756e636174656420696e636f727265637420444f55424c452076616c75653a2027696e76616c696427	0
GEReal/null_bad	2	08904e1a2f080020002a27080010800118ffffffffffffffffff0120ffffffffffffffffff01283f320662696e617279400038001a3908051207696e76616c696420002a2808fd01100018ffffffffffffffffff0120ffffffffffffffffff01282e3207757466386d6234400038002083012a1e080810800118ffffffffffffffffff012000283f320662696e61727940003800	null		1
GEReal/null_bad	1	08904e1a2f080020002a27080010800118ffffffffffffffffff0120ffffffffffffffffff01283f320662696e617279400038001a3908051207696e76616c696420002a2808fd01100018ffffffffffffffffff0120ffffffffffffffffff01282e3207757466386d6234400038002083012a1e080810800118ffffffffffffffffff012000283f320662696e61727940003800	null		0
EQReal/ordinary	0	08904e1a3908041208400bd70a3d70a3d620002a27080510800118ffffffffffffffffff0120ffffffffffffffffff01283f320662696e617279400038001a3908041208c415af1d78b58c4020002a27080510800118ffffffffffffffffff0120ffffffffffffffffff01283f320662696e61727940003800208d012a1e080810800118ffffffffffffffffff012000283f320662696e61727940003800	value:30		0
EQReal/ordinary	2	08904e1a3908041208400bd70a3d70a3d620002a27080510800118ffffffffffffffffff0120ffffffffffffffffff01283f320662696e617279400038001a3908041208c415af1d78b58c4020002a27080510800118ffffffffffffffffff0120ffffffffffffffffff01283f320662696e61727940003800208d012a1e080810800118ffffffffffffffffff012000283f320662696e61727940003800	value:30		0
EQReal/ordinary	1	08904e1a3908041208400bd70a3d70a3d620002a27080510800118ffffffffffffffffff0120ffffffffffffffffff01283f320662696e617279400038001a3908041208c415af1d78b58c4020002a27080510800118ffffffffffffffffff0120ffffffffffffffffff01283f320662696e61727940003800208d012a1e080810800118ffffffffffffffffff012000283f320662696e61727940003800	value:30		0
EQReal/null_bad	0	08904e1a2f080020002a27080010800118ffffffffffffffffff0120ffffffffffffffffff01283f320662696e617279400038001a3908051207696e76616c696420002a2808fd01100018ffffffffffffffffff0120ffffffffffffffffff01282e3207757466386d623440003800208d012a1e080810800118ffffffffffffffffff012000283f320662696e61727940003800	error	5b74797065733a313239325d5472756e636174656420696e636f727265637420444f55424c452076616c75653a2027696e76616c696427	0
EQReal/null_bad	2	08904e1a2f080020002a27080010800118ffffffffffffffffff0120ffffffffffffffffff01283f320662696e617279400038001a3908051207696e76616c696420002a2808fd01100018ffffffffffffffffff0120ffffffffffffffffff01282e3207757466386d623440003800208d012a1e080810800118ffffffffffffffffff012000283f320662696e61727940003800	null		1
EQReal/null_bad	1	08904e1a2f080020002a27080010800118ffffffffffffffffff0120ffffffffffffffffff01283f320662696e617279400038001a3908051207696e76616c696420002a2808fd01100018ffffffffffffffffff0120ffffffffffffffffff01282e3207757466386d623440003800208d012a1e080810800118ffffffffffffffffff012000283f320662696e61727940003800	null		0
NEReal/ordinary	0	08904e1a3908041208400bd70a3d70a3d620002a27080510800118ffffffffffffffffff0120ffffffffffffffffff01283f320662696e617279400038001a3908041208c415af1d78b58c4020002a27080510800118ffffffffffffffffff0120ffffffffffffffffff01283f320662696e617279400038002097012a1e080810800118ffffffffffffffffff012000283f320662696e61727940003800	value:31		0
NEReal/ordinary	2	08904e1a3908041208400bd70a3d70a3d620002a27080510800118ffffffffffffffffff0120ffffffffffffffffff01283f320662696e617279400038001a3908041208c415af1d78b58c4020002a27080510800118ffffffffffffffffff0120ffffffffffffffffff01283f320662696e617279400038002097012a1e080810800118ffffffffffffffffff012000283f320662696e61727940003800	value:31		0
NEReal/ordinary	1	08904e1a3908041208400bd70a3d70a3d620002a27080510800118ffffffffffffffffff0120ffffffffffffffffff01283f320662696e617279400038001a3908041208c415af1d78b58c4020002a27080510800118ffffffffffffffffff0120ffffffffffffffffff01283f320662696e617279400038002097012a1e080810800118ffffffffffffffffff012000283f320662696e61727940003800	value:31		0
NEReal/null_bad	0	08904e1a2f080020002a27080010800118ffffffffffffffffff0120ffffffffffffffffff01283f320662696e617279400038001a3908051207696e76616c696420002a2808fd01100018ffffffffffffffffff0120ffffffffffffffffff01282e3207757466386d6234400038002097012a1e080810800118ffffffffffffffffff012000283f320662696e61727940003800	error	5b74797065733a313239325d5472756e636174656420696e636f727265637420444f55424c452076616c75653a2027696e76616c696427	0
NEReal/null_bad	2	08904e1a2f080020002a27080010800118ffffffffffffffffff0120ffffffffffffffffff01283f320662696e617279400038001a3908051207696e76616c696420002a2808fd01100018ffffffffffffffffff0120ffffffffffffffffff01282e3207757466386d6234400038002097012a1e080810800118ffffffffffffffffff012000283f320662696e61727940003800	null		1
NEReal/null_bad	1	08904e1a2f080020002a27080010800118ffffffffffffffffff0120ffffffffffffffffff01283f320662696e617279400038001a3908051207696e76616c696420002a2808fd01100018ffffffffffffffffff0120ffffffffffffffffff01282e3207757466386d6234400038002097012a1e080810800118ffffffffffffffffff012000283f320662696e61727940003800	null		0
LTDecimal/ordinary	0	08904e1a240866120403027ee520002a1608f601108001180a2002283f320662696e617279400038001a26086612060603807b01c820002a1608f601108001180a2002283f320662696e6172794000380020662a1e080810800118ffffffffffffffffff012000283f320662696e61727940003800	value:31		0
LTDecimal/ordinary	2	08904e1a240866120403027ee520002a1608f601108001180a2002283f320662696e617279400038001a26086612060603807b01c820002a1608f601108001180a2002283f320662696e6172794000380020662a1e080810800118ffffffffffffffffff012000283f320662696e61727940003800	value:31		0
LTDecimal/ordinary	1	08904e1a240866120403027ee520002a1608f601108001180a2002283f320662696e617279400038001a26086612060603807b01c820002a1608f601108001180a2002283f320662696e6172794000380020662a1e080810800118ffffffffffffffffff012000283f320662696e61727940003800	value:31		0
LTDecimal/null_bad	0	08904e1a2f080020002a27080010800118ffffffffffffffffff0120ffffffffffffffffff01283f320662696e617279400038001a3908051207696e76616c696420002a2808fd01100018ffffffffffffffffff0120ffffffffffffffffff01282e3207757466386d62344000380020662a1e080810800118ffffffffffffffffff012000283f320662696e61727940003800	error	5b74797065733a313239325d5472756e636174656420696e636f727265637420444543494d414c2076616c75653a2027696e76616c696427	0
LTDecimal/null_bad	2	08904e1a2f080020002a27080010800118ffffffffffffffffff0120ffffffffffffffffff01283f320662696e617279400038001a3908051207696e76616c696420002a2808fd01100018ffffffffffffffffff0120ffffffffffffffffff01282e3207757466386d62344000380020662a1e080810800118ffffffffffffffffff012000283f320662696e61727940003800	null		1
LTDecimal/null_bad	1	08904e1a2f080020002a27080010800118ffffffffffffffffff0120ffffffffffffffffff01283f320662696e617279400038001a3908051207696e76616c696420002a2808fd01100018ffffffffffffffffff0120ffffffffffffffffff01282e3207757466386d62344000380020662a1e080810800118ffffffffffffffffff012000283f320662696e61727940003800	null		0
LEDecimal/ordinary	0	08904e1a240866120403027ee520002a1608f601108001180a2002283f320662696e617279400038001a26086612060603807b01c820002a1608f601108001180a2002283f320662696e6172794000380020702a1e080810800118ffffffffffffffffff012000283f320662696e61727940003800	value:31		0
LEDecimal/ordinary	2	08904e1a240866120403027ee520002a1608f601108001180a2002283f320662696e617279400038001a26086612060603807b01c820002a1608f601108001180a2002283f320662696e6172794000380020702a1e080810800118ffffffffffffffffff012000283f320662696e61727940003800	value:31		0
LEDecimal/ordinary	1	08904e1a240866120403027ee520002a1608f601108001180a2002283f320662696e617279400038001a26086612060603807b01c820002a1608f601108001180a2002283f320662696e6172794000380020702a1e080810800118ffffffffffffffffff012000283f320662696e61727940003800	value:31		0
LEDecimal/null_bad	0	08904e1a2f080020002a27080010800118ffffffffffffffffff0120ffffffffffffffffff01283f320662696e617279400038001a3908051207696e76616c696420002a2808fd01100018ffffffffffffffffff0120ffffffffffffffffff01282e3207757466386d62344000380020702a1e080810800118ffffffffffffffffff012000283f320662696e61727940003800	error	5b74797065733a313239325d5472756e636174656420696e636f727265637420444543494d414c2076616c75653a2027696e76616c696427	0
LEDecimal/null_bad	2	08904e1a2f080020002a27080010800118ffffffffffffffffff0120ffffffffffffffffff01283f320662696e617279400038001a3908051207696e76616c696420002a2808fd01100018ffffffffffffffffff0120ffffffffffffffffff01282e3207757466386d62344000380020702a1e080810800118ffffffffffffffffff012000283f320662696e61727940003800	null		1
LEDecimal/null_bad	1	08904e1a2f080020002a27080010800118ffffffffffffffffff0120ffffffffffffffffff01283f320662696e617279400038001a3908051207696e76616c696420002a2808fd01100018ffffffffffffffffff0120ffffffffffffffffff01282e3207757466386d62344000380020702a1e080810800118ffffffffffffffffff012000283f320662696e61727940003800	null		0
GTDecimal/ordinary	0	08904e1a240866120403027ee520002a1608f601108001180a2002283f320662696e617279400038001a26086612060603807b01c820002a1608f601108001180a2002283f320662696e61727940003800207a2a1e080810800118ffffffffffffffffff012000283f320662696e61727940003800	value:30		0
GTDecimal/ordinary	2	08904e1a240866120403027ee520002a1608f601108001180a2002283f320662696e617279400038001a26086612060603807b01c820002a1608f601108001180a2002283f320662696e61727940003800207a2a1e080810800118ffffffffffffffffff012000283f320662696e61727940003800	value:30		0
GTDecimal/ordinary	1	08904e1a240866120403027ee520002a1608f601108001180a2002283f320662696e617279400038001a26086612060603807b01c820002a1608f601108001180a2002283f320662696e61727940003800207a2a1e080810800118ffffffffffffffffff012000283f320662696e61727940003800	value:30		0
GTDecimal/null_bad	0	08904e1a2f080020002a27080010800118ffffffffffffffffff0120ffffffffffffffffff01283f320662696e617279400038001a3908051207696e76616c696420002a2808fd01100018ffffffffffffffffff0120ffffffffffffffffff01282e3207757466386d623440003800207a2a1e080810800118ffffffffffffffffff012000283f320662696e61727940003800	error	5b74797065733a313239325d5472756e636174656420696e636f727265637420444543494d414c2076616c75653a2027696e76616c696427	0
GTDecimal/null_bad	2	08904e1a2f080020002a27080010800118ffffffffffffffffff0120ffffffffffffffffff01283f320662696e617279400038001a3908051207696e76616c696420002a2808fd01100018ffffffffffffffffff0120ffffffffffffffffff01282e3207757466386d623440003800207a2a1e080810800118ffffffffffffffffff012000283f320662696e61727940003800	null		1
GTDecimal/null_bad	1	08904e1a2f080020002a27080010800118ffffffffffffffffff0120ffffffffffffffffff01283f320662696e617279400038001a3908051207696e76616c696420002a2808fd01100018ffffffffffffffffff0120ffffffffffffffffff01282e3207757466386d623440003800207a2a1e080810800118ffffffffffffffffff012000283f320662696e61727940003800	null		0
GEDecimal/ordinary	0	08904e1a240866120403027ee520002a1608f601108001180a2002283f320662696e617279400038001a26086612060603807b01c820002a1608f601108001180a2002283f320662696e617279400038002084012a1e080810800118ffffffffffffffffff012000283f320662696e61727940003800	value:30		0
GEDecimal/ordinary	2	08904e1a240866120403027ee520002a1608f601108001180a2002283f320662696e617279400038001a26086612060603807b01c820002a1608f601108001180a2002283f320662696e617279400038002084012a1e080810800118ffffffffffffffffff012000283f320662696e61727940003800	value:30		0
GEDecimal/ordinary	1	08904e1a240866120403027ee520002a1608f601108001180a2002283f320662696e617279400038001a26086612060603807b01c820002a1608f601108001180a2002283f320662696e617279400038002084012a1e080810800118ffffffffffffffffff012000283f320662696e61727940003800	value:30		0
GEDecimal/null_bad	0	08904e1a2f080020002a27080010800118ffffffffffffffffff0120ffffffffffffffffff01283f320662696e617279400038001a3908051207696e76616c696420002a2808fd01100018ffffffffffffffffff0120ffffffffffffffffff01282e3207757466386d6234400038002084012a1e080810800118ffffffffffffffffff012000283f320662696e61727940003800	error	5b74797065733a313239325d5472756e636174656420696e636f727265637420444543494d414c2076616c75653a2027696e76616c696427	0
GEDecimal/null_bad	2	08904e1a2f080020002a27080010800118ffffffffffffffffff0120ffffffffffffffffff01283f320662696e617279400038001a3908051207696e76616c696420002a2808fd01100018ffffffffffffffffff0120ffffffffffffffffff01282e3207757466386d6234400038002084012a1e080810800118ffffffffffffffffff012000283f320662696e61727940003800	null		1
GEDecimal/null_bad	1	08904e1a2f080020002a27080010800118ffffffffffffffffff0120ffffffffffffffffff01283f320662696e617279400038001a3908051207696e76616c696420002a2808fd01100018ffffffffffffffffff0120ffffffffffffffffff01282e3207757466386d6234400038002084012a1e080810800118ffffffffffffffffff012000283f320662696e61727940003800	null		0
EQDecimal/ordinary	0	08904e1a240866120403027ee520002a1608f601108001180a2002283f320662696e617279400038001a26086612060603807b01c820002a1608f601108001180a2002283f320662696e61727940003800208e012a1e080810800118ffffffffffffffffff012000283f320662696e61727940003800	value:30		0
EQDecimal/ordinary	2	08904e1a240866120403027ee520002a1608f601108001180a2002283f320662696e617279400038001a26086612060603807b01c820002a1608f601108001180a2002283f320662696e61727940003800208e012a1e080810800118ffffffffffffffffff012000283f320662696e61727940003800	value:30		0
EQDecimal/ordinary	1	08904e1a240866120403027ee520002a1608f601108001180a2002283f320662696e617279400038001a26086612060603807b01c820002a1608f601108001180a2002283f320662696e61727940003800208e012a1e080810800118ffffffffffffffffff012000283f320662696e61727940003800	value:30		0
EQDecimal/null_bad	0	08904e1a2f080020002a27080010800118ffffffffffffffffff0120ffffffffffffffffff01283f320662696e617279400038001a3908051207696e76616c696420002a2808fd01100018ffffffffffffffffff0120ffffffffffffffffff01282e3207757466386d623440003800208e012a1e080810800118ffffffffffffffffff012000283f320662696e61727940003800	error	5b74797065733a313239325d5472756e636174656420696e636f727265637420444543494d414c2076616c75653a2027696e76616c696427	0
EQDecimal/null_bad	2	08904e1a2f080020002a27080010800118ffffffffffffffffff0120ffffffffffffffffff01283f320662696e617279400038001a3908051207696e76616c696420002a2808fd01100018ffffffffffffffffff0120ffffffffffffffffff01282e3207757466386d623440003800208e012a1e080810800118ffffffffffffffffff012000283f320662696e61727940003800	null		1
EQDecimal/null_bad	1	08904e1a2f080020002a27080010800118ffffffffffffffffff0120ffffffffffffffffff01283f320662696e617279400038001a3908051207696e76616c696420002a2808fd01100018ffffffffffffffffff0120ffffffffffffffffff01282e3207757466386d623440003800208e012a1e080810800118ffffffffffffffffff012000283f320662696e61727940003800	null		0
NEDecimal/ordinary	0	08904e1a240866120403027ee520002a1608f601108001180a2002283f320662696e617279400038001a26086612060603807b01c820002a1608f601108001180a2002283f320662696e617279400038002098012a1e080810800118ffffffffffffffffff012000283f320662696e61727940003800	value:31		0
NEDecimal/ordinary	2	08904e1a240866120403027ee520002a1608f601108001180a2002283f320662696e617279400038001a26086612060603807b01c820002a1608f601108001180a2002283f320662696e617279400038002098012a1e080810800118ffffffffffffffffff012000283f320662696e61727940003800	value:31		0
NEDecimal/ordinary	1	08904e1a240866120403027ee520002a1608f601108001180a2002283f320662696e617279400038001a26086612060603807b01c820002a1608f601108001180a2002283f320662696e617279400038002098012a1e080810800118ffffffffffffffffff012000283f320662696e61727940003800	value:31		0
NEDecimal/null_bad	0	08904e1a2f080020002a27080010800118ffffffffffffffffff0120ffffffffffffffffff01283f320662696e617279400038001a3908051207696e76616c696420002a2808fd01100018ffffffffffffffffff0120ffffffffffffffffff01282e3207757466386d6234400038002098012a1e080810800118ffffffffffffffffff012000283f320662696e61727940003800	error	5b74797065733a313239325d5472756e636174656420696e636f727265637420444543494d414c2076616c75653a2027696e76616c696427	0
NEDecimal/null_bad	2	08904e1a2f080020002a27080010800118ffffffffffffffffff0120ffffffffffffffffff01283f320662696e617279400038001a3908051207696e76616c696420002a2808fd01100018ffffffffffffffffff0120ffffffffffffffffff01282e3207757466386d6234400038002098012a1e080810800118ffffffffffffffffff012000283f320662696e61727940003800	null		1
NEDecimal/null_bad	1	08904e1a2f080020002a27080010800118ffffffffffffffffff0120ffffffffffffffffff01283f320662696e617279400038001a3908051207696e76616c696420002a2808fd01100018ffffffffffffffffff0120ffffffffffffffffff01282e3207757466386d6234400038002098012a1e080810800118ffffffffffffffffff012000283f320662696e61727940003800	null		0
LTString/ordinary	0	08904e1a3608051204312e323620002a2808fd01100018ffffffffffffffffff0120ffffffffffffffffff01282e3207757466386d6234400038001a36080512043165393920002a2808fd01100018ffffffffffffffffff0120ffffffffffffffffff01282e3207757466386d62344000380020672a1e080810800118ffffffffffffffffff012000283f320662696e61727940003800	value:31		0
LTString/ordinary	2	08904e1a3608051204312e323620002a2808fd01100018ffffffffffffffffff0120ffffffffffffffffff01282e3207757466386d6234400038001a36080512043165393920002a2808fd01100018ffffffffffffffffff0120ffffffffffffffffff01282e3207757466386d62344000380020672a1e080810800118ffffffffffffffffff012000283f320662696e61727940003800	value:31		0
LTString/ordinary	1	08904e1a3608051204312e323620002a2808fd01100018ffffffffffffffffff0120ffffffffffffffffff01282e3207757466386d6234400038001a36080512043165393920002a2808fd01100018ffffffffffffffffff0120ffffffffffffffffff01282e3207757466386d62344000380020672a1e080810800118ffffffffffffffffff012000283f320662696e61727940003800	value:31		0
LTString/null_bad	0	08904e1a2f080020002a27080010800118ffffffffffffffffff0120ffffffffffffffffff01283f320662696e617279400038001a3908051207696e76616c696420002a2808fd01100018ffffffffffffffffff0120ffffffffffffffffff01282e3207757466386d62344000380020672a1e080810800118ffffffffffffffffff012000283f320662696e61727940003800	null		0
LTString/null_bad	2	08904e1a2f080020002a27080010800118ffffffffffffffffff0120ffffffffffffffffff01283f320662696e617279400038001a3908051207696e76616c696420002a2808fd01100018ffffffffffffffffff0120ffffffffffffffffff01282e3207757466386d62344000380020672a1e080810800118ffffffffffffffffff012000283f320662696e61727940003800	null		0
LTString/null_bad	1	08904e1a2f080020002a27080010800118ffffffffffffffffff0120ffffffffffffffffff01283f320662696e617279400038001a3908051207696e76616c696420002a2808fd01100018ffffffffffffffffff0120ffffffffffffffffff01282e3207757466386d62344000380020672a1e080810800118ffffffffffffffffff012000283f320662696e61727940003800	null		0
LEString/ordinary	0	08904e1a3608051204312e323620002a2808fd01100018ffffffffffffffffff0120ffffffffffffffffff01282e3207757466386d6234400038001a36080512043165393920002a2808fd01100018ffffffffffffffffff0120ffffffffffffffffff01282e3207757466386d62344000380020712a1e080810800118ffffffffffffffffff012000283f320662696e61727940003800	value:31		0
LEString/ordinary	2	08904e1a3608051204312e323620002a2808fd01100018ffffffffffffffffff0120ffffffffffffffffff01282e3207757466386d6234400038001a36080512043165393920002a2808fd01100018ffffffffffffffffff0120ffffffffffffffffff01282e3207757466386d62344000380020712a1e080810800118ffffffffffffffffff012000283f320662696e61727940003800	value:31		0
LEString/ordinary	1	08904e1a3608051204312e323620002a2808fd01100018ffffffffffffffffff0120ffffffffffffffffff01282e3207757466386d6234400038001a36080512043165393920002a2808fd01100018ffffffffffffffffff0120ffffffffffffffffff01282e3207757466386d62344000380020712a1e080810800118ffffffffffffffffff012000283f320662696e61727940003800	value:31		0
LEString/null_bad	0	08904e1a2f080020002a27080010800118ffffffffffffffffff0120ffffffffffffffffff01283f320662696e617279400038001a3908051207696e76616c696420002a2808fd01100018ffffffffffffffffff0120ffffffffffffffffff01282e3207757466386d62344000380020712a1e080810800118ffffffffffffffffff012000283f320662696e61727940003800	null		0
LEString/null_bad	2	08904e1a2f080020002a27080010800118ffffffffffffffffff0120ffffffffffffffffff01283f320662696e617279400038001a3908051207696e76616c696420002a2808fd01100018ffffffffffffffffff0120ffffffffffffffffff01282e3207757466386d62344000380020712a1e080810800118ffffffffffffffffff012000283f320662696e61727940003800	null		0
LEString/null_bad	1	08904e1a2f080020002a27080010800118ffffffffffffffffff0120ffffffffffffffffff01283f320662696e617279400038001a3908051207696e76616c696420002a2808fd01100018ffffffffffffffffff0120ffffffffffffffffff01282e3207757466386d62344000380020712a1e080810800118ffffffffffffffffff012000283f320662696e61727940003800	null		0
GTString/ordinary	0	08904e1a3608051204312e323620002a2808fd01100018ffffffffffffffffff0120ffffffffffffffffff01282e3207757466386d6234400038001a36080512043165393920002a2808fd01100018ffffffffffffffffff0120ffffffffffffffffff01282e3207757466386d623440003800207b2a1e080810800118ffffffffffffffffff012000283f320662696e61727940003800	value:30		0
GTString/ordinary	2	08904e1a3608051204312e323620002a2808fd01100018ffffffffffffffffff0120ffffffffffffffffff01282e3207757466386d6234400038001a36080512043165393920002a2808fd01100018ffffffffffffffffff0120ffffffffffffffffff01282e3207757466386d623440003800207b2a1e080810800118ffffffffffffffffff012000283f320662696e61727940003800	value:30		0
GTString/ordinary	1	08904e1a3608051204312e323620002a2808fd01100018ffffffffffffffffff0120ffffffffffffffffff01282e3207757466386d6234400038001a36080512043165393920002a2808fd01100018ffffffffffffffffff0120ffffffffffffffffff01282e3207757466386d623440003800207b2a1e080810800118ffffffffffffffffff012000283f320662696e61727940003800	value:30		0
GTString/null_bad	0	08904e1a2f080020002a27080010800118ffffffffffffffffff0120ffffffffffffffffff01283f320662696e617279400038001a3908051207696e76616c696420002a2808fd01100018ffffffffffffffffff0120ffffffffffffffffff01282e3207757466386d623440003800207b2a1e080810800118ffffffffffffffffff012000283f320662696e61727940003800	null		0
GTString/null_bad	2	08904e1a2f080020002a27080010800118ffffffffffffffffff0120ffffffffffffffffff01283f320662696e617279400038001a3908051207696e76616c696420002a2808fd01100018ffffffffffffffffff0120ffffffffffffffffff01282e3207757466386d623440003800207b2a1e080810800118ffffffffffffffffff012000283f320662696e61727940003800	null		0
GTString/null_bad	1	08904e1a2f080020002a27080010800118ffffffffffffffffff0120ffffffffffffffffff01283f320662696e617279400038001a3908051207696e76616c696420002a2808fd01100018ffffffffffffffffff0120ffffffffffffffffff01282e3207757466386d623440003800207b2a1e080810800118ffffffffffffffffff012000283f320662696e61727940003800	null		0
GEString/ordinary	0	08904e1a3608051204312e323620002a2808fd01100018ffffffffffffffffff0120ffffffffffffffffff01282e3207757466386d6234400038001a36080512043165393920002a2808fd01100018ffffffffffffffffff0120ffffffffffffffffff01282e3207757466386d6234400038002085012a1e080810800118ffffffffffffffffff012000283f320662696e61727940003800	value:30		0
GEString/ordinary	2	08904e1a3608051204312e323620002a2808fd01100018ffffffffffffffffff0120ffffffffffffffffff01282e3207757466386d6234400038001a36080512043165393920002a2808fd01100018ffffffffffffffffff0120ffffffffffffffffff01282e3207757466386d6234400038002085012a1e080810800118ffffffffffffffffff012000283f320662696e61727940003800	value:30		0
GEString/ordinary	1	08904e1a3608051204312e323620002a2808fd01100018ffffffffffffffffff0120ffffffffffffffffff01282e3207757466386d6234400038001a36080512043165393920002a2808fd01100018ffffffffffffffffff0120ffffffffffffffffff01282e3207757466386d6234400038002085012a1e080810800118ffffffffffffffffff012000283f320662696e61727940003800	value:30		0
GEString/null_bad	0	08904e1a2f080020002a27080010800118ffffffffffffffffff0120ffffffffffffffffff01283f320662696e617279400038001a3908051207696e76616c696420002a2808fd01100018ffffffffffffffffff0120ffffffffffffffffff01282e3207757466386d6234400038002085012a1e080810800118ffffffffffffffffff012000283f320662696e61727940003800	null		0
GEString/null_bad	2	08904e1a2f080020002a27080010800118ffffffffffffffffff0120ffffffffffffffffff01283f320662696e617279400038001a3908051207696e76616c696420002a2808fd01100018ffffffffffffffffff0120ffffffffffffffffff01282e3207757466386d6234400038002085012a1e080810800118ffffffffffffffffff012000283f320662696e61727940003800	null		0
GEString/null_bad	1	08904e1a2f080020002a27080010800118ffffffffffffffffff0120ffffffffffffffffff01283f320662696e617279400038001a3908051207696e76616c696420002a2808fd01100018ffffffffffffffffff0120ffffffffffffffffff01282e3207757466386d6234400038002085012a1e080810800118ffffffffffffffffff012000283f320662696e61727940003800	null		0
EQString/ordinary	0	08904e1a3608051204312e323620002a2808fd01100018ffffffffffffffffff0120ffffffffffffffffff01282e3207757466386d6234400038001a36080512043165393920002a2808fd01100018ffffffffffffffffff0120ffffffffffffffffff01282e3207757466386d623440003800208f012a1e080810800118ffffffffffffffffff012000283f320662696e61727940003800	value:30		0
EQString/ordinary	2	08904e1a3608051204312e323620002a2808fd01100018ffffffffffffffffff0120ffffffffffffffffff01282e3207757466386d6234400038001a36080512043165393920002a2808fd01100018ffffffffffffffffff0120ffffffffffffffffff01282e3207757466386d623440003800208f012a1e080810800118ffffffffffffffffff012000283f320662696e61727940003800	value:30		0
EQString/ordinary	1	08904e1a3608051204312e323620002a2808fd01100018ffffffffffffffffff0120ffffffffffffffffff01282e3207757466386d6234400038001a36080512043165393920002a2808fd01100018ffffffffffffffffff0120ffffffffffffffffff01282e3207757466386d623440003800208f012a1e080810800118ffffffffffffffffff012000283f320662696e61727940003800	value:30		0
EQString/null_bad	0	08904e1a2f080020002a27080010800118ffffffffffffffffff0120ffffffffffffffffff01283f320662696e617279400038001a3908051207696e76616c696420002a2808fd01100018ffffffffffffffffff0120ffffffffffffffffff01282e3207757466386d623440003800208f012a1e080810800118ffffffffffffffffff012000283f320662696e61727940003800	null		0
EQString/null_bad	2	08904e1a2f080020002a27080010800118ffffffffffffffffff0120ffffffffffffffffff01283f320662696e617279400038001a3908051207696e76616c696420002a2808fd01100018ffffffffffffffffff0120ffffffffffffffffff01282e3207757466386d623440003800208f012a1e080810800118ffffffffffffffffff012000283f320662696e61727940003800	null		0
EQString/null_bad	1	08904e1a2f080020002a27080010800118ffffffffffffffffff0120ffffffffffffffffff01283f320662696e617279400038001a3908051207696e76616c696420002a2808fd01100018ffffffffffffffffff0120ffffffffffffffffff01282e3207757466386d623440003800208f012a1e080810800118ffffffffffffffffff012000283f320662696e61727940003800	null		0
NEString/ordinary	0	08904e1a3608051204312e323620002a2808fd01100018ffffffffffffffffff0120ffffffffffffffffff01282e3207757466386d6234400038001a36080512043165393920002a2808fd01100018ffffffffffffffffff0120ffffffffffffffffff01282e3207757466386d6234400038002099012a1e080810800118ffffffffffffffffff012000283f320662696e61727940003800	value:31		0
NEString/ordinary	2	08904e1a3608051204312e323620002a2808fd01100018ffffffffffffffffff0120ffffffffffffffffff01282e3207757466386d6234400038001a36080512043165393920002a2808fd01100018ffffffffffffffffff0120ffffffffffffffffff01282e3207757466386d6234400038002099012a1e080810800118ffffffffffffffffff012000283f320662696e61727940003800	value:31		0
NEString/ordinary	1	08904e1a3608051204312e323620002a2808fd01100018ffffffffffffffffff0120ffffffffffffffffff01282e3207757466386d6234400038001a36080512043165393920002a2808fd01100018ffffffffffffffffff0120ffffffffffffffffff01282e3207757466386d6234400038002099012a1e080810800118ffffffffffffffffff012000283f320662696e61727940003800	value:31		0
NEString/null_bad	0	08904e1a2f080020002a27080010800118ffffffffffffffffff0120ffffffffffffffffff01283f320662696e617279400038001a3908051207696e76616c696420002a2808fd01100018ffffffffffffffffff0120ffffffffffffffffff01282e3207757466386d6234400038002099012a1e080810800118ffffffffffffffffff012000283f320662696e61727940003800	null		0
NEString/null_bad	2	08904e1a2f080020002a27080010800118ffffffffffffffffff0120ffffffffffffffffff01283f320662696e617279400038001a3908051207696e76616c696420002a2808fd01100018ffffffffffffffffff0120ffffffffffffffffff01282e3207757466386d6234400038002099012a1e080810800118ffffffffffffffffff012000283f320662696e61727940003800	null		0
NEString/null_bad	1	08904e1a2f080020002a27080010800118ffffffffffffffffff0120ffffffffffffffffff01283f320662696e617279400038001a3908051207696e76616c696420002a2808fd01100018ffffffffffffffffff0120ffffffffffffffffff01282e3207757466386d6234400038002099012a1e080810800118ffffffffffffffffff012000283f320662696e61727940003800	null		0
LTTime/ordinary	0	08904e1a30086b120819b244310501e07820002a1e080c10800118ffffffffffffffffff012003283f320662696e617279400038001a30086b120819b244310501e07820002a1e080c10800118ffffffffffffffffff012003283f320662696e6172794000380020682a1e080810800118ffffffffffffffffff012000283f320662696e61727940003800	value:30		0
LTTime/ordinary	2	08904e1a30086b120819b244310501e07820002a1e080c10800118ffffffffffffffffff012003283f320662696e617279400038001a30086b120819b244310501e07820002a1e080c10800118ffffffffffffffffff012003283f320662696e6172794000380020682a1e080810800118ffffffffffffffffff012000283f320662696e61727940003800	value:30		0
LTTime/ordinary	1	08904e1a30086b120819b244310501e07820002a1e080c10800118ffffffffffffffffff012003283f320662696e617279400038001a30086b120819b244310501e07820002a1e080c10800118ffffffffffffffffff012003283f320662696e6172794000380020682a1e080810800118ffffffffffffffffff012000283f320662696e61727940003800	value:30		0
LTTime/null_bad	0	08904e1a2f080020002a27080010800118ffffffffffffffffff0120ffffffffffffffffff01283f320662696e617279400038001a3908051207696e76616c696420002a2808fd01100018ffffffffffffffffff0120ffffffffffffffffff01282e3207757466386d62344000380020682a1e080810800118ffffffffffffffffff012000283f320662696e61727940003800	panic	696e7465726661636520636f6e76657273696f6e3a20696e74657266616365207b7d206973206e696c2c206e6f742074797065732e54696d65	0
LTTime/null_bad	2	08904e1a2f080020002a27080010800118ffffffffffffffffff0120ffffffffffffffffff01283f320662696e617279400038001a3908051207696e76616c696420002a2808fd01100018ffffffffffffffffff0120ffffffffffffffffff01282e3207757466386d62344000380020682a1e080810800118ffffffffffffffffff012000283f320662696e61727940003800	panic	696e7465726661636520636f6e76657273696f6e3a20696e74657266616365207b7d206973206e696c2c206e6f742074797065732e54696d65	0
LTTime/null_bad	1	08904e1a2f080020002a27080010800118ffffffffffffffffff0120ffffffffffffffffff01283f320662696e617279400038001a3908051207696e76616c696420002a2808fd01100018ffffffffffffffffff0120ffffffffffffffffff01282e3207757466386d62344000380020682a1e080810800118ffffffffffffffffff012000283f320662696e61727940003800	panic	696e7465726661636520636f6e76657273696f6e3a20696e74657266616365207b7d206973206e696c2c206e6f742074797065732e54696d65	0
LETime/ordinary	0	08904e1a30086b120819b244310501e07820002a1e080c10800118ffffffffffffffffff012003283f320662696e617279400038001a30086b120819b244310501e07820002a1e080c10800118ffffffffffffffffff012003283f320662696e6172794000380020722a1e080810800118ffffffffffffffffff012000283f320662696e61727940003800	value:31		0
LETime/ordinary	2	08904e1a30086b120819b244310501e07820002a1e080c10800118ffffffffffffffffff012003283f320662696e617279400038001a30086b120819b244310501e07820002a1e080c10800118ffffffffffffffffff012003283f320662696e6172794000380020722a1e080810800118ffffffffffffffffff012000283f320662696e61727940003800	value:31		0
LETime/ordinary	1	08904e1a30086b120819b244310501e07820002a1e080c10800118ffffffffffffffffff012003283f320662696e617279400038001a30086b120819b244310501e07820002a1e080c10800118ffffffffffffffffff012003283f320662696e6172794000380020722a1e080810800118ffffffffffffffffff012000283f320662696e61727940003800	value:31		0
LETime/null_bad	0	08904e1a2f080020002a27080010800118ffffffffffffffffff0120ffffffffffffffffff01283f320662696e617279400038001a3908051207696e76616c696420002a2808fd01100018ffffffffffffffffff0120ffffffffffffffffff01282e3207757466386d62344000380020722a1e080810800118ffffffffffffffffff012000283f320662696e61727940003800	panic	696e7465726661636520636f6e76657273696f6e3a20696e74657266616365207b7d206973206e696c2c206e6f742074797065732e54696d65	0
LETime/null_bad	2	08904e1a2f080020002a27080010800118ffffffffffffffffff0120ffffffffffffffffff01283f320662696e617279400038001a3908051207696e76616c696420002a2808fd01100018ffffffffffffffffff0120ffffffffffffffffff01282e3207757466386d62344000380020722a1e080810800118ffffffffffffffffff012000283f320662696e61727940003800	panic	696e7465726661636520636f6e76657273696f6e3a20696e74657266616365207b7d206973206e696c2c206e6f742074797065732e54696d65	0
LETime/null_bad	1	08904e1a2f080020002a27080010800118ffffffffffffffffff0120ffffffffffffffffff01283f320662696e617279400038001a3908051207696e76616c696420002a2808fd01100018ffffffffffffffffff0120ffffffffffffffffff01282e3207757466386d62344000380020722a1e080810800118ffffffffffffffffff012000283f320662696e61727940003800	panic	696e7465726661636520636f6e76657273696f6e3a20696e74657266616365207b7d206973206e696c2c206e6f742074797065732e54696d65	0
GTTime/ordinary	0	08904e1a30086b120819b244310501e07820002a1e080c10800118ffffffffffffffffff012003283f320662696e617279400038001a30086b120819b244310501e07820002a1e080c10800118ffffffffffffffffff012003283f320662696e61727940003800207c2a1e080810800118ffffffffffffffffff012000283f320662696e61727940003800	value:30		0
GTTime/ordinary	2	08904e1a30086b120819b244310501e07820002a1e080c10800118ffffffffffffffffff012003283f320662696e617279400038001a30086b120819b244310501e07820002a1e080c10800118ffffffffffffffffff012003283f320662696e61727940003800207c2a1e080810800118ffffffffffffffffff012000283f320662696e61727940003800	value:30		0
GTTime/ordinary	1	08904e1a30086b120819b244310501e07820002a1e080c10800118ffffffffffffffffff012003283f320662696e617279400038001a30086b120819b244310501e07820002a1e080c10800118ffffffffffffffffff012003283f320662696e61727940003800207c2a1e080810800118ffffffffffffffffff012000283f320662696e61727940003800	value:30		0
GTTime/null_bad	0	08904e1a2f080020002a27080010800118ffffffffffffffffff0120ffffffffffffffffff01283f320662696e617279400038001a3908051207696e76616c696420002a2808fd01100018ffffffffffffffffff0120ffffffffffffffffff01282e3207757466386d623440003800207c2a1e080810800118ffffffffffffffffff012000283f320662696e61727940003800	panic	696e7465726661636520636f6e76657273696f6e3a20696e74657266616365207b7d206973206e696c2c206e6f742074797065732e54696d65	0
GTTime/null_bad	2	08904e1a2f080020002a27080010800118ffffffffffffffffff0120ffffffffffffffffff01283f320662696e617279400038001a3908051207696e76616c696420002a2808fd01100018ffffffffffffffffff0120ffffffffffffffffff01282e3207757466386d623440003800207c2a1e080810800118ffffffffffffffffff012000283f320662696e61727940003800	panic	696e7465726661636520636f6e76657273696f6e3a20696e74657266616365207b7d206973206e696c2c206e6f742074797065732e54696d65	0
GTTime/null_bad	1	08904e1a2f080020002a27080010800118ffffffffffffffffff0120ffffffffffffffffff01283f320662696e617279400038001a3908051207696e76616c696420002a2808fd01100018ffffffffffffffffff0120ffffffffffffffffff01282e3207757466386d623440003800207c2a1e080810800118ffffffffffffffffff012000283f320662696e61727940003800	panic	696e7465726661636520636f6e76657273696f6e3a20696e74657266616365207b7d206973206e696c2c206e6f742074797065732e54696d65	0
GETime/ordinary	0	08904e1a30086b120819b244310501e07820002a1e080c10800118ffffffffffffffffff012003283f320662696e617279400038001a30086b120819b244310501e07820002a1e080c10800118ffffffffffffffffff012003283f320662696e617279400038002086012a1e080810800118ffffffffffffffffff012000283f320662696e61727940003800	value:31		0
GETime/ordinary	2	08904e1a30086b120819b244310501e07820002a1e080c10800118ffffffffffffffffff012003283f320662696e617279400038001a30086b120819b244310501e07820002a1e080c10800118ffffffffffffffffff012003283f320662696e617279400038002086012a1e080810800118ffffffffffffffffff012000283f320662696e61727940003800	value:31		0
GETime/ordinary	1	08904e1a30086b120819b244310501e07820002a1e080c10800118ffffffffffffffffff012003283f320662696e617279400038001a30086b120819b244310501e07820002a1e080c10800118ffffffffffffffffff012003283f320662696e617279400038002086012a1e080810800118ffffffffffffffffff012000283f320662696e61727940003800	value:31		0
GETime/null_bad	0	08904e1a2f080020002a27080010800118ffffffffffffffffff0120ffffffffffffffffff01283f320662696e617279400038001a3908051207696e76616c696420002a2808fd01100018ffffffffffffffffff0120ffffffffffffffffff01282e3207757466386d6234400038002086012a1e080810800118ffffffffffffffffff012000283f320662696e61727940003800	panic	696e7465726661636520636f6e76657273696f6e3a20696e74657266616365207b7d206973206e696c2c206e6f742074797065732e54696d65	0
GETime/null_bad	2	08904e1a2f080020002a27080010800118ffffffffffffffffff0120ffffffffffffffffff01283f320662696e617279400038001a3908051207696e76616c696420002a2808fd01100018ffffffffffffffffff0120ffffffffffffffffff01282e3207757466386d6234400038002086012a1e080810800118ffffffffffffffffff012000283f320662696e61727940003800	panic	696e7465726661636520636f6e76657273696f6e3a20696e74657266616365207b7d206973206e696c2c206e6f742074797065732e54696d65	0
GETime/null_bad	1	08904e1a2f080020002a27080010800118ffffffffffffffffff0120ffffffffffffffffff01283f320662696e617279400038001a3908051207696e76616c696420002a2808fd01100018ffffffffffffffffff0120ffffffffffffffffff01282e3207757466386d6234400038002086012a1e080810800118ffffffffffffffffff012000283f320662696e61727940003800	panic	696e7465726661636520636f6e76657273696f6e3a20696e74657266616365207b7d206973206e696c2c206e6f742074797065732e54696d65	0
EQTime/ordinary	0	08904e1a30086b120819b244310501e07820002a1e080c10800118ffffffffffffffffff012003283f320662696e617279400038001a30086b120819b244310501e07820002a1e080c10800118ffffffffffffffffff012003283f320662696e617279400038002090012a1e080810800118ffffffffffffffffff012000283f320662696e61727940003800	value:31		0
EQTime/ordinary	2	08904e1a30086b120819b244310501e07820002a1e080c10800118ffffffffffffffffff012003283f320662696e617279400038001a30086b120819b244310501e07820002a1e080c10800118ffffffffffffffffff012003283f320662696e617279400038002090012a1e080810800118ffffffffffffffffff012000283f320662696e61727940003800	value:31		0
EQTime/ordinary	1	08904e1a30086b120819b244310501e07820002a1e080c10800118ffffffffffffffffff012003283f320662696e617279400038001a30086b120819b244310501e07820002a1e080c10800118ffffffffffffffffff012003283f320662696e617279400038002090012a1e080810800118ffffffffffffffffff012000283f320662696e61727940003800	value:31		0
EQTime/null_bad	0	08904e1a2f080020002a27080010800118ffffffffffffffffff0120ffffffffffffffffff01283f320662696e617279400038001a3908051207696e76616c696420002a2808fd01100018ffffffffffffffffff0120ffffffffffffffffff01282e3207757466386d6234400038002090012a1e080810800118ffffffffffffffffff012000283f320662696e61727940003800	panic	696e7465726661636520636f6e76657273696f6e3a20696e74657266616365207b7d206973206e696c2c206e6f742074797065732e54696d65	0
EQTime/null_bad	2	08904e1a2f080020002a27080010800118ffffffffffffffffff0120ffffffffffffffffff01283f320662696e617279400038001a3908051207696e76616c696420002a2808fd01100018ffffffffffffffffff0120ffffffffffffffffff01282e3207757466386d6234400038002090012a1e080810800118ffffffffffffffffff012000283f320662696e61727940003800	panic	696e7465726661636520636f6e76657273696f6e3a20696e74657266616365207b7d206973206e696c2c206e6f742074797065732e54696d65	0
EQTime/null_bad	1	08904e1a2f080020002a27080010800118ffffffffffffffffff0120ffffffffffffffffff01283f320662696e617279400038001a3908051207696e76616c696420002a2808fd01100018ffffffffffffffffff0120ffffffffffffffffff01282e3207757466386d6234400038002090012a1e080810800118ffffffffffffffffff012000283f320662696e61727940003800	panic	696e7465726661636520636f6e76657273696f6e3a20696e74657266616365207b7d206973206e696c2c206e6f742074797065732e54696d65	0
NETime/ordinary	0	08904e1a30086b120819b244310501e07820002a1e080c10800118ffffffffffffffffff012003283f320662696e617279400038001a30086b120819b244310501e07820002a1e080c10800118ffffffffffffffffff012003283f320662696e61727940003800209a012a1e080810800118ffffffffffffffffff012000283f320662696e61727940003800	value:30		0
NETime/ordinary	2	08904e1a30086b120819b244310501e07820002a1e080c10800118ffffffffffffffffff012003283f320662696e617279400038001a30086b120819b244310501e07820002a1e080c10800118ffffffffffffffffff012003283f320662696e61727940003800209a012a1e080810800118ffffffffffffffffff012000283f320662696e61727940003800	value:30		0
NETime/ordinary	1	08904e1a30086b120819b244310501e07820002a1e080c10800118ffffffffffffffffff012003283f320662696e617279400038001a30086b120819b244310501e07820002a1e080c10800118ffffffffffffffffff012003283f320662696e61727940003800209a012a1e080810800118ffffffffffffffffff012000283f320662696e61727940003800	value:30		0
NETime/null_bad	0	08904e1a2f080020002a27080010800118ffffffffffffffffff0120ffffffffffffffffff01283f320662696e617279400038001a3908051207696e76616c696420002a2808fd01100018ffffffffffffffffff0120ffffffffffffffffff01282e3207757466386d623440003800209a012a1e080810800118ffffffffffffffffff012000283f320662696e61727940003800	panic	696e7465726661636520636f6e76657273696f6e3a20696e74657266616365207b7d206973206e696c2c206e6f742074797065732e54696d65	0
NETime/null_bad	2	08904e1a2f080020002a27080010800118ffffffffffffffffff0120ffffffffffffffffff01283f320662696e617279400038001a3908051207696e76616c696420002a2808fd01100018ffffffffffffffffff0120ffffffffffffffffff01282e3207757466386d623440003800209a012a1e080810800118ffffffffffffffffff012000283f320662696e61727940003800	panic	696e7465726661636520636f6e76657273696f6e3a20696e74657266616365207b7d206973206e696c2c206e6f742074797065732e54696d65	0
NETime/null_bad	1	08904e1a2f080020002a27080010800118ffffffffffffffffff0120ffffffffffffffffff01283f320662696e617279400038001a3908051207696e76616c696420002a2808fd01100018ffffffffffffffffff0120ffffffffffffffffff01282e3207757466386d623440003800209a012a1e080810800118ffffffffffffffffff012000283f320662696e61727940003800	panic	696e7465726661636520636f6e76657273696f6e3a20696e74657266616365207b7d206973206e696c2c206e6f742074797065732e54696d65	0
PlusInt/-1/2	0	08904e1a30080112087fffffffffffffff20002a1e080810800118ffffffffffffffffff012000283f320662696e617279400038001a3008011208800000000000000220002a1e080810800118ffffffffffffffffff012000283f320662696e6172794000380020cb012a1e080810800118ffffffffffffffffff012000283f320662696e61727940003800	value:31		0
PlusInt/-1/2	2	08904e1a30080112087fffffffffffffff20002a1e080810800118ffffffffffffffffff012000283f320662696e617279400038001a3008011208800000000000000220002a1e080810800118ffffffffffffffffff012000283f320662696e6172794000380020cb012a1e080810800118ffffffffffffffffff012000283f320662696e61727940003800	value:31		0
PlusInt/-1/2	1	08904e1a30080112087fffffffffffffff20002a1e080810800118ffffffffffffffffff012000283f320662696e617279400038001a3008011208800000000000000220002a1e080810800118ffffffffffffffffff012000283f320662696e6172794000380020cb012a1e080810800118ffffffffffffffffff012000283f320662696e61727940003800	value:31		0
PlusInt/1/0	0	08904e1a3008011208800000000000000120002a1e080810800118ffffffffffffffffff012000283f320662696e617279400038001a3008011208800000000000000020002a1e080810800118ffffffffffffffffff012000283f320662696e6172794000380020cb012a1e080810800118ffffffffffffffffff012000283f320662696e61727940003800	value:31		0
PlusInt/1/0	2	08904e1a3008011208800000000000000120002a1e080810800118ffffffffffffffffff012000283f320662696e617279400038001a3008011208800000000000000020002a1e080810800118ffffffffffffffffff012000283f320662696e6172794000380020cb012a1e080810800118ffffffffffffffffff012000283f320662696e61727940003800	value:31		0
PlusInt/1/0	1	08904e1a3008011208800000000000000120002a1e080810800118ffffffffffffffffff012000283f320662696e617279400038001a3008011208800000000000000020002a1e080810800118ffffffffffffffffff012000283f320662696e6172794000380020cb012a1e080810800118ffffffffffffffffff012000283f320662696e61727940003800	value:31		0
PlusInt/9223372036854775807/2	0	08904e1a3008011208ffffffffffffffff20002a1e080810800118ffffffffffffffffff012000283f320662696e617279400038001a3008011208800000000000000220002a1e080810800118ffffffffffffffffff012000283f320662696e6172794000380020cb012a1e080810800118ffffffffffffffffff012000283f320662696e61727940003800	error	5b74797065733a313639305d424947494e542076616c7565206973206f7574206f662072616e676520696e20272839323233333732303336383534373735383037202b20322927	0
PlusInt/9223372036854775807/2	2	08904e1a3008011208ffffffffffffffff20002a1e080810800118ffffffffffffffffff012000283f320662696e617279400038001a3008011208800000000000000220002a1e080810800118ffffffffffffffffff012000283f320662696e6172794000380020cb012a1e080810800118ffffffffffffffffff012000283f320662696e61727940003800	error	5b74797065733a313639305d424947494e542076616c7565206973206f7574206f662072616e676520696e20272839323233333732303336383534373735383037202b20322927	0
PlusInt/9223372036854775807/2	1	08904e1a3008011208ffffffffffffffff20002a1e080810800118ffffffffffffffffff012000283f320662696e617279400038001a3008011208800000000000000220002a1e080810800118ffffffffffffffffff012000283f320662696e6172794000380020cb012a1e080810800118ffffffffffffffffff012000283f320662696e61727940003800	error	5b74797065733a313639305d424947494e542076616c7565206973206f7574206f662072616e676520696e20272839323233333732303336383534373735383037202b20322927	0
PlusInt/null_bad	0	08904e1a2f080020002a27080010800118ffffffffffffffffff0120ffffffffffffffffff01283f320662696e617279400038001a3908051207696e76616c696420002a2808fd01100018ffffffffffffffffff0120ffffffffffffffffff01282e3207757466386d62344000380020cb012a1e080810800118ffffffffffffffffff012000283f320662696e61727940003800	null		0
PlusInt/null_bad	2	08904e1a2f080020002a27080010800118ffffffffffffffffff0120ffffffffffffffffff01283f320662696e617279400038001a3908051207696e76616c696420002a2808fd01100018ffffffffffffffffff0120ffffffffffffffffff01282e3207757466386d62344000380020cb012a1e080810800118ffffffffffffffffff012000283f320662696e61727940003800	null		0
PlusInt/null_bad	1	08904e1a2f080020002a27080010800118ffffffffffffffffff0120ffffffffffffffffff01283f320662696e617279400038001a3908051207696e76616c696420002a2808fd01100018ffffffffffffffffff0120ffffffffffffffffff01282e3207757466386d62344000380020cb012a1e080810800118ffffffffffffffffff012000283f320662696e61727940003800	null		0
PlusReal/-1/2	0	08904e1a3908041208400fffffffffffff20002a27080510800118ffffffffffffffffff0120ffffffffffffffffff01283f320662696e617279400038001a3908041208c00000000000000020002a27080510800118ffffffffffffffffff0120ffffffffffffffffff01283f320662696e6172794000380020c8012a27080510800118ffffffffffffffffff0120ffffffffffffffffff01283f320662696e61727940003800	real:3ff0000000000000		0
PlusReal/-1/2	2	08904e1a3908041208400fffffffffffff20002a27080510800118ffffffffffffffffff0120ffffffffffffffffff01283f320662696e617279400038001a3908041208c00000000000000020002a27080510800118ffffffffffffffffff0120ffffffffffffffffff01283f320662696e6172794000380020c8012a27080510800118ffffffffffffffffff0120ffffffffffffffffff01283f320662696e61727940003800	real:3ff0000000000000		0
PlusReal/-1/2	1	08904e1a3908041208400fffffffffffff20002a27080510800118ffffffffffffffffff0120ffffffffffffffffff01283f320662696e617279400038001a3908041208c00000000000000020002a27080510800118ffffffffffffffffff0120ffffffffffffffffff01283f320662696e6172794000380020c8012a27080510800118ffffffffffffffffff0120ffffffffffffffffff01283f320662696e61727940003800	real:3ff0000000000000		0
PlusReal/1/0	0	08904e1a3908041208bff000000000000020002a27080510800118ffffffffffffffffff0120ffffffffffffffffff01283f320662696e617279400038001a3908041208800000000000000020002a27080510800118ffffffffffffffffff0120ffffffffffffffffff01283f320662696e6172794000380020c8012a27080510800118ffffffffffffffffff0120ffffffffffffffffff01283f320662696e61727940003800	real:3ff0000000000000		0
PlusReal/1/0	2	08904e1a3908041208bff000000000000020002a27080510800118ffffffffffffffffff0120ffffffffffffffffff01283f320662696e617279400038001a3908041208800000000000000020002a27080510800118ffffffffffffffffff0120ffffffffffffffffff01283f320662696e6172794000380020c8012a27080510800118ffffffffffffffffff0120ffffffffffffffffff01283f320662696e61727940003800	real:3ff0000000000000		0
PlusReal/1/0	1	08904e1a3908041208bff000000000000020002a27080510800118ffffffffffffffffff0120ffffffffffffffffff01283f320662696e617279400038001a3908041208800000000000000020002a27080510800118ffffffffffffffffff0120ffffffffffffffffff01283f320662696e6172794000380020c8012a27080510800118ffffffffffffffffff0120ffffffffffffffffff01283f320662696e61727940003800	real:3ff0000000000000		0
PlusReal/9223372036854775807/2	0	08904e1a3908041208c3e000000000000020002a27080510800118ffffffffffffffffff0120ffffffffffffffffff01283f320662696e617279400038001a3908041208c00000000000000020002a27080510800118ffffffffffffffffff0120ffffffffffffffffff01283f320662696e6172794000380020c8012a27080510800118ffffffffffffffffff0120ffffffffffffffffff01283f320662696e61727940003800	real:43e0000000000000		0
PlusReal/9223372036854775807/2	2	08904e1a3908041208c3e000000000000020002a27080510800118ffffffffffffffffff0120ffffffffffffffffff01283f320662696e617279400038001a3908041208c00000000000000020002a27080510800118ffffffffffffffffff0120ffffffffffffffffff01283f320662696e6172794000380020c8012a27080510800118ffffffffffffffffff0120ffffffffffffffffff01283f320662696e61727940003800	real:43e0000000000000		0
PlusReal/9223372036854775807/2	1	08904e1a3908041208c3e000000000000020002a27080510800118ffffffffffffffffff0120ffffffffffffffffff01283f320662696e617279400038001a3908041208c00000000000000020002a27080510800118ffffffffffffffffff0120ffffffffffffffffff01283f320662696e6172794000380020c8012a27080510800118ffffffffffffffffff0120ffffffffffffffffff01283f320662696e61727940003800	real:43e0000000000000		0
PlusReal/null_bad	0	08904e1a2f080020002a27080010800118ffffffffffffffffff0120ffffffffffffffffff01283f320662696e617279400038001a3908051207696e76616c696420002a2808fd01100018ffffffffffffffffff0120ffffffffffffffffff01282e3207757466386d62344000380020c8012a27080510800118ffffffffffffffffff0120ffffffffffffffffff01283f320662696e61727940003800	error	5b74797065733a313239325d5472756e636174656420696e636f727265637420444f55424c452076616c75653a2027696e76616c696427	0
PlusReal/null_bad	2	08904e1a2f080020002a27080010800118ffffffffffffffffff0120ffffffffffffffffff01283f320662696e617279400038001a3908051207696e76616c696420002a2808fd01100018ffffffffffffffffff0120ffffffffffffffffff01282e3207757466386d62344000380020c8012a27080510800118ffffffffffffffffff0120ffffffffffffffffff01283f320662696e61727940003800	null		1
PlusReal/null_bad	1	08904e1a2f080020002a27080010800118ffffffffffffffffff0120ffffffffffffffffff01283f320662696e617279400038001a3908051207696e76616c696420002a2808fd01100018ffffffffffffffffff0120ffffffffffffffffff01282e3207757466386d62344000380020c8012a27080510800118ffffffffffffffffff0120ffffffffffffffffff01283f320662696e61727940003800	null		0
PlusDecimal/-1/2	0	08904e1a230866120301007e20002a1608f601108001180a2002283f320662696e617279400038001a230866120301008220002a1608f601108001180a2002283f320662696e6172794000380020c9012a1608f601108001180a2002283f320662696e61727940003800	value:312e3030		0
PlusDecimal/-1/2	2	08904e1a230866120301007e20002a1608f601108001180a2002283f320662696e617279400038001a230866120301008220002a1608f601108001180a2002283f320662696e6172794000380020c9012a1608f601108001180a2002283f320662696e61727940003800	value:312e3030		0
PlusDecimal/-1/2	1	08904e1a230866120301007e20002a1608f601108001180a2002283f320662696e617279400038001a230866120301008220002a1608f601108001180a2002283f320662696e6172794000380020c9012a1608f601108001180a2002283f320662696e61727940003800	value:312e3030		0
PlusDecimal/1/0	0	08904e1a230866120301008120002a1608f601108001180a2002283f320662696e617279400038001a230866120301008020002a1608f601108001180a2002283f320662696e6172794000380020c9012a1608f601108001180a2002283f320662696e61727940003800	value:312e3030		0
PlusDecimal/1/0	2	08904e1a230866120301008120002a1608f601108001180a2002283f320662696e617279400038001a230866120301008020002a1608f601108001180a2002283f320662696e6172794000380020c9012a1608f601108001180a2002283f320662696e61727940003800	value:312e3030		0
PlusDecimal/1/0	1	08904e1a230866120301008120002a1608f601108001180a2002283f320662696e617279400038001a230866120301008020002a1608f601108001180a2002283f320662696e6172794000380020c9012a1608f601108001180a2002283f320662696e61727940003800	value:312e3030		0
PlusDecimal/9223372036854775807/2	0	08904e1a2b0866120b1300890d50630432f2d7ff20002a1608f601108001180a2002283f320662696e617279400038001a230866120301008220002a1608f601108001180a2002283f320662696e6172794000380020c9012a1608f601108001180a2002283f320662696e61727940003800	value:393232333337323033363835343737353830392e3030		0
PlusDecimal/9223372036854775807/2	2	08904e1a2b0866120b1300890d50630432f2d7ff20002a1608f601108001180a2002283f320662696e617279400038001a230866120301008220002a1608f601108001180a2002283f320662696e6172794000380020c9012a1608f601108001180a2002283f320662696e61727940003800	value:393232333337323033363835343737353830392e3030		0
PlusDecimal/9223372036854775807/2	1	08904e1a2b0866120b1300890d50630432f2d7ff20002a1608f601108001180a2002283f320662696e617279400038001a230866120301008220002a1608f601108001180a2002283f320662696e6172794000380020c9012a1608f601108001180a2002283f320662696e61727940003800	value:393232333337323033363835343737353830392e3030		0
PlusDecimal/null_bad	0	08904e1a2f080020002a27080010800118ffffffffffffffffff0120ffffffffffffffffff01283f320662696e617279400038001a3908051207696e76616c696420002a2808fd01100018ffffffffffffffffff0120ffffffffffffffffff01282e3207757466386d62344000380020c9012a1608f601108001180a2002283f320662696e61727940003800	null		0
PlusDecimal/null_bad	2	08904e1a2f080020002a27080010800118ffffffffffffffffff0120ffffffffffffffffff01283f320662696e617279400038001a3908051207696e76616c696420002a2808fd01100018ffffffffffffffffff0120ffffffffffffffffff01282e3207757466386d62344000380020c9012a1608f601108001180a2002283f320662696e61727940003800	null		0
PlusDecimal/null_bad	1	08904e1a2f080020002a27080010800118ffffffffffffffffff0120ffffffffffffffffff01283f320662696e617279400038001a3908051207696e76616c696420002a2808fd01100018ffffffffffffffffff0120ffffffffffffffffff01282e3207757466386d62344000380020c9012a1608f601108001180a2002283f320662696e61727940003800	null		0
MinusInt/-1/2	0	08904e1a30080112087fffffffffffffff20002a1e080810800118ffffffffffffffffff012000283f320662696e617279400038001a3008011208800000000000000220002a1e080810800118ffffffffffffffffff012000283f320662696e6172794000380020cf012a1e080810800118ffffffffffffffffff012000283f320662696e61727940003800	value:2d33		0
MinusInt/-1/2	2	08904e1a30080112087fffffffffffffff20002a1e080810800118ffffffffffffffffff012000283f320662696e617279400038001a3008011208800000000000000220002a1e080810800118ffffffffffffffffff012000283f320662696e6172794000380020cf012a1e080810800118ffffffffffffffffff012000283f320662696e61727940003800	value:2d33		0
MinusInt/-1/2	1	08904e1a30080112087fffffffffffffff20002a1e080810800118ffffffffffffffffff012000283f320662696e617279400038001a3008011208800000000000000220002a1e080810800118ffffffffffffffffff012000283f320662696e6172794000380020cf012a1e080810800118ffffffffffffffffff012000283f320662696e61727940003800	value:2d33		0
MinusInt/1/0	0	08904e1a3008011208800000000000000120002a1e080810800118ffffffffffffffffff012000283f320662696e617279400038001a3008011208800000000000000020002a1e080810800118ffffffffffffffffff012000283f320662696e6172794000380020cf012a1e080810800118ffffffffffffffffff012000283f320662696e61727940003800	value:31		0
MinusInt/1/0	2	08904e1a3008011208800000000000000120002a1e080810800118ffffffffffffffffff012000283f320662696e617279400038001a3008011208800000000000000020002a1e080810800118ffffffffffffffffff012000283f320662696e6172794000380020cf012a1e080810800118ffffffffffffffffff012000283f320662696e61727940003800	value:31		0
MinusInt/1/0	1	08904e1a3008011208800000000000000120002a1e080810800118ffffffffffffffffff012000283f320662696e617279400038001a3008011208800000000000000020002a1e080810800118ffffffffffffffffff012000283f320662696e6172794000380020cf012a1e080810800118ffffffffffffffffff012000283f320662696e61727940003800	value:31		0
MinusInt/9223372036854775807/2	0	08904e1a3008011208ffffffffffffffff20002a1e080810800118ffffffffffffffffff012000283f320662696e617279400038001a3008011208800000000000000220002a1e080810800118ffffffffffffffffff012000283f320662696e6172794000380020cf012a1e080810800118ffffffffffffffffff012000283f320662696e61727940003800	value:39323233333732303336383534373735383035		0
MinusInt/9223372036854775807/2	2	08904e1a3008011208ffffffffffffffff20002a1e080810800118ffffffffffffffffff012000283f320662696e617279400038001a3008011208800000000000000220002a1e080810800118ffffffffffffffffff012000283f320662696e6172794000380020cf012a1e080810800118ffffffffffffffffff012000283f320662696e61727940003800	value:39323233333732303336383534373735383035		0
MinusInt/9223372036854775807/2	1	08904e1a3008011208ffffffffffffffff20002a1e080810800118ffffffffffffffffff012000283f320662696e617279400038001a3008011208800000000000000220002a1e080810800118ffffffffffffffffff012000283f320662696e6172794000380020cf012a1e080810800118ffffffffffffffffff012000283f320662696e61727940003800	value:39323233333732303336383534373735383035		0
MinusInt/null_bad	0	08904e1a2f080020002a27080010800118ffffffffffffffffff0120ffffffffffffffffff01283f320662696e617279400038001a3908051207696e76616c696420002a2808fd01100018ffffffffffffffffff0120ffffffffffffffffff01282e3207757466386d62344000380020cf012a1e080810800118ffffffffffffffffff012000283f320662696e61727940003800	null		0
MinusInt/null_bad	2	08904e1a2f080020002a27080010800118ffffffffffffffffff0120ffffffffffffffffff01283f320662696e617279400038001a3908051207696e76616c696420002a2808fd01100018ffffffffffffffffff0120ffffffffffffffffff01282e3207757466386d62344000380020cf012a1e080810800118ffffffffffffffffff012000283f320662696e61727940003800	null		0
MinusInt/null_bad	1	08904e1a2f080020002a27080010800118ffffffffffffffffff0120ffffffffffffffffff01283f320662696e617279400038001a3908051207696e76616c696420002a2808fd01100018ffffffffffffffffff0120ffffffffffffffffff01282e3207757466386d62344000380020cf012a1e080810800118ffffffffffffffffff012000283f320662696e61727940003800	null		0
MinusReal/-1/2	0	08904e1a3908041208400fffffffffffff20002a27080510800118ffffffffffffffffff0120ffffffffffffffffff01283f320662696e617279400038001a3908041208c00000000000000020002a27080510800118ffffffffffffffffff0120ffffffffffffffffff01283f320662696e6172794000380020cc012a27080510800118ffffffffffffffffff0120ffffffffffffffffff01283f320662696e61727940003800	real:c008000000000000		0
MinusReal/-1/2	2	08904e1a3908041208400fffffffffffff20002a27080510800118ffffffffffffffffff0120ffffffffffffffffff01283f320662696e617279400038001a3908041208c00000000000000020002a27080510800118ffffffffffffffffff0120ffffffffffffffffff01283f320662696e6172794000380020cc012a27080510800118ffffffffffffffffff0120ffffffffffffffffff01283f320662696e61727940003800	real:c008000000000000		0
MinusReal/-1/2	1	08904e1a3908041208400fffffffffffff20002a27080510800118ffffffffffffffffff0120ffffffffffffffffff01283f320662696e617279400038001a3908041208c00000000000000020002a27080510800118ffffffffffffffffff0120ffffffffffffffffff01283f320662696e6172794000380020cc012a27080510800118ffffffffffffffffff0120ffffffffffffffffff01283f320662696e61727940003800	real:c008000000000000		0
MinusReal/1/0	0	08904e1a3908041208bff000000000000020002a27080510800118ffffffffffffffffff0120ffffffffffffffffff01283f320662696e617279400038001a3908041208800000000000000020002a27080510800118ffffffffffffffffff0120ffffffffffffffffff01283f320662696e6172794000380020cc012a27080510800118ffffffffffffffffff0120ffffffffffffffffff01283f320662696e61727940003800	real:3ff0000000000000		0
MinusReal/1/0	2	08904e1a3908041208bff000000000000020002a27080510800118ffffffffffffffffff0120ffffffffffffffffff01283f320662696e617279400038001a3908041208800000000000000020002a27080510800118ffffffffffffffffff0120ffffffffffffffffff01283f320662696e6172794000380020cc012a27080510800118ffffffffffffffffff0120ffffffffffffffffff01283f320662696e61727940003800	real:3ff0000000000000		0
MinusReal/1/0	1	08904e1a3908041208bff000000000000020002a27080510800118ffffffffffffffffff0120ffffffffffffffffff01283f320662696e617279400038001a3908041208800000000000000020002a27080510800118ffffffffffffffffff0120ffffffffffffffffff01283f320662696e6172794000380020cc012a27080510800118ffffffffffffffffff0120ffffffffffffffffff01283f320662696e61727940003800	real:3ff0000000000000		0
MinusReal/9223372036854775807/2	0	08904e1a3908041208c3e000000000000020002a27080510800118ffffffffffffffffff0120ffffffffffffffffff01283f320662696e617279400038001a3908041208c00000000000000020002a27080510800118ffffffffffffffffff0120ffffffffffffffffff01283f320662696e6172794000380020cc012a27080510800118ffffffffffffffffff0120ffffffffffffffffff01283f320662696e61727940003800	real:43e0000000000000		0
MinusReal/9223372036854775807/2	2	08904e1a3908041208c3e000000000000020002a27080510800118ffffffffffffffffff0120ffffffffffffffffff01283f320662696e617279400038001a3908041208c00000000000000020002a27080510800118ffffffffffffffffff0120ffffffffffffffffff01283f320662696e6172794000380020cc012a27080510800118ffffffffffffffffff0120ffffffffffffffffff01283f320662696e61727940003800	real:43e0000000000000		0
MinusReal/9223372036854775807/2	1	08904e1a3908041208c3e000000000000020002a27080510800118ffffffffffffffffff0120ffffffffffffffffff01283f320662696e617279400038001a3908041208c00000000000000020002a27080510800118ffffffffffffffffff0120ffffffffffffffffff01283f320662696e6172794000380020cc012a27080510800118ffffffffffffffffff0120ffffffffffffffffff01283f320662696e61727940003800	real:43e0000000000000		0
MinusReal/null_bad	0	08904e1a2f080020002a27080010800118ffffffffffffffffff0120ffffffffffffffffff01283f320662696e617279400038001a3908051207696e76616c696420002a2808fd01100018ffffffffffffffffff0120ffffffffffffffffff01282e3207757466386d62344000380020cc012a27080510800118ffffffffffffffffff0120ffffffffffffffffff01283f320662696e61727940003800	null		0
MinusReal/null_bad	2	08904e1a2f080020002a27080010800118ffffffffffffffffff0120ffffffffffffffffff01283f320662696e617279400038001a3908051207696e76616c696420002a2808fd01100018ffffffffffffffffff0120ffffffffffffffffff01282e3207757466386d62344000380020cc012a27080510800118ffffffffffffffffff0120ffffffffffffffffff01283f320662696e61727940003800	null		0
MinusReal/null_bad	1	08904e1a2f080020002a27080010800118ffffffffffffffffff0120ffffffffffffffffff01283f320662696e617279400038001a3908051207696e76616c696420002a2808fd01100018ffffffffffffffffff0120ffffffffffffffffff01282e3207757466386d62344000380020cc012a27080510800118ffffffffffffffffff0120ffffffffffffffffff01283f320662696e61727940003800	null		0
MinusDecimal/-1/2	0	08904e1a230866120301007e20002a1608f601108001180a2002283f320662696e617279400038001a230866120301008220002a1608f601108001180a2002283f320662696e6172794000380020cd012a1608f601108001180a2002283f320662696e61727940003800	value:2d332e3030		0
MinusDecimal/-1/2	2	08904e1a230866120301007e20002a1608f601108001180a2002283f320662696e617279400038001a230866120301008220002a1608f601108001180a2002283f320662696e6172794000380020cd012a1608f601108001180a2002283f320662696e61727940003800	value:2d332e3030		0
MinusDecimal/-1/2	1	08904e1a230866120301007e20002a1608f601108001180a2002283f320662696e617279400038001a230866120301008220002a1608f601108001180a2002283f320662696e6172794000380020cd012a1608f601108001180a2002283f320662696e61727940003800	value:2d332e3030		0
MinusDecimal/1/0	0	08904e1a230866120301008120002a1608f601108001180a2002283f320662696e617279400038001a230866120301008020002a1608f601108001180a2002283f320662696e6172794000380020cd012a1608f601108001180a2002283f320662696e61727940003800	value:312e3030		0
MinusDecimal/1/0	2	08904e1a230866120301008120002a1608f601108001180a2002283f320662696e617279400038001a230866120301008020002a1608f601108001180a2002283f320662696e6172794000380020cd012a1608f601108001180a2002283f320662696e61727940003800	value:312e3030		0
MinusDecimal/1/0	1	08904e1a230866120301008120002a1608f601108001180a2002283f320662696e617279400038001a230866120301008020002a1608f601108001180a2002283f320662696e6172794000380020cd012a1608f601108001180a2002283f320662696e61727940003800	value:312e3030		0
MinusDecimal/9223372036854775807/2	0	08904e1a2b0866120b1300890d50630432f2d7ff20002a1608f601108001180a2002283f320662696e617279400038001a230866120301008220002a1608f601108001180a2002283f320662696e6172794000380020cd012a1608f601108001180a2002283f320662696e61727940003800	value:393232333337323033363835343737353830352e3030		0
MinusDecimal/9223372036854775807/2	2	08904e1a2b0866120b1300890d50630432f2d7ff20002a1608f601108001180a2002283f320662696e617279400038001a230866120301008220002a1608f601108001180a2002283f320662696e6172794000380020cd012a1608f601108001180a2002283f320662696e61727940003800	value:393232333337323033363835343737353830352e3030		0
MinusDecimal/9223372036854775807/2	1	08904e1a2b0866120b1300890d50630432f2d7ff20002a1608f601108001180a2002283f320662696e617279400038001a230866120301008220002a1608f601108001180a2002283f320662696e6172794000380020cd012a1608f601108001180a2002283f320662696e61727940003800	value:393232333337323033363835343737353830352e3030		0
MinusDecimal/null_bad	0	08904e1a2f080020002a27080010800118ffffffffffffffffff0120ffffffffffffffffff01283f320662696e617279400038001a3908051207696e76616c696420002a2808fd01100018ffffffffffffffffff0120ffffffffffffffffff01282e3207757466386d62344000380020cd012a1608f601108001180a2002283f320662696e61727940003800	null		0
MinusDecimal/null_bad	2	08904e1a2f080020002a27080010800118ffffffffffffffffff0120ffffffffffffffffff01283f320662696e617279400038001a3908051207696e76616c696420002a2808fd01100018ffffffffffffffffff0120ffffffffffffffffff01282e3207757466386d62344000380020cd012a1608f601108001180a2002283f320662696e61727940003800	null		0
MinusDecimal/null_bad	1	08904e1a2f080020002a27080010800118ffffffffffffffffff0120ffffffffffffffffff01283f320662696e617279400038001a3908051207696e76616c696420002a2808fd01100018ffffffffffffffffff0120ffffffffffffffffff01282e3207757466386d62344000380020cd012a1608f601108001180a2002283f320662696e61727940003800	null		0
MultiplyInt/-1/2	0	08904e1a30080112087fffffffffffffff20002a1e080810800118ffffffffffffffffff012000283f320662696e617279400038001a3008011208800000000000000220002a1e080810800118ffffffffffffffffff012000283f320662696e6172794000380020d2012a1e080810800118ffffffffffffffffff012000283f320662696e61727940003800	value:2d32		0
MultiplyInt/-1/2	2	08904e1a30080112087fffffffffffffff20002a1e080810800118ffffffffffffffffff012000283f320662696e617279400038001a3008011208800000000000000220002a1e080810800118ffffffffffffffffff012000283f320662696e6172794000380020d2012a1e080810800118ffffffffffffffffff012000283f320662696e61727940003800	value:2d32		0
MultiplyInt/-1/2	1	08904e1a30080112087fffffffffffffff20002a1e080810800118ffffffffffffffffff012000283f320662696e617279400038001a3008011208800000000000000220002a1e080810800118ffffffffffffffffff012000283f320662696e6172794000380020d2012a1e080810800118ffffffffffffffffff012000283f320662696e61727940003800	value:2d32		0
MultiplyInt/1/0	0	08904e1a3008011208800000000000000120002a1e080810800118ffffffffffffffffff012000283f320662696e617279400038001a3008011208800000000000000020002a1e080810800118ffffffffffffffffff012000283f320662696e6172794000380020d2012a1e080810800118ffffffffffffffffff012000283f320662696e61727940003800	value:30		0
MultiplyInt/1/0	2	08904e1a3008011208800000000000000120002a1e080810800118ffffffffffffffffff012000283f320662696e617279400038001a3008011208800000000000000020002a1e080810800118ffffffffffffffffff012000283f320662696e6172794000380020d2012a1e080810800118ffffffffffffffffff012000283f320662696e61727940003800	value:30		0
MultiplyInt/1/0	1	08904e1a3008011208800000000000000120002a1e080810800118ffffffffffffffffff012000283f320662696e617279400038001a3008011208800000000000000020002a1e080810800118ffffffffffffffffff012000283f320662696e6172794000380020d2012a1e080810800118ffffffffffffffffff012000283f320662696e61727940003800	value:30		0
MultiplyInt/9223372036854775807/2	0	08904e1a3008011208ffffffffffffffff20002a1e080810800118ffffffffffffffffff012000283f320662696e617279400038001a3008011208800000000000000220002a1e080810800118ffffffffffffffffff012000283f320662696e6172794000380020d2012a1e080810800118ffffffffffffffffff012000283f320662696e61727940003800	error	5b74797065733a313639305d424947494e542076616c7565206973206f7574206f662072616e676520696e20272839323233333732303336383534373735383037202a20322927	0
MultiplyInt/9223372036854775807/2	2	08904e1a3008011208ffffffffffffffff20002a1e080810800118ffffffffffffffffff012000283f320662696e617279400038001a3008011208800000000000000220002a1e080810800118ffffffffffffffffff012000283f320662696e6172794000380020d2012a1e080810800118ffffffffffffffffff012000283f320662696e61727940003800	error	5b74797065733a313639305d424947494e542076616c7565206973206f7574206f662072616e676520696e20272839323233333732303336383534373735383037202a20322927	0
MultiplyInt/9223372036854775807/2	1	08904e1a3008011208ffffffffffffffff20002a1e080810800118ffffffffffffffffff012000283f320662696e617279400038001a3008011208800000000000000220002a1e080810800118ffffffffffffffffff012000283f320662696e6172794000380020d2012a1e080810800118ffffffffffffffffff012000283f320662696e61727940003800	error	5b74797065733a313639305d424947494e542076616c7565206973206f7574206f662072616e676520696e20272839323233333732303336383534373735383037202a20322927	0
MultiplyInt/null_bad	0	08904e1a2f080020002a27080010800118ffffffffffffffffff0120ffffffffffffffffff01283f320662696e617279400038001a3908051207696e76616c696420002a2808fd01100018ffffffffffffffffff0120ffffffffffffffffff01282e3207757466386d62344000380020d2012a1e080810800118ffffffffffffffffff012000283f320662696e61727940003800	null		0
MultiplyInt/null_bad	2	08904e1a2f080020002a27080010800118ffffffffffffffffff0120ffffffffffffffffff01283f320662696e617279400038001a3908051207696e76616c696420002a2808fd01100018ffffffffffffffffff0120ffffffffffffffffff01282e3207757466386d62344000380020d2012a1e080810800118ffffffffffffffffff012000283f320662696e61727940003800	null		0
MultiplyInt/null_bad	1	08904e1a2f080020002a27080010800118ffffffffffffffffff0120ffffffffffffffffff01283f320662696e617279400038001a3908051207696e76616c696420002a2808fd01100018ffffffffffffffffff0120ffffffffffffffffff01282e3207757466386d62344000380020d2012a1e080810800118ffffffffffffffffff012000283f320662696e61727940003800	null		0
MultiplyIntUnsigned/-1/2	0	08904e1a30080112087fffffffffffffff20002a1e080810800118ffffffffffffffffff012000283f320662696e617279400038001a3008011208800000000000000220002a1e080810800118ffffffffffffffffff012000283f320662696e6172794000380020da012a1e080810800118ffffffffffffffffff012000283f320662696e61727940003800	error	5b74797065733a313639305d424947494e5420554e5349474e45442076616c7565206973206f7574206f662072616e676520696e2027282d31202a20322927	0
MultiplyIntUnsigned/-1/2	2	08904e1a30080112087fffffffffffffff20002a1e080810800118ffffffffffffffffff012000283f320662696e617279400038001a3008011208800000000000000220002a1e080810800118ffffffffffffffffff012000283f320662696e6172794000380020da012a1e080810800118ffffffffffffffffff012000283f320662696e61727940003800	error	5b74797065733a313639305d424947494e5420554e5349474e45442076616c7565206973206f7574206f662072616e676520696e2027282d31202a20322927	0
MultiplyIntUnsigned/-1/2	1	08904e1a30080112087fffffffffffffff20002a1e080810800118ffffffffffffffffff012000283f320662696e617279400038001a3008011208800000000000000220002a1e080810800118ffffffffffffffffff012000283f320662696e6172794000380020da012a1e080810800118ffffffffffffffffff012000283f320662696e61727940003800	error	5b74797065733a313639305d424947494e5420554e5349474e45442076616c7565206973206f7574206f662072616e676520696e2027282d31202a20322927	0
MultiplyIntUnsigned/1/0	0	08904e1a3008011208800000000000000120002a1e080810800118ffffffffffffffffff012000283f320662696e617279400038001a3008011208800000000000000020002a1e080810800118ffffffffffffffffff012000283f320662696e6172794000380020da012a1e080810800118ffffffffffffffffff012000283f320662696e61727940003800	value:30		0
MultiplyIntUnsigned/1/0	2	08904e1a3008011208800000000000000120002a1e080810800118ffffffffffffffffff012000283f320662696e617279400038001a3008011208800000000000000020002a1e080810800118ffffffffffffffffff012000283f320662696e6172794000380020da012a1e080810800118ffffffffffffffffff012000283f320662696e61727940003800	value:30		0
MultiplyIntUnsigned/1/0	1	08904e1a3008011208800000000000000120002a1e080810800118ffffffffffffffffff012000283f320662696e617279400038001a3008011208800000000000000020002a1e080810800118ffffffffffffffffff012000283f320662696e6172794000380020da012a1e080810800118ffffffffffffffffff012000283f320662696e61727940003800	value:30		0
MultiplyIntUnsigned/9223372036854775807/2	0	08904e1a3008011208ffffffffffffffff20002a1e080810800118ffffffffffffffffff012000283f320662696e617279400038001a3008011208800000000000000220002a1e080810800118ffffffffffffffffff012000283f320662696e6172794000380020da012a1e080810800118ffffffffffffffffff012000283f320662696e61727940003800	value:2d32		0
MultiplyIntUnsigned/9223372036854775807/2	2	08904e1a3008011208ffffffffffffffff20002a1e080810800118ffffffffffffffffff012000283f320662696e617279400038001a3008011208800000000000000220002a1e080810800118ffffffffffffffffff012000283f320662696e6172794000380020da012a1e080810800118ffffffffffffffffff012000283f320662696e61727940003800	value:2d32		0
MultiplyIntUnsigned/9223372036854775807/2	1	08904e1a3008011208ffffffffffffffff20002a1e080810800118ffffffffffffffffff012000283f320662696e617279400038001a3008011208800000000000000220002a1e080810800118ffffffffffffffffff012000283f320662696e6172794000380020da012a1e080810800118ffffffffffffffffff012000283f320662696e61727940003800	value:2d32		0
MultiplyIntUnsigned/null_bad	0	08904e1a2f080020002a27080010800118ffffffffffffffffff0120ffffffffffffffffff01283f320662696e617279400038001a3908051207696e76616c696420002a2808fd01100018ffffffffffffffffff0120ffffffffffffffffff01282e3207757466386d62344000380020da012a1e080810800118ffffffffffffffffff012000283f320662696e61727940003800	null		0
MultiplyIntUnsigned/null_bad	2	08904e1a2f080020002a27080010800118ffffffffffffffffff0120ffffffffffffffffff01283f320662696e617279400038001a3908051207696e76616c696420002a2808fd01100018ffffffffffffffffff0120ffffffffffffffffff01282e3207757466386d62344000380020da012a1e080810800118ffffffffffffffffff012000283f320662696e61727940003800	null		0
MultiplyIntUnsigned/null_bad	1	08904e1a2f080020002a27080010800118ffffffffffffffffff0120ffffffffffffffffff01283f320662696e617279400038001a3908051207696e76616c696420002a2808fd01100018ffffffffffffffffff0120ffffffffffffffffff01282e3207757466386d62344000380020da012a1e080810800118ffffffffffffffffff012000283f320662696e61727940003800	null		0
MultiplyReal/-1/2	0	08904e1a3908041208400fffffffffffff20002a27080510800118ffffffffffffffffff0120ffffffffffffffffff01283f320662696e617279400038001a3908041208c00000000000000020002a27080510800118ffffffffffffffffff0120ffffffffffffffffff01283f320662696e6172794000380020d0012a27080510800118ffffffffffffffffff0120ffffffffffffffffff01283f320662696e61727940003800	real:c000000000000000		0
MultiplyReal/-1/2	2	08904e1a3908041208400fffffffffffff20002a27080510800118ffffffffffffffffff0120ffffffffffffffffff01283f320662696e617279400038001a3908041208c00000000000000020002a27080510800118ffffffffffffffffff0120ffffffffffffffffff01283f320662696e6172794000380020d0012a27080510800118ffffffffffffffffff0120ffffffffffffffffff01283f320662696e61727940003800	real:c000000000000000		0
MultiplyReal/-1/2	1	08904e1a3908041208400fffffffffffff20002a27080510800118ffffffffffffffffff0120ffffffffffffffffff01283f320662696e617279400038001a3908041208c00000000000000020002a27080510800118ffffffffffffffffff0120ffffffffffffffffff01283f320662696e6172794000380020d0012a27080510800118ffffffffffffffffff0120ffffffffffffffffff01283f320662696e61727940003800	real:c000000000000000		0
MultiplyReal/1/0	0	08904e1a3908041208bff000000000000020002a27080510800118ffffffffffffffffff0120ffffffffffffffffff01283f320662696e617279400038001a3908041208800000000000000020002a27080510800118ffffffffffffffffff0120ffffffffffffffffff01283f320662696e6172794000380020d0012a27080510800118ffffffffffffffffff0120ffffffffffffffffff01283f320662696e61727940003800	real:0000000000000000		0
MultiplyReal/1/0	2	08904e1a3908041208bff000000000000020002a27080510800118ffffffffffffffffff0120ffffffffffffffffff01283f320662696e617279400038001a3908041208800000000000000020002a27080510800118ffffffffffffffffff0120ffffffffffffffffff01283f320662696e6172794000380020d0012a27080510800118ffffffffffffffffff0120ffffffffffffffffff01283f320662696e61727940003800	real:0000000000000000		0
MultiplyReal/1/0	1	08904e1a3908041208bff000000000000020002a27080510800118ffffffffffffffffff0120ffffffffffffffffff01283f320662696e617279400038001a3908041208800000000000000020002a27080510800118ffffffffffffffffff0120ffffffffffffffffff01283f320662696e6172794000380020d0012a27080510800118ffffffffffffffffff0120ffffffffffffffffff01283f320662696e61727940003800	real:0000000000000000		0
MultiplyReal/9223372036854775807/2	0	08904e1a3908041208c3e000000000000020002a27080510800118ffffffffffffffffff0120ffffffffffffffffff01283f320662696e617279400038001a3908041208c00000000000000020002a27080510800118ffffffffffffffffff0120ffffffffffffffffff01283f320662696e6172794000380020d0012a27080510800118ffffffffffffffffff0120ffffffffffffffffff01283f320662696e61727940003800	real:43f0000000000000		0
MultiplyReal/9223372036854775807/2	2	08904e1a3908041208c3e000000000000020002a27080510800118ffffffffffffffffff0120ffffffffffffffffff01283f320662696e617279400038001a3908041208c00000000000000020002a27080510800118ffffffffffffffffff0120ffffffffffffffffff01283f320662696e6172794000380020d0012a27080510800118ffffffffffffffffff0120ffffffffffffffffff01283f320662696e61727940003800	real:43f0000000000000		0
MultiplyReal/9223372036854775807/2	1	08904e1a3908041208c3e000000000000020002a27080510800118ffffffffffffffffff0120ffffffffffffffffff01283f320662696e617279400038001a3908041208c00000000000000020002a27080510800118ffffffffffffffffff0120ffffffffffffffffff01283f320662696e6172794000380020d0012a27080510800118ffffffffffffffffff0120ffffffffffffffffff01283f320662696e61727940003800	real:43f0000000000000		0
MultiplyReal/null_bad	0	08904e1a2f080020002a27080010800118ffffffffffffffffff0120ffffffffffffffffff01283f320662696e617279400038001a3908051207696e76616c696420002a2808fd01100018ffffffffffffffffff0120ffffffffffffffffff01282e3207757466386d62344000380020d0012a27080510800118ffffffffffffffffff0120ffffffffffffffffff01283f320662696e61727940003800	null		0
MultiplyReal/null_bad	2	08904e1a2f080020002a27080010800118ffffffffffffffffff0120ffffffffffffffffff01283f320662696e617279400038001a3908051207696e76616c696420002a2808fd01100018ffffffffffffffffff0120ffffffffffffffffff01282e3207757466386d62344000380020d0012a27080510800118ffffffffffffffffff0120ffffffffffffffffff01283f320662696e61727940003800	null		0
MultiplyReal/null_bad	1	08904e1a2f080020002a27080010800118ffffffffffffffffff0120ffffffffffffffffff01283f320662696e617279400038001a3908051207696e76616c696420002a2808fd01100018ffffffffffffffffff0120ffffffffffffffffff01282e3207757466386d62344000380020d0012a27080510800118ffffffffffffffffff0120ffffffffffffffffff01283f320662696e61727940003800	null		0
MultiplyDecimal/-1/2	0	08904e1a230866120301007e20002a1608f601108001180a2002283f320662696e617279400038001a230866120301008220002a1608f601108001180a2002283f320662696e6172794000380020d1012a1608f601108001180a2002283f320662696e61727940003800	value:2d322e30303030		0
MultiplyDecimal/-1/2	2	08904e1a230866120301007e20002a1608f601108001180a2002283f320662696e617279400038001a230866120301008220002a1608f601108001180a2002283f320662696e6172794000380020d1012a1608f601108001180a2002283f320662696e61727940003800	value:2d322e30303030		0
MultiplyDecimal/-1/2	1	08904e1a230866120301007e20002a1608f601108001180a2002283f320662696e617279400038001a230866120301008220002a1608f601108001180a2002283f320662696e6172794000380020d1012a1608f601108001180a2002283f320662696e61727940003800	value:2d322e30303030		0
MultiplyDecimal/1/0	0	08904e1a230866120301008120002a1608f601108001180a2002283f320662696e617279400038001a230866120301008020002a1608f601108001180a2002283f320662696e6172794000380020d1012a1608f601108001180a2002283f320662696e61727940003800	value:302e30303030		0
MultiplyDecimal/1/0	2	08904e1a230866120301008120002a1608f601108001180a2002283f320662696e617279400038001a230866120301008020002a1608f601108001180a2002283f320662696e6172794000380020d1012a1608f601108001180a2002283f320662696e61727940003800	value:302e30303030		0
MultiplyDecimal/1/0	1	08904e1a230866120301008120002a1608f601108001180a2002283f320662696e617279400038001a230866120301008020002a1608f601108001180a2002283f320662696e6172794000380020d1012a1608f601108001180a2002283f320662696e61727940003800	value:302e30303030		0
MultiplyDecimal/9223372036854775807/2	0	08904e1a2b0866120b1300890d50630432f2d7ff20002a1608f601108001180a2002283f320662696e617279400038001a230866120301008220002a1608f601108001180a2002283f320662696e6172794000380020d1012a1608f601108001180a2002283f320662696e61727940003800	value:31383434363734343037333730393535313631342e30303030		0
MultiplyDecimal/9223372036854775807/2	2	08904e1a2b0866120b1300890d50630432f2d7ff20002a1608f601108001180a2002283f320662696e617279400038001a230866120301008220002a1608f601108001180a2002283f320662696e6172794000380020d1012a1608f601108001180a2002283f320662696e61727940003800	value:31383434363734343037333730393535313631342e30303030		0
MultiplyDecimal/9223372036854775807/2	1	08904e1a2b0866120b1300890d50630432f2d7ff20002a1608f601108001180a2002283f320662696e617279400038001a230866120301008220002a1608f601108001180a2002283f320662696e6172794000380020d1012a1608f601108001180a2002283f320662696e61727940003800	value:31383434363734343037333730393535313631342e30303030		0
MultiplyDecimal/null_bad	0	08904e1a2f080020002a27080010800118ffffffffffffffffff0120ffffffffffffffffff01283f320662696e617279400038001a3908051207696e76616c696420002a2808fd01100018ffffffffffffffffff0120ffffffffffffffffff01282e3207757466386d62344000380020d1012a1608f601108001180a2002283f320662696e61727940003800	null		0
MultiplyDecimal/null_bad	2	08904e1a2f080020002a27080010800118ffffffffffffffffff0120ffffffffffffffffff01283f320662696e617279400038001a3908051207696e76616c696420002a2808fd01100018ffffffffffffffffff0120ffffffffffffffffff01282e3207757466386d62344000380020d1012a1608f601108001180a2002283f320662696e61727940003800	null		0
MultiplyDecimal/null_bad	1	08904e1a2f080020002a27080010800118ffffffffffffffffff0120ffffffffffffffffff01283f320662696e617279400038001a3908051207696e76616c696420002a2808fd01100018ffffffffffffffffff0120ffffffffffffffffff01282e3207757466386d62344000380020d1012a1608f601108001180a2002283f320662696e61727940003800	null		0
DivideReal/-1/2	0	08904e1a3908041208400fffffffffffff20002a27080510800118ffffffffffffffffff0120ffffffffffffffffff01283f320662696e617279400038001a3908041208c00000000000000020002a27080510800118ffffffffffffffffff0120ffffffffffffffffff01283f320662696e6172794000380020d3012a27080510800118ffffffffffffffffff0120ffffffffffffffffff01283f320662696e61727940003800	real:bfe0000000000000		0
DivideReal/-1/2	2	08904e1a3908041208400fffffffffffff20002a27080510800118ffffffffffffffffff0120ffffffffffffffffff01283f320662696e617279400038001a3908041208c00000000000000020002a27080510800118ffffffffffffffffff0120ffffffffffffffffff01283f320662696e6172794000380020d3012a27080510800118ffffffffffffffffff0120ffffffffffffffffff01283f320662696e61727940003800	real:bfe0000000000000		0
DivideReal/-1/2	1	08904e1a3908041208400fffffffffffff20002a27080510800118ffffffffffffffffff0120ffffffffffffffffff01283f320662696e617279400038001a3908041208c00000000000000020002a27080510800118ffffffffffffffffff0120ffffffffffffffffff01283f320662696e6172794000380020d3012a27080510800118ffffffffffffffffff0120ffffffffffffffffff01283f320662696e61727940003800	real:bfe0000000000000		0
DivideReal/1/0	0	08904e1a3908041208bff000000000000020002a27080510800118ffffffffffffffffff0120ffffffffffffffffff01283f320662696e617279400038001a3908041208800000000000000020002a27080510800118ffffffffffffffffff0120ffffffffffffffffff01283f320662696e6172794000380020d3012a27080510800118ffffffffffffffffff0120ffffffffffffffffff01283f320662696e61727940003800	error	5b65787072657373696f6e3a313336355d4469766973696f6e2062792030	0
DivideReal/1/0	2	08904e1a3908041208bff000000000000020002a27080510800118ffffffffffffffffff0120ffffffffffffffffff01283f320662696e617279400038001a3908041208800000000000000020002a27080510800118ffffffffffffffffff0120ffffffffffffffffff01283f320662696e6172794000380020d3012a27080510800118ffffffffffffffffff0120ffffffffffffffffff01283f320662696e61727940003800	error	5b65787072657373696f6e3a313336355d4469766973696f6e2062792030	0
DivideReal/1/0	1	08904e1a3908041208bff000000000000020002a27080510800118ffffffffffffffffff0120ffffffffffffffffff01283f320662696e617279400038001a3908041208800000000000000020002a27080510800118ffffffffffffffffff0120ffffffffffffffffff01283f320662696e6172794000380020d3012a27080510800118ffffffffffffffffff0120ffffffffffffffffff01283f320662696e61727940003800	error	5b65787072657373696f6e3a313336355d4469766973696f6e2062792030	0
DivideReal/9223372036854775807/2	0	08904e1a3908041208c3e000000000000020002a27080510800118ffffffffffffffffff0120ffffffffffffffffff01283f320662696e617279400038001a3908041208c00000000000000020002a27080510800118ffffffffffffffffff0120ffffffffffffffffff01283f320662696e6172794000380020d3012a27080510800118ffffffffffffffffff0120ffffffffffffffffff01283f320662696e61727940003800	real:43d0000000000000		0
DivideReal/9223372036854775807/2	2	08904e1a3908041208c3e000000000000020002a27080510800118ffffffffffffffffff0120ffffffffffffffffff01283f320662696e617279400038001a3908041208c00000000000000020002a27080510800118ffffffffffffffffff0120ffffffffffffffffff01283f320662696e6172794000380020d3012a27080510800118ffffffffffffffffff0120ffffffffffffffffff01283f320662696e61727940003800	real:43d0000000000000		0
DivideReal/9223372036854775807/2	1	08904e1a3908041208c3e000000000000020002a27080510800118ffffffffffffffffff0120ffffffffffffffffff01283f320662696e617279400038001a3908041208c00000000000000020002a27080510800118ffffffffffffffffff0120ffffffffffffffffff01283f320662696e6172794000380020d3012a27080510800118ffffffffffffffffff0120ffffffffffffffffff01283f320662696e61727940003800	real:43d0000000000000		0
DivideReal/null_bad	0	08904e1a2f080020002a27080010800118ffffffffffffffffff0120ffffffffffffffffff01283f320662696e617279400038001a3908051207696e76616c696420002a2808fd01100018ffffffffffffffffff0120ffffffffffffffffff01282e3207757466386d62344000380020d3012a27080510800118ffffffffffffffffff0120ffffffffffffffffff01283f320662696e61727940003800	null		0
DivideReal/null_bad	2	08904e1a2f080020002a27080010800118ffffffffffffffffff0120ffffffffffffffffff01283f320662696e617279400038001a3908051207696e76616c696420002a2808fd01100018ffffffffffffffffff0120ffffffffffffffffff01282e3207757466386d62344000380020d3012a27080510800118ffffffffffffffffff0120ffffffffffffffffff01283f320662696e61727940003800	null		0
DivideReal/null_bad	1	08904e1a2f080020002a27080010800118ffffffffffffffffff0120ffffffffffffffffff01283f320662696e617279400038001a3908051207696e76616c696420002a2808fd01100018ffffffffffffffffff0120ffffffffffffffffff01282e3207757466386d62344000380020d3012a27080510800118ffffffffffffffffff0120ffffffffffffffffff01283f320662696e61727940003800	null		0
DivideDecimal/-1/2	0	08904e1a230866120301007e20002a1608f601108001180a2002283f320662696e617279400038001a230866120301008220002a1608f601108001180a2002283f320662696e6172794000380020d4012a1608f601108001180a2002283f320662696e61727940003800	value:2d302e353030303030		0
DivideDecimal/-1/2	2	08904e1a230866120301007e20002a1608f601108001180a2002283f320662696e617279400038001a230866120301008220002a1608f601108001180a2002283f320662696e6172794000380020d4012a1608f601108001180a2002283f320662696e61727940003800	value:2d302e353030303030		0
DivideDecimal/-1/2	1	08904e1a230866120301007e20002a1608f601108001180a2002283f320662696e617279400038001a230866120301008220002a1608f601108001180a2002283f320662696e6172794000380020d4012a1608f601108001180a2002283f320662696e61727940003800	value:2d302e353030303030		0
DivideDecimal/1/0	0	08904e1a230866120301008120002a1608f601108001180a2002283f320662696e617279400038001a230866120301008020002a1608f601108001180a2002283f320662696e6172794000380020d4012a1608f601108001180a2002283f320662696e61727940003800	error	5b65787072657373696f6e3a313336355d4469766973696f6e2062792030	0
DivideDecimal/1/0	2	08904e1a230866120301008120002a1608f601108001180a2002283f320662696e617279400038001a230866120301008020002a1608f601108001180a2002283f320662696e6172794000380020d4012a1608f601108001180a2002283f320662696e61727940003800	error	5b65787072657373696f6e3a313336355d4469766973696f6e2062792030	0
DivideDecimal/1/0	1	08904e1a230866120301008120002a1608f601108001180a2002283f320662696e617279400038001a230866120301008020002a1608f601108001180a2002283f320662696e6172794000380020d4012a1608f601108001180a2002283f320662696e61727940003800	error	5b65787072657373696f6e3a313336355d4469766973696f6e2062792030	0
DivideDecimal/9223372036854775807/2	0	08904e1a2b0866120b1300890d50630432f2d7ff20002a1608f601108001180a2002283f320662696e617279400038001a230866120301008220002a1608f601108001180a2002283f320662696e6172794000380020d4012a1608f601108001180a2002283f320662696e61727940003800	value:343631313638363031383432373338373930332e353030303030		0
DivideDecimal/9223372036854775807/2	2	08904e1a2b0866120b1300890d50630432f2d7ff20002a1608f601108001180a2002283f320662696e617279400038001a230866120301008220002a1608f601108001180a2002283f320662696e6172794000380020d4012a1608f601108001180a2002283f320662696e61727940003800	value:343631313638363031383432373338373930332e353030303030		0
DivideDecimal/9223372036854775807/2	1	08904e1a2b0866120b1300890d50630432f2d7ff20002a1608f601108001180a2002283f320662696e617279400038001a230866120301008220002a1608f601108001180a2002283f320662696e6172794000380020d4012a1608f601108001180a2002283f320662696e61727940003800	value:343631313638363031383432373338373930332e353030303030		0
DivideDecimal/null_bad	0	08904e1a2f080020002a27080010800118ffffffffffffffffff0120ffffffffffffffffff01283f320662696e617279400038001a3908051207696e76616c696420002a2808fd01100018ffffffffffffffffff0120ffffffffffffffffff01282e3207757466386d62344000380020d4012a1608f601108001180a2002283f320662696e61727940003800	null		0
DivideDecimal/null_bad	2	08904e1a2f080020002a27080010800118ffffffffffffffffff0120ffffffffffffffffff01283f320662696e617279400038001a3908051207696e76616c696420002a2808fd01100018ffffffffffffffffff0120ffffffffffffffffff01282e3207757466386d62344000380020d4012a1608f601108001180a2002283f320662696e61727940003800	null		0
DivideDecimal/null_bad	1	08904e1a2f080020002a27080010800118ffffffffffffffffff0120ffffffffffffffffff01283f320662696e617279400038001a3908051207696e76616c696420002a2808fd01100018ffffffffffffffffff0120ffffffffffffffffff01282e3207757466386d62344000380020d4012a1608f601108001180a2002283f320662696e61727940003800	null		0
IntDivideInt/-1/2	0	08904e1a30080112087fffffffffffffff20002a1e080810800118ffffffffffffffffff012000283f320662696e617279400038001a3008011208800000000000000220002a1e080810800118ffffffffffffffffff012000283f320662696e6172794000380020d5012a1e080810800118ffffffffffffffffff012000283f320662696e61727940003800	value:30		0
IntDivideInt/-1/2	2	08904e1a30080112087fffffffffffffff20002a1e080810800118ffffffffffffffffff012000283f320662696e617279400038001a3008011208800000000000000220002a1e080810800118ffffffffffffffffff012000283f320662696e6172794000380020d5012a1e080810800118ffffffffffffffffff012000283f320662696e61727940003800	value:30		0
IntDivideInt/-1/2	1	08904e1a30080112087fffffffffffffff20002a1e080810800118ffffffffffffffffff012000283f320662696e617279400038001a3008011208800000000000000220002a1e080810800118ffffffffffffffffff012000283f320662696e6172794000380020d5012a1e080810800118ffffffffffffffffff012000283f320662696e61727940003800	value:30		0
IntDivideInt/1/0	0	08904e1a3008011208800000000000000120002a1e080810800118ffffffffffffffffff012000283f320662696e617279400038001a3008011208800000000000000020002a1e080810800118ffffffffffffffffff012000283f320662696e6172794000380020d5012a1e080810800118ffffffffffffffffff012000283f320662696e61727940003800	error	5b65787072657373696f6e3a313336355d4469766973696f6e2062792030	0
IntDivideInt/1/0	2	08904e1a3008011208800000000000000120002a1e080810800118ffffffffffffffffff012000283f320662696e617279400038001a3008011208800000000000000020002a1e080810800118ffffffffffffffffff012000283f320662696e6172794000380020d5012a1e080810800118ffffffffffffffffff012000283f320662696e61727940003800	error	5b65787072657373696f6e3a313336355d4469766973696f6e2062792030	0
IntDivideInt/1/0	1	08904e1a3008011208800000000000000120002a1e080810800118ffffffffffffffffff012000283f320662696e617279400038001a3008011208800000000000000020002a1e080810800118ffffffffffffffffff012000283f320662696e6172794000380020d5012a1e080810800118ffffffffffffffffff012000283f320662696e61727940003800	error	5b65787072657373696f6e3a313336355d4469766973696f6e2062792030	0
IntDivideInt/9223372036854775807/2	0	08904e1a3008011208ffffffffffffffff20002a1e080810800118ffffffffffffffffff012000283f320662696e617279400038001a3008011208800000000000000220002a1e080810800118ffffffffffffffffff012000283f320662696e6172794000380020d5012a1e080810800118ffffffffffffffffff012000283f320662696e61727940003800	value:34363131363836303138343237333837393033		0
IntDivideInt/9223372036854775807/2	2	08904e1a3008011208ffffffffffffffff20002a1e080810800118ffffffffffffffffff012000283f320662696e617279400038001a3008011208800000000000000220002a1e080810800118ffffffffffffffffff012000283f320662696e6172794000380020d5012a1e080810800118ffffffffffffffffff012000283f320662696e61727940003800	value:34363131363836303138343237333837393033		0
IntDivideInt/9223372036854775807/2	1	08904e1a3008011208ffffffffffffffff20002a1e080810800118ffffffffffffffffff012000283f320662696e617279400038001a3008011208800000000000000220002a1e080810800118ffffffffffffffffff012000283f320662696e6172794000380020d5012a1e080810800118ffffffffffffffffff012000283f320662696e61727940003800	value:34363131363836303138343237333837393033		0
IntDivideInt/null_bad	0	08904e1a2f080020002a27080010800118ffffffffffffffffff0120ffffffffffffffffff01283f320662696e617279400038001a3908051207696e76616c696420002a2808fd01100018ffffffffffffffffff0120ffffffffffffffffff01282e3207757466386d62344000380020d5012a1e080810800118ffffffffffffffffff012000283f320662696e61727940003800	null		0
IntDivideInt/null_bad	2	08904e1a2f080020002a27080010800118ffffffffffffffffff0120ffffffffffffffffff01283f320662696e617279400038001a3908051207696e76616c696420002a2808fd01100018ffffffffffffffffff0120ffffffffffffffffff01282e3207757466386d62344000380020d5012a1e080810800118ffffffffffffffffff012000283f320662696e61727940003800	null		0
IntDivideInt/null_bad	1	08904e1a2f080020002a27080010800118ffffffffffffffffff0120ffffffffffffffffff01283f320662696e617279400038001a3908051207696e76616c696420002a2808fd01100018ffffffffffffffffff0120ffffffffffffffffff01282e3207757466386d62344000380020d5012a1e080810800118ffffffffffffffffff012000283f320662696e61727940003800	null		0
IntDivideDecimal/-1/2	0	08904e1a230866120301007e20002a1608f601108001180a2002283f320662696e617279400038001a230866120301008220002a1608f601108001180a2002283f320662696e6172794000380020d6012a1e080810800118ffffffffffffffffff012000283f320662696e61727940003800	value:30		0
IntDivideDecimal/-1/2	2	08904e1a230866120301007e20002a1608f601108001180a2002283f320662696e617279400038001a230866120301008220002a1608f601108001180a2002283f320662696e6172794000380020d6012a1e080810800118ffffffffffffffffff012000283f320662696e61727940003800	value:30		0
IntDivideDecimal/-1/2	1	08904e1a230866120301007e20002a1608f601108001180a2002283f320662696e617279400038001a230866120301008220002a1608f601108001180a2002283f320662696e6172794000380020d6012a1e080810800118ffffffffffffffffff012000283f320662696e61727940003800	value:30		0
IntDivideDecimal/1/0	0	08904e1a230866120301008120002a1608f601108001180a2002283f320662696e617279400038001a230866120301008020002a1608f601108001180a2002283f320662696e6172794000380020d6012a1e080810800118ffffffffffffffffff012000283f320662696e61727940003800	error	5b65787072657373696f6e3a313336355d4469766973696f6e2062792030	0
IntDivideDecimal/1/0	2	08904e1a230866120301008120002a1608f601108001180a2002283f320662696e617279400038001a230866120301008020002a1608f601108001180a2002283f320662696e6172794000380020d6012a1e080810800118ffffffffffffffffff012000283f320662696e61727940003800	error	5b65787072657373696f6e3a313336355d4469766973696f6e2062792030	0
IntDivideDecimal/1/0	1	08904e1a230866120301008120002a1608f601108001180a2002283f320662696e617279400038001a230866120301008020002a1608f601108001180a2002283f320662696e6172794000380020d6012a1e080810800118ffffffffffffffffff012000283f320662696e61727940003800	error	5b65787072657373696f6e3a313336355d4469766973696f6e2062792030	0
IntDivideDecimal/9223372036854775807/2	0	08904e1a2b0866120b1300890d50630432f2d7ff20002a1608f601108001180a2002283f320662696e617279400038001a230866120301008220002a1608f601108001180a2002283f320662696e6172794000380020d6012a1e080810800118ffffffffffffffffff012000283f320662696e61727940003800	value:34363131363836303138343237333837393033		0
IntDivideDecimal/9223372036854775807/2	2	08904e1a2b0866120b1300890d50630432f2d7ff20002a1608f601108001180a2002283f320662696e617279400038001a230866120301008220002a1608f601108001180a2002283f320662696e6172794000380020d6012a1e080810800118ffffffffffffffffff012000283f320662696e61727940003800	value:34363131363836303138343237333837393033		0
IntDivideDecimal/9223372036854775807/2	1	08904e1a2b0866120b1300890d50630432f2d7ff20002a1608f601108001180a2002283f320662696e617279400038001a230866120301008220002a1608f601108001180a2002283f320662696e6172794000380020d6012a1e080810800118ffffffffffffffffff012000283f320662696e61727940003800	value:34363131363836303138343237333837393033		0
IntDivideDecimal/null_bad	0	08904e1a2f080020002a27080010800118ffffffffffffffffff0120ffffffffffffffffff01283f320662696e617279400038001a3908051207696e76616c696420002a2808fd01100018ffffffffffffffffff0120ffffffffffffffffff01282e3207757466386d62344000380020d6012a1e080810800118ffffffffffffffffff012000283f320662696e61727940003800	null		0
IntDivideDecimal/null_bad	2	08904e1a2f080020002a27080010800118ffffffffffffffffff0120ffffffffffffffffff01283f320662696e617279400038001a3908051207696e76616c696420002a2808fd01100018ffffffffffffffffff0120ffffffffffffffffff01282e3207757466386d62344000380020d6012a1e080810800118ffffffffffffffffff012000283f320662696e61727940003800	null		0
IntDivideDecimal/null_bad	1	08904e1a2f080020002a27080010800118ffffffffffffffffff0120ffffffffffffffffff01283f320662696e617279400038001a3908051207696e76616c696420002a2808fd01100018ffffffffffffffffff0120ffffffffffffffffff01282e3207757466386d62344000380020d6012a1e080810800118ffffffffffffffffff012000283f320662696e61727940003800	null		0
ModIntSignedSigned/-1/2	0	08904e1a30080112087fffffffffffffff20002a1e080810800118ffffffffffffffffff012000283f320662696e617279400038001a3008011208800000000000000220002a1e080810800118ffffffffffffffffff012000283f320662696e6172794000380020e2012a1e080810800118ffffffffffffffffff012000283f320662696e61727940003800	value:2d31		0
ModIntSignedSigned/-1/2	2	08904e1a30080112087fffffffffffffff20002a1e080810800118ffffffffffffffffff012000283f320662696e617279400038001a3008011208800000000000000220002a1e080810800118ffffffffffffffffff012000283f320662696e6172794000380020e2012a1e080810800118ffffffffffffffffff012000283f320662696e61727940003800	value:2d31		0
ModIntSignedSigned/-1/2	1	08904e1a30080112087fffffffffffffff20002a1e080810800118ffffffffffffffffff012000283f320662696e617279400038001a3008011208800000000000000220002a1e080810800118ffffffffffffffffff012000283f320662696e6172794000380020e2012a1e080810800118ffffffffffffffffff012000283f320662696e61727940003800	value:2d31		0
ModIntSignedSigned/1/0	0	08904e1a3008011208800000000000000120002a1e080810800118ffffffffffffffffff012000283f320662696e617279400038001a3008011208800000000000000020002a1e080810800118ffffffffffffffffff012000283f320662696e6172794000380020e2012a1e080810800118ffffffffffffffffff012000283f320662696e61727940003800	error	5b65787072657373696f6e3a313336355d4469766973696f6e2062792030	0
ModIntSignedSigned/1/0	2	08904e1a3008011208800000000000000120002a1e080810800118ffffffffffffffffff012000283f320662696e617279400038001a3008011208800000000000000020002a1e080810800118ffffffffffffffffff012000283f320662696e6172794000380020e2012a1e080810800118ffffffffffffffffff012000283f320662696e61727940003800	error	5b65787072657373696f6e3a313336355d4469766973696f6e2062792030	0
ModIntSignedSigned/1/0	1	08904e1a3008011208800000000000000120002a1e080810800118ffffffffffffffffff012000283f320662696e617279400038001a3008011208800000000000000020002a1e080810800118ffffffffffffffffff012000283f320662696e6172794000380020e2012a1e080810800118ffffffffffffffffff012000283f320662696e61727940003800	error	5b65787072657373696f6e3a313336355d4469766973696f6e2062792030	0
ModIntSignedSigned/9223372036854775807/2	0	08904e1a3008011208ffffffffffffffff20002a1e080810800118ffffffffffffffffff012000283f320662696e617279400038001a3008011208800000000000000220002a1e080810800118ffffffffffffffffff012000283f320662696e6172794000380020e2012a1e080810800118ffffffffffffffffff012000283f320662696e61727940003800	value:31		0
ModIntSignedSigned/9223372036854775807/2	2	08904e1a3008011208ffffffffffffffff20002a1e080810800118ffffffffffffffffff012000283f320662696e617279400038001a3008011208800000000000000220002a1e080810800118ffffffffffffffffff012000283f320662696e6172794000380020e2012a1e080810800118ffffffffffffffffff012000283f320662696e61727940003800	value:31		0
ModIntSignedSigned/9223372036854775807/2	1	08904e1a3008011208ffffffffffffffff20002a1e080810800118ffffffffffffffffff012000283f320662696e617279400038001a3008011208800000000000000220002a1e080810800118ffffffffffffffffff012000283f320662696e6172794000380020e2012a1e080810800118ffffffffffffffffff012000283f320662696e61727940003800	value:31		0
ModIntSignedSigned/null_bad	0	08904e1a2f080020002a27080010800118ffffffffffffffffff0120ffffffffffffffffff01283f320662696e617279400038001a3908051207696e76616c696420002a2808fd01100018ffffffffffffffffff0120ffffffffffffffffff01282e3207757466386d62344000380020e2012a1e080810800118ffffffffffffffffff012000283f320662696e61727940003800	error	5b74797065733a313239325d5472756e636174656420696e636f727265637420444f55424c452076616c75653a2027696e76616c696427	0
ModIntSignedSigned/null_bad	2	08904e1a2f080020002a27080010800118ffffffffffffffffff0120ffffffffffffffffff01283f320662696e617279400038001a3908051207696e76616c696420002a2808fd01100018ffffffffffffffffff0120ffffffffffffffffff01282e3207757466386d62344000380020e2012a1e080810800118ffffffffffffffffff012000283f320662696e61727940003800	null		1
ModIntSignedSigned/null_bad	1	08904e1a2f080020002a27080010800118ffffffffffffffffff0120ffffffffffffffffff01283f320662696e617279400038001a3908051207696e76616c696420002a2808fd01100018ffffffffffffffffff0120ffffffffffffffffff01282e3207757466386d62344000380020e2012a1e080810800118ffffffffffffffffff012000283f320662696e61727940003800	null		0
ModIntSignedUnsigned/-1/2	0	08904e1a30080112087fffffffffffffff20002a1e080810800118ffffffffffffffffff012000283f320662696e617279400038001a3008011208800000000000000220002a1e080810800118ffffffffffffffffff012000283f320662696e6172794000380020e1012a1e080810800118ffffffffffffffffff012000283f320662696e61727940003800	value:2d31		0
ModIntSignedUnsigned/-1/2	2	08904e1a30080112087fffffffffffffff20002a1e080810800118ffffffffffffffffff012000283f320662696e617279400038001a3008011208800000000000000220002a1e080810800118ffffffffffffffffff012000283f320662696e6172794000380020e1012a1e080810800118ffffffffffffffffff012000283f320662696e61727940003800	value:2d31		0
ModIntSignedUnsigned/-1/2	1	08904e1a30080112087fffffffffffffff20002a1e080810800118ffffffffffffffffff012000283f320662696e617279400038001a3008011208800000000000000220002a1e080810800118ffffffffffffffffff012000283f320662696e6172794000380020e1012a1e080810800118ffffffffffffffffff012000283f320662696e61727940003800	value:2d31		0
ModIntSignedUnsigned/1/0	0	08904e1a3008011208800000000000000120002a1e080810800118ffffffffffffffffff012000283f320662696e617279400038001a3008011208800000000000000020002a1e080810800118ffffffffffffffffff012000283f320662696e6172794000380020e1012a1e080810800118ffffffffffffffffff012000283f320662696e61727940003800	error	5b65787072657373696f6e3a313336355d4469766973696f6e2062792030	0
ModIntSignedUnsigned/1/0	2	08904e1a3008011208800000000000000120002a1e080810800118ffffffffffffffffff012000283f320662696e617279400038001a3008011208800000000000000020002a1e080810800118ffffffffffffffffff012000283f320662696e6172794000380020e1012a1e080810800118ffffffffffffffffff012000283f320662696e61727940003800	error	5b65787072657373696f6e3a313336355d4469766973696f6e2062792030	0
ModIntSignedUnsigned/1/0	1	08904e1a3008011208800000000000000120002a1e080810800118ffffffffffffffffff012000283f320662696e617279400038001a3008011208800000000000000020002a1e080810800118ffffffffffffffffff012000283f320662696e6172794000380020e1012a1e080810800118ffffffffffffffffff012000283f320662696e61727940003800	error	5b65787072657373696f6e3a313336355d4469766973696f6e2062792030	0
ModIntSignedUnsigned/9223372036854775807/2	0	08904e1a3008011208ffffffffffffffff20002a1e080810800118ffffffffffffffffff012000283f320662696e617279400038001a3008011208800000000000000220002a1e080810800118ffffffffffffffffff012000283f320662696e6172794000380020e1012a1e080810800118ffffffffffffffffff012000283f320662696e61727940003800	value:31		0
ModIntSignedUnsigned/9223372036854775807/2	2	08904e1a3008011208ffffffffffffffff20002a1e080810800118ffffffffffffffffff012000283f320662696e617279400038001a3008011208800000000000000220002a1e080810800118ffffffffffffffffff012000283f320662696e6172794000380020e1012a1e080810800118ffffffffffffffffff012000283f320662696e61727940003800	value:31		0
ModIntSignedUnsigned/9223372036854775807/2	1	08904e1a3008011208ffffffffffffffff20002a1e080810800118ffffffffffffffffff012000283f320662696e617279400038001a3008011208800000000000000220002a1e080810800118ffffffffffffffffff012000283f320662696e6172794000380020e1012a1e080810800118ffffffffffffffffff012000283f320662696e61727940003800	value:31		0
ModIntSignedUnsigned/null_bad	0	08904e1a2f080020002a27080010800118ffffffffffffffffff0120ffffffffffffffffff01283f320662696e617279400038001a3908051207696e76616c696420002a2808fd01100018ffffffffffffffffff0120ffffffffffffffffff01282e3207757466386d62344000380020e1012a1e080810800118ffffffffffffffffff012000283f320662696e61727940003800	error	5b74797065733a313239325d5472756e636174656420696e636f727265637420444f55424c452076616c75653a2027696e76616c696427	0
ModIntSignedUnsigned/null_bad	2	08904e1a2f080020002a27080010800118ffffffffffffffffff0120ffffffffffffffffff01283f320662696e617279400038001a3908051207696e76616c696420002a2808fd01100018ffffffffffffffffff0120ffffffffffffffffff01282e3207757466386d62344000380020e1012a1e080810800118ffffffffffffffffff012000283f320662696e61727940003800	null		1
ModIntSignedUnsigned/null_bad	1	08904e1a2f080020002a27080010800118ffffffffffffffffff0120ffffffffffffffffff01283f320662696e617279400038001a3908051207696e76616c696420002a2808fd01100018ffffffffffffffffff0120ffffffffffffffffff01282e3207757466386d62344000380020e1012a1e080810800118ffffffffffffffffff012000283f320662696e61727940003800	null		0
ModIntUnsignedSigned/-1/2	0	08904e1a30080112087fffffffffffffff20002a1e080810800118ffffffffffffffffff012000283f320662696e617279400038001a3008011208800000000000000220002a1e080810800118ffffffffffffffffff012000283f320662696e6172794000380020e0012a1e080810800118ffffffffffffffffff012000283f320662696e61727940003800	value:31		0
ModIntUnsignedSigned/-1/2	2	08904e1a30080112087fffffffffffffff20002a1e080810800118ffffffffffffffffff012000283f320662696e617279400038001a3008011208800000000000000220002a1e080810800118ffffffffffffffffff012000283f320662696e6172794000380020e0012a1e080810800118ffffffffffffffffff012000283f320662696e61727940003800	value:31		0
ModIntUnsignedSigned/-1/2	1	08904e1a30080112087fffffffffffffff20002a1e080810800118ffffffffffffffffff012000283f320662696e617279400038001a3008011208800000000000000220002a1e080810800118ffffffffffffffffff012000283f320662696e6172794000380020e0012a1e080810800118ffffffffffffffffff012000283f320662696e61727940003800	value:31		0
ModIntUnsignedSigned/1/0	0	08904e1a3008011208800000000000000120002a1e080810800118ffffffffffffffffff012000283f320662696e617279400038001a3008011208800000000000000020002a1e080810800118ffffffffffffffffff012000283f320662696e6172794000380020e0012a1e080810800118ffffffffffffffffff012000283f320662696e61727940003800	error	5b65787072657373696f6e3a313336355d4469766973696f6e2062792030	0
ModIntUnsignedSigned/1/0	2	08904e1a3008011208800000000000000120002a1e080810800118ffffffffffffffffff012000283f320662696e617279400038001a3008011208800000000000000020002a1e080810800118ffffffffffffffffff012000283f320662696e6172794000380020e0012a1e080810800118ffffffffffffffffff012000283f320662696e61727940003800	error	5b65787072657373696f6e3a313336355d4469766973696f6e2062792030	0
ModIntUnsignedSigned/1/0	1	08904e1a3008011208800000000000000120002a1e080810800118ffffffffffffffffff012000283f320662696e617279400038001a3008011208800000000000000020002a1e080810800118ffffffffffffffffff012000283f320662696e6172794000380020e0012a1e080810800118ffffffffffffffffff012000283f320662696e61727940003800	error	5b65787072657373696f6e3a313336355d4469766973696f6e2062792030	0
ModIntUnsignedSigned/9223372036854775807/2	0	08904e1a3008011208ffffffffffffffff20002a1e080810800118ffffffffffffffffff012000283f320662696e617279400038001a3008011208800000000000000220002a1e080810800118ffffffffffffffffff012000283f320662696e6172794000380020e0012a1e080810800118ffffffffffffffffff012000283f320662696e61727940003800	value:31		0
ModIntUnsignedSigned/9223372036854775807/2	2	08904e1a3008011208ffffffffffffffff20002a1e080810800118ffffffffffffffffff012000283f320662696e617279400038001a3008011208800000000000000220002a1e080810800118ffffffffffffffffff012000283f320662696e6172794000380020e0012a1e080810800118ffffffffffffffffff012000283f320662696e61727940003800	value:31		0
ModIntUnsignedSigned/9223372036854775807/2	1	08904e1a3008011208ffffffffffffffff20002a1e080810800118ffffffffffffffffff012000283f320662696e617279400038001a3008011208800000000000000220002a1e080810800118ffffffffffffffffff012000283f320662696e6172794000380020e0012a1e080810800118ffffffffffffffffff012000283f320662696e61727940003800	value:31		0
ModIntUnsignedSigned/null_bad	0	08904e1a2f080020002a27080010800118ffffffffffffffffff0120ffffffffffffffffff01283f320662696e617279400038001a3908051207696e76616c696420002a2808fd01100018ffffffffffffffffff0120ffffffffffffffffff01282e3207757466386d62344000380020e0012a1e080810800118ffffffffffffffffff012000283f320662696e61727940003800	error	5b74797065733a313239325d5472756e636174656420696e636f727265637420444f55424c452076616c75653a2027696e76616c696427	0
ModIntUnsignedSigned/null_bad	2	08904e1a2f080020002a27080010800118ffffffffffffffffff0120ffffffffffffffffff01283f320662696e617279400038001a3908051207696e76616c696420002a2808fd01100018ffffffffffffffffff0120ffffffffffffffffff01282e3207757466386d62344000380020e0012a1e080810800118ffffffffffffffffff012000283f320662696e61727940003800	null		1
ModIntUnsignedSigned/null_bad	1	08904e1a2f080020002a27080010800118ffffffffffffffffff0120ffffffffffffffffff01283f320662696e617279400038001a3908051207696e76616c696420002a2808fd01100018ffffffffffffffffff0120ffffffffffffffffff01282e3207757466386d62344000380020e0012a1e080810800118ffffffffffffffffff012000283f320662696e61727940003800	null		0
ModIntUnsignedUnsigned/-1/2	0	08904e1a30080112087fffffffffffffff20002a1e080810800118ffffffffffffffffff012000283f320662696e617279400038001a3008011208800000000000000220002a1e080810800118ffffffffffffffffff012000283f320662696e6172794000380020df012a1e080810800118ffffffffffffffffff012000283f320662696e61727940003800	value:31		0
ModIntUnsignedUnsigned/-1/2	2	08904e1a30080112087fffffffffffffff20002a1e080810800118ffffffffffffffffff012000283f320662696e617279400038001a3008011208800000000000000220002a1e080810800118ffffffffffffffffff012000283f320662696e6172794000380020df012a1e080810800118ffffffffffffffffff012000283f320662696e61727940003800	value:31		0
ModIntUnsignedUnsigned/-1/2	1	08904e1a30080112087fffffffffffffff20002a1e080810800118ffffffffffffffffff012000283f320662696e617279400038001a3008011208800000000000000220002a1e080810800118ffffffffffffffffff012000283f320662696e6172794000380020df012a1e080810800118ffffffffffffffffff012000283f320662696e61727940003800	value:31		0
ModIntUnsignedUnsigned/1/0	0	08904e1a3008011208800000000000000120002a1e080810800118ffffffffffffffffff012000283f320662696e617279400038001a3008011208800000000000000020002a1e080810800118ffffffffffffffffff012000283f320662696e6172794000380020df012a1e080810800118ffffffffffffffffff012000283f320662696e61727940003800	error	5b65787072657373696f6e3a313336355d4469766973696f6e2062792030	0
ModIntUnsignedUnsigned/1/0	2	08904e1a3008011208800000000000000120002a1e080810800118ffffffffffffffffff012000283f320662696e617279400038001a3008011208800000000000000020002a1e080810800118ffffffffffffffffff012000283f320662696e6172794000380020df012a1e080810800118ffffffffffffffffff012000283f320662696e61727940003800	error	5b65787072657373696f6e3a313336355d4469766973696f6e2062792030	0
ModIntUnsignedUnsigned/1/0	1	08904e1a3008011208800000000000000120002a1e080810800118ffffffffffffffffff012000283f320662696e617279400038001a3008011208800000000000000020002a1e080810800118ffffffffffffffffff012000283f320662696e6172794000380020df012a1e080810800118ffffffffffffffffff012000283f320662696e61727940003800	error	5b65787072657373696f6e3a313336355d4469766973696f6e2062792030	0
ModIntUnsignedUnsigned/9223372036854775807/2	0	08904e1a3008011208ffffffffffffffff20002a1e080810800118ffffffffffffffffff012000283f320662696e617279400038001a3008011208800000000000000220002a1e080810800118ffffffffffffffffff012000283f320662696e6172794000380020df012a1e080810800118ffffffffffffffffff012000283f320662696e61727940003800	value:31		0
ModIntUnsignedUnsigned/9223372036854775807/2	2	08904e1a3008011208ffffffffffffffff20002a1e080810800118ffffffffffffffffff012000283f320662696e617279400038001a3008011208800000000000000220002a1e080810800118ffffffffffffffffff012000283f320662696e6172794000380020df012a1e080810800118ffffffffffffffffff012000283f320662696e61727940003800	value:31		0
ModIntUnsignedUnsigned/9223372036854775807/2	1	08904e1a3008011208ffffffffffffffff20002a1e080810800118ffffffffffffffffff012000283f320662696e617279400038001a3008011208800000000000000220002a1e080810800118ffffffffffffffffff012000283f320662696e6172794000380020df012a1e080810800118ffffffffffffffffff012000283f320662696e61727940003800	value:31		0
ModIntUnsignedUnsigned/null_bad	0	08904e1a2f080020002a27080010800118ffffffffffffffffff0120ffffffffffffffffff01283f320662696e617279400038001a3908051207696e76616c696420002a2808fd01100018ffffffffffffffffff0120ffffffffffffffffff01282e3207757466386d62344000380020df012a1e080810800118ffffffffffffffffff012000283f320662696e61727940003800	error	5b74797065733a313239325d5472756e636174656420696e636f727265637420444f55424c452076616c75653a2027696e76616c696427	0
ModIntUnsignedUnsigned/null_bad	2	08904e1a2f080020002a27080010800118ffffffffffffffffff0120ffffffffffffffffff01283f320662696e617279400038001a3908051207696e76616c696420002a2808fd01100018ffffffffffffffffff0120ffffffffffffffffff01282e3207757466386d62344000380020df012a1e080810800118ffffffffffffffffff012000283f320662696e61727940003800	null		1
ModIntUnsignedUnsigned/null_bad	1	08904e1a2f080020002a27080010800118ffffffffffffffffff0120ffffffffffffffffff01283f320662696e617279400038001a3908051207696e76616c696420002a2808fd01100018ffffffffffffffffff0120ffffffffffffffffff01282e3207757466386d62344000380020df012a1e080810800118ffffffffffffffffff012000283f320662696e61727940003800	null		0
ModReal/-1/2	0	08904e1a3908041208400fffffffffffff20002a27080510800118ffffffffffffffffff0120ffffffffffffffffff01283f320662696e617279400038001a3908041208c00000000000000020002a27080510800118ffffffffffffffffff0120ffffffffffffffffff01283f320662696e6172794000380020d7012a27080510800118ffffffffffffffffff0120ffffffffffffffffff01283f320662696e61727940003800	real:bff0000000000000		0
ModReal/-1/2	2	08904e1a3908041208400fffffffffffff20002a27080510800118ffffffffffffffffff0120ffffffffffffffffff01283f320662696e617279400038001a3908041208c00000000000000020002a27080510800118ffffffffffffffffff0120ffffffffffffffffff01283f320662696e6172794000380020d7012a27080510800118ffffffffffffffffff0120ffffffffffffffffff01283f320662696e61727940003800	real:bff0000000000000		0
ModReal/-1/2	1	08904e1a3908041208400fffffffffffff20002a27080510800118ffffffffffffffffff0120ffffffffffffffffff01283f320662696e617279400038001a3908041208c00000000000000020002a27080510800118ffffffffffffffffff0120ffffffffffffffffff01283f320662696e6172794000380020d7012a27080510800118ffffffffffffffffff0120ffffffffffffffffff01283f320662696e61727940003800	real:bff0000000000000		0
ModReal/1/0	0	08904e1a3908041208bff000000000000020002a27080510800118ffffffffffffffffff0120ffffffffffffffffff01283f320662696e617279400038001a3908041208800000000000000020002a27080510800118ffffffffffffffffff0120ffffffffffffffffff01283f320662696e6172794000380020d7012a27080510800118ffffffffffffffffff0120ffffffffffffffffff01283f320662696e61727940003800	error	5b65787072657373696f6e3a313336355d4469766973696f6e2062792030	0
ModReal/1/0	2	08904e1a3908041208bff000000000000020002a27080510800118ffffffffffffffffff0120ffffffffffffffffff01283f320662696e617279400038001a3908041208800000000000000020002a27080510800118ffffffffffffffffff0120ffffffffffffffffff01283f320662696e6172794000380020d7012a27080510800118ffffffffffffffffff0120ffffffffffffffffff01283f320662696e61727940003800	error	5b65787072657373696f6e3a313336355d4469766973696f6e2062792030	0
ModReal/1/0	1	08904e1a3908041208bff000000000000020002a27080510800118ffffffffffffffffff0120ffffffffffffffffff01283f320662696e617279400038001a3908041208800000000000000020002a27080510800118ffffffffffffffffff0120ffffffffffffffffff01283f320662696e6172794000380020d7012a27080510800118ffffffffffffffffff0120ffffffffffffffffff01283f320662696e61727940003800	error	5b65787072657373696f6e3a313336355d4469766973696f6e2062792030	0
ModReal/9223372036854775807/2	0	08904e1a3908041208c3e000000000000020002a27080510800118ffffffffffffffffff0120ffffffffffffffffff01283f320662696e617279400038001a3908041208c00000000000000020002a27080510800118ffffffffffffffffff0120ffffffffffffffffff01283f320662696e6172794000380020d7012a27080510800118ffffffffffffffffff0120ffffffffffffffffff01283f320662696e61727940003800	real:0000000000000000		0
ModReal/9223372036854775807/2	2	08904e1a3908041208c3e000000000000020002a27080510800118ffffffffffffffffff0120ffffffffffffffffff01283f320662696e617279400038001a3908041208c00000000000000020002a27080510800118ffffffffffffffffff0120ffffffffffffffffff01283f320662696e6172794000380020d7012a27080510800118ffffffffffffffffff0120ffffffffffffffffff01283f320662696e61727940003800	real:0000000000000000		0
ModReal/9223372036854775807/2	1	08904e1a3908041208c3e000000000000020002a27080510800118ffffffffffffffffff0120ffffffffffffffffff01283f320662696e617279400038001a3908041208c00000000000000020002a27080510800118ffffffffffffffffff0120ffffffffffffffffff01283f320662696e6172794000380020d7012a27080510800118ffffffffffffffffff0120ffffffffffffffffff01283f320662696e61727940003800	real:0000000000000000		0
ModReal/null_bad	0	08904e1a2f080020002a27080010800118ffffffffffffffffff0120ffffffffffffffffff01283f320662696e617279400038001a3908051207696e76616c696420002a2808fd01100018ffffffffffffffffff0120ffffffffffffffffff01282e3207757466386d62344000380020d7012a27080510800118ffffffffffffffffff0120ffffffffffffffffff01283f320662696e61727940003800	error	5b74797065733a313239325d5472756e636174656420696e636f727265637420444f55424c452076616c75653a2027696e76616c696427	0
ModReal/null_bad	2	08904e1a2f080020002a27080010800118ffffffffffffffffff0120ffffffffffffffffff01283f320662696e617279400038001a3908051207696e76616c696420002a2808fd01100018ffffffffffffffffff0120ffffffffffffffffff01282e3207757466386d62344000380020d7012a27080510800118ffffffffffffffffff0120ffffffffffffffffff01283f320662696e61727940003800	null		1
ModReal/null_bad	1	08904e1a2f080020002a27080010800118ffffffffffffffffff0120ffffffffffffffffff01283f320662696e617279400038001a3908051207696e76616c696420002a2808fd01100018ffffffffffffffffff0120ffffffffffffffffff01282e3207757466386d62344000380020d7012a27080510800118ffffffffffffffffff0120ffffffffffffffffff01283f320662696e61727940003800	null		0
ModDecimal/-1/2	0	08904e1a230866120301007e20002a1608f601108001180a2002283f320662696e617279400038001a230866120301008220002a1608f601108001180a2002283f320662696e6172794000380020d8012a1608f601108001180a2002283f320662696e61727940003800	value:2d312e3030		0
ModDecimal/-1/2	2	08904e1a230866120301007e20002a1608f601108001180a2002283f320662696e617279400038001a230866120301008220002a1608f601108001180a2002283f320662696e6172794000380020d8012a1608f601108001180a2002283f320662696e61727940003800	value:2d312e3030		0
ModDecimal/-1/2	1	08904e1a230866120301007e20002a1608f601108001180a2002283f320662696e617279400038001a230866120301008220002a1608f601108001180a2002283f320662696e6172794000380020d8012a1608f601108001180a2002283f320662696e61727940003800	value:2d312e3030		0
ModDecimal/1/0	0	08904e1a230866120301008120002a1608f601108001180a2002283f320662696e617279400038001a230866120301008020002a1608f601108001180a2002283f320662696e6172794000380020d8012a1608f601108001180a2002283f320662696e61727940003800	error	5b65787072657373696f6e3a313336355d4469766973696f6e2062792030	0
ModDecimal/1/0	2	08904e1a230866120301008120002a1608f601108001180a2002283f320662696e617279400038001a230866120301008020002a1608f601108001180a2002283f320662696e6172794000380020d8012a1608f601108001180a2002283f320662696e61727940003800	error	5b65787072657373696f6e3a313336355d4469766973696f6e2062792030	0
ModDecimal/1/0	1	08904e1a230866120301008120002a1608f601108001180a2002283f320662696e617279400038001a230866120301008020002a1608f601108001180a2002283f320662696e6172794000380020d8012a1608f601108001180a2002283f320662696e61727940003800	error	5b65787072657373696f6e3a313336355d4469766973696f6e2062792030	0
ModDecimal/9223372036854775807/2	0	08904e1a2b0866120b1300890d50630432f2d7ff20002a1608f601108001180a2002283f320662696e617279400038001a230866120301008220002a1608f601108001180a2002283f320662696e6172794000380020d8012a1608f601108001180a2002283f320662696e61727940003800	value:312e3030		0
ModDecimal/9223372036854775807/2	2	08904e1a2b0866120b1300890d50630432f2d7ff20002a1608f601108001180a2002283f320662696e617279400038001a230866120301008220002a1608f601108001180a2002283f320662696e6172794000380020d8012a1608f601108001180a2002283f320662696e61727940003800	value:312e3030		0
ModDecimal/9223372036854775807/2	1	08904e1a2b0866120b1300890d50630432f2d7ff20002a1608f601108001180a2002283f320662696e617279400038001a230866120301008220002a1608f601108001180a2002283f320662696e6172794000380020d8012a1608f601108001180a2002283f320662696e61727940003800	value:312e3030		0
ModDecimal/null_bad	0	08904e1a2f080020002a27080010800118ffffffffffffffffff0120ffffffffffffffffff01283f320662696e617279400038001a3908051207696e76616c696420002a2808fd01100018ffffffffffffffffff0120ffffffffffffffffff01282e3207757466386d62344000380020d8012a1608f601108001180a2002283f320662696e61727940003800	null		0
ModDecimal/null_bad	2	08904e1a2f080020002a27080010800118ffffffffffffffffff0120ffffffffffffffffff01283f320662696e617279400038001a3908051207696e76616c696420002a2808fd01100018ffffffffffffffffff0120ffffffffffffffffff01282e3207757466386d62344000380020d8012a1608f601108001180a2002283f320662696e61727940003800	null		0
ModDecimal/null_bad	1	08904e1a2f080020002a27080010800118ffffffffffffffffff0120ffffffffffffffffff01283f320662696e617279400038001a3908051207696e76616c696420002a2808fd01100018ffffffffffffffffff0120ffffffffffffffffff01282e3207757466386d62344000380020d8012a1608f601108001180a2002283f320662696e61727940003800	null		0
Acos/0	0	08904e1a3908041208800000000000000020002a27080510800118ffffffffffffffffff0120ffffffffffffffffff01283f320662696e6172794000380020de102a27080510800118ffffffffffffffffff0120ffffffffffffffffff01283f320662696e61727940003800	real:3ff921fb54442d18		0
Acos/0	2	08904e1a3908041208800000000000000020002a27080510800118ffffffffffffffffff0120ffffffffffffffffff01283f320662696e6172794000380020de102a27080510800118ffffffffffffffffff0120ffffffffffffffffff01283f320662696e61727940003800	real:3ff921fb54442d18		0
Acos/0	1	08904e1a3908041208800000000000000020002a27080510800118ffffffffffffffffff0120ffffffffffffffffff01283f320662696e6172794000380020de102a27080510800118ffffffffffffffffff0120ffffffffffffffffff01283f320662696e61727940003800	real:3ff921fb54442d18		0
Acos/0.5	0	08904e1a3908041208bfe000000000000020002a27080510800118ffffffffffffffffff0120ffffffffffffffffff01283f320662696e6172794000380020de102a27080510800118ffffffffffffffffff0120ffffffffffffffffff01283f320662696e61727940003800	real:3ff0c152382d7365		0
Acos/0.5	2	08904e1a3908041208bfe000000000000020002a27080510800118ffffffffffffffffff0120ffffffffffffffffff01283f320662696e6172794000380020de102a27080510800118ffffffffffffffffff0120ffffffffffffffffff01283f320662696e61727940003800	real:3ff0c152382d7365		0
Acos/0.5	1	08904e1a3908041208bfe000000000000020002a27080510800118ffffffffffffffffff0120ffffffffffffffffff01283f320662696e6172794000380020de102a27080510800118ffffffffffffffffff0120ffffffffffffffffff01283f320662696e61727940003800	real:3ff0c152382d7365		0
Acos/1	0	08904e1a3908041208bff000000000000020002a27080510800118ffffffffffffffffff0120ffffffffffffffffff01283f320662696e6172794000380020de102a27080510800118ffffffffffffffffff0120ffffffffffffffffff01283f320662696e61727940003800	real:0000000000000000		0
Acos/1	2	08904e1a3908041208bff000000000000020002a27080510800118ffffffffffffffffff0120ffffffffffffffffff01283f320662696e6172794000380020de102a27080510800118ffffffffffffffffff0120ffffffffffffffffff01283f320662696e61727940003800	real:0000000000000000		0
Acos/1	1	08904e1a3908041208bff000000000000020002a27080510800118ffffffffffffffffff0120ffffffffffffffffff01283f320662696e6172794000380020de102a27080510800118ffffffffffffffffff0120ffffffffffffffffff01283f320662696e61727940003800	real:0000000000000000		0
Acos/-1	0	08904e1a3908041208400fffffffffffff20002a27080510800118ffffffffffffffffff0120ffffffffffffffffff01283f320662696e6172794000380020de102a27080510800118ffffffffffffffffff0120ffffffffffffffffff01283f320662696e61727940003800	real:400921fb54442d18		0
Acos/-1	2	08904e1a3908041208400fffffffffffff20002a27080510800118ffffffffffffffffff0120ffffffffffffffffff01283f320662696e6172794000380020de102a27080510800118ffffffffffffffffff0120ffffffffffffffffff01283f320662696e61727940003800	real:400921fb54442d18		0
Acos/-1	1	08904e1a3908041208400fffffffffffff20002a27080510800118ffffffffffffffffff0120ffffffffffffffffff01283f320662696e6172794000380020de102a27080510800118ffffffffffffffffff0120ffffffffffffffffff01283f320662696e61727940003800	real:400921fb54442d18		0
Acos/1e20	0	08904e1a3908041208c415af1d78b58c4020002a27080510800118ffffffffffffffffff0120ffffffffffffffffff01283f320662696e6172794000380020de102a27080510800118ffffffffffffffffff0120ffffffffffffffffff01283f320662696e61727940003800	null		0
Acos/1e20	2	08904e1a3908041208c415af1d78b58c4020002a27080510800118ffffffffffffffffff0120ffffffffffffffffff01283f320662696e6172794000380020de102a27080510800118ffffffffffffffffff0120ffffffffffffffffff01283f320662696e61727940003800	null		0
Acos/1e20	1	08904e1a3908041208c415af1d78b58c4020002a27080510800118ffffffffffffffffff0120ffffffffffffffffff01283f320662696e6172794000380020de102a27080510800118ffffffffffffffffff0120ffffffffffffffffff01283f320662696e61727940003800	null		0
Asin/0	0	08904e1a3908041208800000000000000020002a27080510800118ffffffffffffffffff0120ffffffffffffffffff01283f320662696e6172794000380020df102a27080510800118ffffffffffffffffff0120ffffffffffffffffff01283f320662696e61727940003800	real:0000000000000000		0
Asin/0	2	08904e1a3908041208800000000000000020002a27080510800118ffffffffffffffffff0120ffffffffffffffffff01283f320662696e6172794000380020df102a27080510800118ffffffffffffffffff0120ffffffffffffffffff01283f320662696e61727940003800	real:0000000000000000		0
Asin/0	1	08904e1a3908041208800000000000000020002a27080510800118ffffffffffffffffff0120ffffffffffffffffff01283f320662696e6172794000380020df102a27080510800118ffffffffffffffffff0120ffffffffffffffffff01283f320662696e61727940003800	real:0000000000000000		0
Asin/0.5	0	08904e1a3908041208bfe000000000000020002a27080510800118ffffffffffffffffff0120ffffffffffffffffff01283f320662696e6172794000380020df102a27080510800118ffffffffffffffffff0120ffffffffffffffffff01283f320662696e61727940003800	real:3fe0c152382d7366		0
Asin/0.5	2	08904e1a3908041208bfe000000000000020002a27080510800118ffffffffffffffffff0120ffffffffffffffffff01283f320662696e6172794000380020df102a27080510800118ffffffffffffffffff0120ffffffffffffffffff01283f320662696e61727940003800	real:3fe0c152382d7366		0
Asin/0.5	1	08904e1a3908041208bfe000000000000020002a27080510800118ffffffffffffffffff0120ffffffffffffffffff01283f320662696e6172794000380020df102a27080510800118ffffffffffffffffff0120ffffffffffffffffff01283f320662696e61727940003800	real:3fe0c152382d7366		0
Asin/1	0	08904e1a3908041208bff000000000000020002a27080510800118ffffffffffffffffff0120ffffffffffffffffff01283f320662696e6172794000380020df102a27080510800118ffffffffffffffffff0120ffffffffffffffffff01283f320662696e61727940003800	real:3ff921fb54442d18		0
Asin/1	2	08904e1a3908041208bff000000000000020002a27080510800118ffffffffffffffffff0120ffffffffffffffffff01283f320662696e6172794000380020df102a27080510800118ffffffffffffffffff0120ffffffffffffffffff01283f320662696e61727940003800	real:3ff921fb54442d18		0
Asin/1	1	08904e1a3908041208bff000000000000020002a27080510800118ffffffffffffffffff0120ffffffffffffffffff01283f320662696e6172794000380020df102a27080510800118ffffffffffffffffff0120ffffffffffffffffff01283f320662696e61727940003800	real:3ff921fb54442d18		0
Asin/-1	0	08904e1a3908041208400fffffffffffff20002a27080510800118ffffffffffffffffff0120ffffffffffffffffff01283f320662696e6172794000380020df102a27080510800118ffffffffffffffffff0120ffffffffffffffffff01283f320662696e61727940003800	real:bff921fb54442d18		0
Asin/-1	2	08904e1a3908041208400fffffffffffff20002a27080510800118ffffffffffffffffff0120ffffffffffffffffff01283f320662696e6172794000380020df102a27080510800118ffffffffffffffffff0120ffffffffffffffffff01283f320662696e61727940003800	real:bff921fb54442d18		0
Asin/-1	1	08904e1a3908041208400fffffffffffff20002a27080510800118ffffffffffffffffff0120ffffffffffffffffff01283f320662696e6172794000380020df102a27080510800118ffffffffffffffffff0120ffffffffffffffffff01283f320662696e61727940003800	real:bff921fb54442d18		0
Asin/1e20	0	08904e1a3908041208c415af1d78b58c4020002a27080510800118ffffffffffffffffff0120ffffffffffffffffff01283f320662696e6172794000380020df102a27080510800118ffffffffffffffffff0120ffffffffffffffffff01283f320662696e61727940003800	null		0
Asin/1e20	2	08904e1a3908041208c415af1d78b58c4020002a27080510800118ffffffffffffffffff0120ffffffffffffffffff01283f320662696e6172794000380020df102a27080510800118ffffffffffffffffff0120ffffffffffffffffff01283f320662696e61727940003800	null		0
Asin/1e20	1	08904e1a3908041208c415af1d78b58c4020002a27080510800118ffffffffffffffffff0120ffffffffffffffffff01283f320662696e6172794000380020df102a27080510800118ffffffffffffffffff0120ffffffffffffffffff01283f320662696e61727940003800	null		0
Atan1Arg/0	0	08904e1a3908041208800000000000000020002a27080510800118ffffffffffffffffff0120ffffffffffffffffff01283f320662696e6172794000380020e0102a27080510800118ffffffffffffffffff0120ffffffffffffffffff01283f320662696e61727940003800	real:0000000000000000		0
Atan1Arg/0	2	08904e1a3908041208800000000000000020002a27080510800118ffffffffffffffffff0120ffffffffffffffffff01283f320662696e6172794000380020e0102a27080510800118ffffffffffffffffff0120ffffffffffffffffff01283f320662696e61727940003800	real:0000000000000000		0
Atan1Arg/0	1	08904e1a3908041208800000000000000020002a27080510800118ffffffffffffffffff0120ffffffffffffffffff01283f320662696e6172794000380020e0102a27080510800118ffffffffffffffffff0120ffffffffffffffffff01283f320662696e61727940003800	real:0000000000000000		0
Atan1Arg/0.5	0	08904e1a3908041208bfe000000000000020002a27080510800118ffffffffffffffffff0120ffffffffffffffffff01283f320662696e6172794000380020e0102a27080510800118ffffffffffffffffff0120ffffffffffffffffff01283f320662696e61727940003800	real:3fddac670561bb4f		0
Atan1Arg/0.5	2	08904e1a3908041208bfe000000000000020002a27080510800118ffffffffffffffffff0120ffffffffffffffffff01283f320662696e6172794000380020e0102a27080510800118ffffffffffffffffff0120ffffffffffffffffff01283f320662696e61727940003800	real:3fddac670561bb4f		0
Atan1Arg/0.5	1	08904e1a3908041208bfe000000000000020002a27080510800118ffffffffffffffffff0120ffffffffffffffffff01283f320662696e6172794000380020e0102a27080510800118ffffffffffffffffff0120ffffffffffffffffff01283f320662696e61727940003800	real:3fddac670561bb4f		0
Atan1Arg/1	0	08904e1a3908041208bff000000000000020002a27080510800118ffffffffffffffffff0120ffffffffffffffffff01283f320662696e6172794000380020e0102a27080510800118ffffffffffffffffff0120ffffffffffffffffff01283f320662696e61727940003800	real:3fe921fb54442d18		0
Atan1Arg/1	2	08904e1a3908041208bff000000000000020002a27080510800118ffffffffffffffffff0120ffffffffffffffffff01283f320662696e6172794000380020e0102a27080510800118ffffffffffffffffff0120ffffffffffffffffff01283f320662696e61727940003800	real:3fe921fb54442d18		0
Atan1Arg/1	1	08904e1a3908041208bff000000000000020002a27080510800118ffffffffffffffffff0120ffffffffffffffffff01283f320662696e6172794000380020e0102a27080510800118ffffffffffffffffff0120ffffffffffffffffff01283f320662696e61727940003800	real:3fe921fb54442d18		0
Atan1Arg/-1	0	08904e1a3908041208400fffffffffffff20002a27080510800118ffffffffffffffffff0120ffffffffffffffffff01283f320662696e6172794000380020e0102a27080510800118ffffffffffffffffff0120ffffffffffffffffff01283f320662696e61727940003800	real:bfe921fb54442d18		0
Atan1Arg/-1	2	08904e1a3908041208400fffffffffffff20002a27080510800118ffffffffffffffffff0120ffffffffffffffffff01283f320662696e6172794000380020e0102a27080510800118ffffffffffffffffff0120ffffffffffffffffff01283f320662696e61727940003800	real:bfe921fb54442d18		0
Atan1Arg/-1	1	08904e1a3908041208400fffffffffffff20002a27080510800118ffffffffffffffffff0120ffffffffffffffffff01283f320662696e6172794000380020e0102a27080510800118ffffffffffffffffff0120ffffffffffffffffff01283f320662696e61727940003800	real:bfe921fb54442d18		0
Atan1Arg/1e20	0	08904e1a3908041208c415af1d78b58c4020002a27080510800118ffffffffffffffffff0120ffffffffffffffffff01283f320662696e6172794000380020e0102a27080510800118ffffffffffffffffff0120ffffffffffffffffff01283f320662696e61727940003800	real:3ff921fb54442d18		0
Atan1Arg/1e20	2	08904e1a3908041208c415af1d78b58c4020002a27080510800118ffffffffffffffffff0120ffffffffffffffffff01283f320662696e6172794000380020e0102a27080510800118ffffffffffffffffff0120ffffffffffffffffff01283f320662696e61727940003800	real:3ff921fb54442d18		0
Atan1Arg/1e20	1	08904e1a3908041208c415af1d78b58c4020002a27080510800118ffffffffffffffffff0120ffffffffffffffffff01283f320662696e6172794000380020e0102a27080510800118ffffffffffffffffff0120ffffffffffffffffff01283f320662696e61727940003800	real:3ff921fb54442d18		0
Cos/0	0	08904e1a3908041208800000000000000020002a27080510800118ffffffffffffffffff0120ffffffffffffffffff01283f320662696e6172794000380020e2102a27080510800118ffffffffffffffffff0120ffffffffffffffffff01283f320662696e61727940003800	real:3ff0000000000000		0
Cos/0	2	08904e1a3908041208800000000000000020002a27080510800118ffffffffffffffffff0120ffffffffffffffffff01283f320662696e6172794000380020e2102a27080510800118ffffffffffffffffff0120ffffffffffffffffff01283f320662696e61727940003800	real:3ff0000000000000		0
Cos/0	1	08904e1a3908041208800000000000000020002a27080510800118ffffffffffffffffff0120ffffffffffffffffff01283f320662696e6172794000380020e2102a27080510800118ffffffffffffffffff0120ffffffffffffffffff01283f320662696e61727940003800	real:3ff0000000000000		0
Cos/0.5	0	08904e1a3908041208bfe000000000000020002a27080510800118ffffffffffffffffff0120ffffffffffffffffff01283f320662696e6172794000380020e2102a27080510800118ffffffffffffffffff0120ffffffffffffffffff01283f320662696e61727940003800	real:3fec1528065b7d50		0
Cos/0.5	2	08904e1a3908041208bfe000000000000020002a27080510800118ffffffffffffffffff0120ffffffffffffffffff01283f320662696e6172794000380020e2102a27080510800118ffffffffffffffffff0120ffffffffffffffffff01283f320662696e61727940003800	real:3fec1528065b7d50		0
Cos/0.5	1	08904e1a3908041208bfe000000000000020002a27080510800118ffffffffffffffffff0120ffffffffffffffffff01283f320662696e6172794000380020e2102a27080510800118ffffffffffffffffff0120ffffffffffffffffff01283f320662696e61727940003800	real:3fec1528065b7d50		0
Cos/1	0	08904e1a3908041208bff000000000000020002a27080510800118ffffffffffffffffff0120ffffffffffffffffff01283f320662696e6172794000380020e2102a27080510800118ffffffffffffffffff0120ffffffffffffffffff01283f320662696e61727940003800	real:3fe14a280fb5068c		0
Cos/1	2	08904e1a3908041208bff000000000000020002a27080510800118ffffffffffffffffff0120ffffffffffffffffff01283f320662696e6172794000380020e2102a27080510800118ffffffffffffffffff0120ffffffffffffffffff01283f320662696e61727940003800	real:3fe14a280fb5068c		0
Cos/1	1	08904e1a3908041208bff000000000000020002a27080510800118ffffffffffffffffff0120ffffffffffffffffff01283f320662696e6172794000380020e2102a27080510800118ffffffffffffffffff0120ffffffffffffffffff01283f320662696e61727940003800	real:3fe14a280fb5068c		0
Cos/-1	0	08904e1a3908041208400fffffffffffff20002a27080510800118ffffffffffffffffff0120ffffffffffffffffff01283f320662696e6172794000380020e2102a27080510800118ffffffffffffffffff0120ffffffffffffffffff01283f320662696e61727940003800	real:3fe14a280fb5068c		0
Cos/-1	2	08904e1a3908041208400fffffffffffff20002a27080510800118ffffffffffffffffff0120ffffffffffffffffff01283f320662696e6172794000380020e2102a27080510800118ffffffffffffffffff0120ffffffffffffffffff01283f320662696e61727940003800	real:3fe14a280fb5068c		0
Cos/-1	1	08904e1a3908041208400fffffffffffff20002a27080510800118ffffffffffffffffff0120ffffffffffffffffff01283f320662696e6172794000380020e2102a27080510800118ffffffffffffffffff0120ffffffffffffffffff01283f320662696e61727940003800	real:3fe14a280fb5068c		0
Cos/1e20	0	08904e1a3908041208c415af1d78b58c4020002a27080510800118ffffffffffffffffff0120ffffffffffffffffff01283f320662696e6172794000380020e2102a27080510800118ffffffffffffffffff0120ffffffffffffffffff01283f320662696e61727940003800	real:3fe872720fc60d3e		0
Cos/1e20	2	08904e1a3908041208c415af1d78b58c4020002a27080510800118ffffffffffffffffff0120ffffffffffffffffff01283f320662696e6172794000380020e2102a27080510800118ffffffffffffffffff0120ffffffffffffffffff01283f320662696e61727940003800	real:3fe872720fc60d3e		0
Cos/1e20	1	08904e1a3908041208c415af1d78b58c4020002a27080510800118ffffffffffffffffff0120ffffffffffffffffff01283f320662696e6172794000380020e2102a27080510800118ffffffffffffffffff0120ffffffffffffffffff01283f320662696e61727940003800	real:3fe872720fc60d3e		0
Cot/0	0	08904e1a3908041208800000000000000020002a27080510800118ffffffffffffffffff0120ffffffffffffffffff01283f320662696e6172794000380020e3102a27080510800118ffffffffffffffffff0120ffffffffffffffffff01283f320662696e61727940003800	error	5b74797065733a313639305d444f55424c452076616c7565206973206f7574206f662072616e676520696e2027636f7428302927	0
Cot/0	2	08904e1a3908041208800000000000000020002a27080510800118ffffffffffffffffff0120ffffffffffffffffff01283f320662696e6172794000380020e3102a27080510800118ffffffffffffffffff0120ffffffffffffffffff01283f320662696e61727940003800	error	5b74797065733a313639305d444f55424c452076616c7565206973206f7574206f662072616e676520696e2027636f7428302927	0
Cot/0	1	08904e1a3908041208800000000000000020002a27080510800118ffffffffffffffffff0120ffffffffffffffffff01283f320662696e6172794000380020e3102a27080510800118ffffffffffffffffff0120ffffffffffffffffff01283f320662696e61727940003800	error	5b74797065733a313639305d444f55424c452076616c7565206973206f7574206f662072616e676520696e2027636f7428302927	0
Cot/0.5	0	08904e1a3908041208bfe000000000000020002a27080510800118ffffffffffffffffff0120ffffffffffffffffff01283f320662696e6172794000380020e3102a27080510800118ffffffffffffffffff0120ffffffffffffffffff01283f320662696e61727940003800	real:3ffd49ad7e47c0a3		0
Cot/0.5	2	08904e1a3908041208bfe000000000000020002a27080510800118ffffffffffffffffff0120ffffffffffffffffff01283f320662696e6172794000380020e3102a27080510800118ffffffffffffffffff0120ffffffffffffffffff01283f320662696e61727940003800	real:3ffd49ad7e47c0a3		0
Cot/0.5	1	08904e1a3908041208bfe000000000000020002a27080510800118ffffffffffffffffff0120ffffffffffffffffff01283f320662696e6172794000380020e3102a27080510800118ffffffffffffffffff0120ffffffffffffffffff01283f320662696e61727940003800	real:3ffd49ad7e47c0a3		0
Cot/1	0	08904e1a3908041208bff000000000000020002a27080510800118ffffffffffffffffff0120ffffffffffffffffff01283f320662696e6172794000380020e3102a27080510800118ffffffffffffffffff0120ffffffffffffffffff01283f320662696e61727940003800	real:3fe48c05d04e1cfe		0
Cot/1	2	08904e1a3908041208bff000000000000020002a27080510800118ffffffffffffffffff0120ffffffffffffffffff01283f320662696e6172794000380020e3102a27080510800118ffffffffffffffffff0120ffffffffffffffffff01283f320662696e61727940003800	real:3fe48c05d04e1cfe		0
Cot/1	1	08904e1a3908041208bff000000000000020002a27080510800118ffffffffffffffffff0120ffffffffffffffffff01283f320662696e6172794000380020e3102a27080510800118ffffffffffffffffff0120ffffffffffffffffff01283f320662696e61727940003800	real:3fe48c05d04e1cfe		0
Cot/-1	0	08904e1a3908041208400fffffffffffff20002a27080510800118ffffffffffffffffff0120ffffffffffffffffff01283f320662696e6172794000380020e3102a27080510800118ffffffffffffffffff0120ffffffffffffffffff01283f320662696e61727940003800	real:bfe48c05d04e1cfe		0
Cot/-1	2	08904e1a3908041208400fffffffffffff20002a27080510800118ffffffffffffffffff0120ffffffffffffffffff01283f320662696e6172794000380020e3102a27080510800118ffffffffffffffffff0120ffffffffffffffffff01283f320662696e61727940003800	real:bfe48c05d04e1cfe		0
Cot/-1	1	08904e1a3908041208400fffffffffffff20002a27080510800118ffffffffffffffffff0120ffffffffffffffffff01283f320662696e6172794000380020e3102a27080510800118ffffffffffffffffff0120ffffffffffffffffff01283f320662696e61727940003800	real:bfe48c05d04e1cfe		0
Cot/1e20	0	08904e1a3908041208c415af1d78b58c4020002a27080510800118ffffffffffffffffff0120ffffffffffffffffff01283f320662696e6172794000380020e3102a27080510800118ffffffffffffffffff0120ffffffffffffffffff01283f320662696e61727940003800	real:bff2f19e6afb3969		0
Cot/1e20	2	08904e1a3908041208c415af1d78b58c4020002a27080510800118ffffffffffffffffff0120ffffffffffffffffff01283f320662696e6172794000380020e3102a27080510800118ffffffffffffffffff0120ffffffffffffffffff01283f320662696e61727940003800	real:bff2f19e6afb3969		0
Cot/1e20	1	08904e1a3908041208c415af1d78b58c4020002a27080510800118ffffffffffffffffff0120ffffffffffffffffff01283f320662696e6172794000380020e3102a27080510800118ffffffffffffffffff0120ffffffffffffffffff01283f320662696e61727940003800	real:bff2f19e6afb3969		0
Sin/0	0	08904e1a3908041208800000000000000020002a27080510800118ffffffffffffffffff0120ffffffffffffffffff01283f320662696e6172794000380020e8102a27080510800118ffffffffffffffffff0120ffffffffffffffffff01283f320662696e61727940003800	real:0000000000000000		0
Sin/0	2	08904e1a3908041208800000000000000020002a27080510800118ffffffffffffffffff0120ffffffffffffffffff01283f320662696e6172794000380020e8102a27080510800118ffffffffffffffffff0120ffffffffffffffffff01283f320662696e61727940003800	real:0000000000000000		0
Sin/0	1	08904e1a3908041208800000000000000020002a27080510800118ffffffffffffffffff0120ffffffffffffffffff01283f320662696e6172794000380020e8102a27080510800118ffffffffffffffffff0120ffffffffffffffffff01283f320662696e61727940003800	real:0000000000000000		0
Sin/0.5	0	08904e1a3908041208bfe000000000000020002a27080510800118ffffffffffffffffff0120ffffffffffffffffff01283f320662696e6172794000380020e8102a27080510800118ffffffffffffffffff0120ffffffffffffffffff01283f320662696e61727940003800	real:3fdeaee8744b05f0		0
Sin/0.5	2	08904e1a3908041208bfe000000000000020002a27080510800118ffffffffffffffffff0120ffffffffffffffffff01283f320662696e6172794000380020e8102a27080510800118ffffffffffffffffff0120ffffffffffffffffff01283f320662696e61727940003800	real:3fdeaee8744b05f0		0
Sin/0.5	1	08904e1a3908041208bfe000000000000020002a27080510800118ffffffffffffffffff0120ffffffffffffffffff01283f320662696e6172794000380020e8102a27080510800118ffffffffffffffffff0120ffffffffffffffffff01283f320662696e61727940003800	real:3fdeaee8744b05f0		0
Sin/1	0	08904e1a3908041208bff000000000000020002a27080510800118ffffffffffffffffff0120ffffffffffffffffff01283f320662696e6172794000380020e8102a27080510800118ffffffffffffffffff0120ffffffffffffffffff01283f320662696e61727940003800	real:3feaed548f090cee		0
Sin/1	2	08904e1a3908041208bff000000000000020002a27080510800118ffffffffffffffffff0120ffffffffffffffffff01283f320662696e6172794000380020e8102a27080510800118ffffffffffffffffff0120ffffffffffffffffff01283f320662696e61727940003800	real:3feaed548f090cee		0
Sin/1	1	08904e1a3908041208bff000000000000020002a27080510800118ffffffffffffffffff0120ffffffffffffffffff01283f320662696e6172794000380020e8102a27080510800118ffffffffffffffffff0120ffffffffffffffffff01283f320662696e61727940003800	real:3feaed548f090cee		0
Sin/-1	0	08904e1a3908041208400fffffffffffff20002a27080510800118ffffffffffffffffff0120ffffffffffffffffff01283f320662696e6172794000380020e8102a27080510800118ffffffffffffffffff0120ffffffffffffffffff01283f320662696e61727940003800	real:bfeaed548f090cee		0
Sin/-1	2	08904e1a3908041208400fffffffffffff20002a27080510800118ffffffffffffffffff0120ffffffffffffffffff01283f320662696e6172794000380020e8102a27080510800118ffffffffffffffffff0120ffffffffffffffffff01283f320662696e61727940003800	real:bfeaed548f090cee		0
Sin/-1	1	08904e1a3908041208400fffffffffffff20002a27080510800118ffffffffffffffffff0120ffffffffffffffffff01283f320662696e6172794000380020e8102a27080510800118ffffffffffffffffff0120ffffffffffffffffff01283f320662696e61727940003800	real:bfeaed548f090cee		0
Sin/1e20	0	08904e1a3908041208c415af1d78b58c4020002a27080510800118ffffffffffffffffff0120ffffffffffffffffff01283f320662696e6172794000380020e8102a27080510800118ffffffffffffffffff0120ffffffffffffffffff01283f320662696e61727940003800	real:bfe4a5e605fd6450		0
Sin/1e20	2	08904e1a3908041208c415af1d78b58c4020002a27080510800118ffffffffffffffffff0120ffffffffffffffffff01283f320662696e6172794000380020e8102a27080510800118ffffffffffffffffff0120ffffffffffffffffff01283f320662696e61727940003800	real:bfe4a5e605fd6450		0
Sin/1e20	1	08904e1a3908041208c415af1d78b58c4020002a27080510800118ffffffffffffffffff0120ffffffffffffffffff01283f320662696e6172794000380020e8102a27080510800118ffffffffffffffffff0120ffffffffffffffffff01283f320662696e61727940003800	real:bfe4a5e605fd6450		0
RoundReal/0	0	08904e1a3908041208800000000000000020002a27080510800118ffffffffffffffffff0120ffffffffffffffffff01283f320662696e6172794000380020c9102a27080510800118ffffffffffffffffff0120ffffffffffffffffff01283f320662696e61727940003800	real:0000000000000000		0
RoundReal/0	2	08904e1a3908041208800000000000000020002a27080510800118ffffffffffffffffff0120ffffffffffffffffff01283f320662696e6172794000380020c9102a27080510800118ffffffffffffffffff0120ffffffffffffffffff01283f320662696e61727940003800	real:0000000000000000		0
RoundReal/0	1	08904e1a3908041208800000000000000020002a27080510800118ffffffffffffffffff0120ffffffffffffffffff01283f320662696e6172794000380020c9102a27080510800118ffffffffffffffffff0120ffffffffffffffffff01283f320662696e61727940003800	real:0000000000000000		0
RoundReal/0.5	0	08904e1a3908041208bfe000000000000020002a27080510800118ffffffffffffffffff0120ffffffffffffffffff01283f320662696e6172794000380020c9102a27080510800118ffffffffffffffffff0120ffffffffffffffffff01283f320662696e61727940003800	real:0000000000000000		0
RoundReal/0.5	2	08904e1a3908041208bfe000000000000020002a27080510800118ffffffffffffffffff0120ffffffffffffffffff01283f320662696e6172794000380020c9102a27080510800118ffffffffffffffffff0120ffffffffffffffffff01283f320662696e61727940003800	real:0000000000000000		0
RoundReal/0.5	1	08904e1a3908041208bfe000000000000020002a27080510800118ffffffffffffffffff0120ffffffffffffffffff01283f320662696e6172794000380020c9102a27080510800118ffffffffffffffffff0120ffffffffffffffffff01283f320662696e61727940003800	real:0000000000000000		0
RoundReal/1	0	08904e1a3908041208bff000000000000020002a27080510800118ffffffffffffffffff0120ffffffffffffffffff01283f320662696e6172794000380020c9102a27080510800118ffffffffffffffffff0120ffffffffffffffffff01283f320662696e61727940003800	real:3ff0000000000000		0
RoundReal/1	2	08904e1a3908041208bff000000000000020002a27080510800118ffffffffffffffffff0120ffffffffffffffffff01283f320662696e6172794000380020c9102a27080510800118ffffffffffffffffff0120ffffffffffffffffff01283f320662696e61727940003800	real:3ff0000000000000		0
RoundReal/1	1	08904e1a3908041208bff000000000000020002a27080510800118ffffffffffffffffff0120ffffffffffffffffff01283f320662696e6172794000380020c9102a27080510800118ffffffffffffffffff0120ffffffffffffffffff01283f320662696e61727940003800	real:3ff0000000000000		0
RoundReal/-1	0	08904e1a3908041208400fffffffffffff20002a27080510800118ffffffffffffffffff0120ffffffffffffffffff01283f320662696e6172794000380020c9102a27080510800118ffffffffffffffffff0120ffffffffffffffffff01283f320662696e61727940003800	real:bff0000000000000		0
RoundReal/-1	2	08904e1a3908041208400fffffffffffff20002a27080510800118ffffffffffffffffff0120ffffffffffffffffff01283f320662696e6172794000380020c9102a27080510800118ffffffffffffffffff0120ffffffffffffffffff01283f320662696e61727940003800	real:bff0000000000000		0
RoundReal/-1	1	08904e1a3908041208400fffffffffffff20002a27080510800118ffffffffffffffffff0120ffffffffffffffffff01283f320662696e6172794000380020c9102a27080510800118ffffffffffffffffff0120ffffffffffffffffff01283f320662696e61727940003800	real:bff0000000000000		0
RoundReal/1e20	0	08904e1a3908041208c415af1d78b58c4020002a27080510800118ffffffffffffffffff0120ffffffffffffffffff01283f320662696e6172794000380020c9102a27080510800118ffffffffffffffffff0120ffffffffffffffffff01283f320662696e61727940003800	real:4415af1d78b58c40		0
RoundReal/1e20	2	08904e1a3908041208c415af1d78b58c4020002a27080510800118ffffffffffffffffff0120ffffffffffffffffff01283f320662696e6172794000380020c9102a27080510800118ffffffffffffffffff0120ffffffffffffffffff01283f320662696e61727940003800	real:4415af1d78b58c40		0
RoundReal/1e20	1	08904e1a3908041208c415af1d78b58c4020002a27080510800118ffffffffffffffffff0120ffffffffffffffffff01283f320662696e6172794000380020c9102a27080510800118ffffffffffffffffff0120ffffffffffffffffff01283f320662696e61727940003800	real:4415af1d78b58c40		0
RoundInt/0	0	08904e1a30080112087fffffffffffffff20002a1e080810800118ffffffffffffffffff012000283f320662696e6172794000380020ca102a1e080810800118ffffffffffffffffff012000283f320662696e61727940003800	value:2d31		0
RoundInt/0	2	08904e1a30080112087fffffffffffffff20002a1e080810800118ffffffffffffffffff012000283f320662696e6172794000380020ca102a1e080810800118ffffffffffffffffff012000283f320662696e61727940003800	value:2d31		0
RoundInt/0	1	08904e1a30080112087fffffffffffffff20002a1e080810800118ffffffffffffffffff012000283f320662696e6172794000380020ca102a1e080810800118ffffffffffffffffff012000283f320662696e61727940003800	value:2d31		0
RoundInt/1	0	08904e1a3008011208800000000000000020002a1e080810800118ffffffffffffffffff012000283f320662696e6172794000380020ca102a1e080810800118ffffffffffffffffff012000283f320662696e61727940003800	value:30		0
RoundInt/1	2	08904e1a3008011208800000000000000020002a1e080810800118ffffffffffffffffff012000283f320662696e6172794000380020ca102a1e080810800118ffffffffffffffffff012000283f320662696e61727940003800	value:30		0
RoundInt/1	1	08904e1a3008011208800000000000000020002a1e080810800118ffffffffffffffffff012000283f320662696e6172794000380020ca102a1e080810800118ffffffffffffffffff012000283f320662696e61727940003800	value:30		0
RoundInt/2	0	08904e1a3008011208800000000000000120002a1e080810800118ffffffffffffffffff012000283f320662696e6172794000380020ca102a1e080810800118ffffffffffffffffff012000283f320662696e61727940003800	value:31		0
RoundInt/2	2	08904e1a3008011208800000000000000120002a1e080810800118ffffffffffffffffff012000283f320662696e6172794000380020ca102a1e080810800118ffffffffffffffffff012000283f320662696e61727940003800	value:31		0
RoundInt/2	1	08904e1a3008011208800000000000000120002a1e080810800118ffffffffffffffffff012000283f320662696e6172794000380020ca102a1e080810800118ffffffffffffffffff012000283f320662696e61727940003800	value:31		0
RoundInt/3	0	08904e1a3008011208ffffffffffffffff20002a1e080810800118ffffffffffffffffff012000283f320662696e6172794000380020ca102a1e080810800118ffffffffffffffffff012000283f320662696e61727940003800	value:39323233333732303336383534373735383037		0
RoundInt/3	2	08904e1a3008011208ffffffffffffffff20002a1e080810800118ffffffffffffffffff012000283f320662696e6172794000380020ca102a1e080810800118ffffffffffffffffff012000283f320662696e61727940003800	value:39323233333732303336383534373735383037		0
RoundInt/3	1	08904e1a3008011208ffffffffffffffff20002a1e080810800118ffffffffffffffffff012000283f320662696e6172794000380020ca102a1e080810800118ffffffffffffffffff012000283f320662696e61727940003800	value:39323233333732303336383534373735383037		0
RoundDec/0	0	08904e1a240866120403027ee520002a1608f601108001180a2002283f320662696e6172794000380020cb102a1608f601108001180a2002283f320662696e61727940003800	value:2d31		0
RoundDec/0	2	08904e1a240866120403027ee520002a1608f601108001180a2002283f320662696e6172794000380020cb102a1608f601108001180a2002283f320662696e61727940003800	value:2d31		0
RoundDec/0	1	08904e1a240866120403027ee520002a1608f601108001180a2002283f320662696e6172794000380020cb102a1608f601108001180a2002283f320662696e61727940003800	value:2d31		0
RoundDec/1	0	08904e1a230866120301018520002a1608f601108001180a2002283f320662696e6172794000380020cb102a1608f601108001180a2002283f320662696e61727940003800	value:31		0
RoundDec/1	2	08904e1a230866120301018520002a1608f601108001180a2002283f320662696e6172794000380020cb102a1608f601108001180a2002283f320662696e61727940003800	value:31		0
RoundDec/1	1	08904e1a230866120301018520002a1608f601108001180a2002283f320662696e6172794000380020cb102a1608f601108001180a2002283f320662696e61727940003800	value:31		0
RoundDec/2	0	08904e1a26086612060603807b01c820002a1608f601108001180a2002283f320662696e6172794000380020cb102a1608f601108001180a2002283f320662696e61727940003800	value:313233		0
RoundDec/2	2	08904e1a26086612060603807b01c820002a1608f601108001180a2002283f320662696e6172794000380020cb102a1608f601108001180a2002283f320662696e61727940003800	value:313233		0
RoundDec/2	1	08904e1a26086612060603807b01c820002a1608f601108001180a2002283f320662696e6172794000380020cb102a1608f601108001180a2002283f320662696e61727940003800	value:313233		0
Atan2Args/0.5/2	0	08904e1a3908041208bfe000000000000020002a27080510800118ffffffffffffffffff0120ffffffffffffffffff01283f320662696e617279400038001a3908041208c00000000000000020002a27080510800118ffffffffffffffffff0120ffffffffffffffffff01283f320662696e6172794000380020e1102a27080510800118ffffffffffffffffff0120ffffffffffffffffff01283f320662696e61727940003800	real:3fcf5b75f92c80dd		0
Atan2Args/0.5/2	2	08904e1a3908041208bfe000000000000020002a27080510800118ffffffffffffffffff0120ffffffffffffffffff01283f320662696e617279400038001a3908041208c00000000000000020002a27080510800118ffffffffffffffffff0120ffffffffffffffffff01283f320662696e6172794000380020e1102a27080510800118ffffffffffffffffff0120ffffffffffffffffff01283f320662696e61727940003800	real:3fcf5b75f92c80dd		0
Atan2Args/0.5/2	1	08904e1a3908041208bfe000000000000020002a27080510800118ffffffffffffffffff0120ffffffffffffffffff01283f320662696e617279400038001a3908041208c00000000000000020002a27080510800118ffffffffffffffffff0120ffffffffffffffffff01283f320662696e6172794000380020e1102a27080510800118ffffffffffffffffff0120ffffffffffffffffff01283f320662696e61727940003800	real:3fcf5b75f92c80dd		0
Atan2Args/1e20/2	0	08904e1a3908041208c415af1d78b58c4020002a27080510800118ffffffffffffffffff0120ffffffffffffffffff01283f320662696e617279400038001a3908041208c00000000000000020002a27080510800118ffffffffffffffffff0120ffffffffffffffffff01283f320662696e6172794000380020e1102a27080510800118ffffffffffffffffff0120ffffffffffffffffff01283f320662696e61727940003800	real:3ff921fb54442d18		0
Atan2Args/1e20/2	2	08904e1a3908041208c415af1d78b58c4020002a27080510800118ffffffffffffffffff0120ffffffffffffffffff01283f320662696e617279400038001a3908041208c00000000000000020002a27080510800118ffffffffffffffffff0120ffffffffffffffffff01283f320662696e6172794000380020e1102a27080510800118ffffffffffffffffff0120ffffffffffffffffff01283f320662696e61727940003800	real:3ff921fb54442d18		0
Atan2Args/1e20/2	1	08904e1a3908041208c415af1d78b58c4020002a27080510800118ffffffffffffffffff0120ffffffffffffffffff01283f320662696e617279400038001a3908041208c00000000000000020002a27080510800118ffffffffffffffffff0120ffffffffffffffffff01283f320662696e6172794000380020e1102a27080510800118ffffffffffffffffff0120ffffffffffffffffff01283f320662696e61727940003800	real:3ff921fb54442d18		0
Atan2Args/-1/0.5	0	08904e1a3908041208400fffffffffffff20002a27080510800118ffffffffffffffffff0120ffffffffffffffffff01283f320662696e617279400038001a3908041208bfe000000000000020002a27080510800118ffffffffffffffffff0120ffffffffffffffffff01283f320662696e6172794000380020e1102a27080510800118ffffffffffffffffff0120ffffffffffffffffff01283f320662696e61727940003800	real:bff1b6e192ebbe44		0
Atan2Args/-1/0.5	2	08904e1a3908041208400fffffffffffff20002a27080510800118ffffffffffffffffff0120ffffffffffffffffff01283f320662696e617279400038001a3908041208bfe000000000000020002a27080510800118ffffffffffffffffff0120ffffffffffffffffff01283f320662696e6172794000380020e1102a27080510800118ffffffffffffffffff0120ffffffffffffffffff01283f320662696e61727940003800	real:bff1b6e192ebbe44		0
Atan2Args/-1/0.5	1	08904e1a3908041208400fffffffffffff20002a27080510800118ffffffffffffffffff0120ffffffffffffffffff01283f320662696e617279400038001a3908041208bfe000000000000020002a27080510800118ffffffffffffffffff0120ffffffffffffffffff01283f320662696e6172794000380020e1102a27080510800118ffffffffffffffffff0120ffffffffffffffffff01283f320662696e61727940003800	real:bff1b6e192ebbe44		0
Pow/0.5/2	0	08904e1a3908041208bfe000000000000020002a27080510800118ffffffffffffffffff0120ffffffffffffffffff01283f320662696e617279400038001a3908041208c00000000000000020002a27080510800118ffffffffffffffffff0120ffffffffffffffffff01283f320662696e6172794000380020d9102a27080510800118ffffffffffffffffff0120ffffffffffffffffff01283f320662696e61727940003800	real:3fd0000000000000		0
Pow/0.5/2	2	08904e1a3908041208bfe000000000000020002a27080510800118ffffffffffffffffff0120ffffffffffffffffff01283f320662696e617279400038001a3908041208c00000000000000020002a27080510800118ffffffffffffffffff0120ffffffffffffffffff01283f320662696e6172794000380020d9102a27080510800118ffffffffffffffffff0120ffffffffffffffffff01283f320662696e61727940003800	real:3fd0000000000000		0
Pow/0.5/2	1	08904e1a3908041208bfe000000000000020002a27080510800118ffffffffffffffffff0120ffffffffffffffffff01283f320662696e617279400038001a3908041208c00000000000000020002a27080510800118ffffffffffffffffff0120ffffffffffffffffff01283f320662696e6172794000380020d9102a27080510800118ffffffffffffffffff0120ffffffffffffffffff01283f320662696e61727940003800	real:3fd0000000000000		0
Pow/1e20/2	0	08904e1a3908041208c415af1d78b58c4020002a27080510800118ffffffffffffffffff0120ffffffffffffffffff01283f320662696e617279400038001a3908041208c00000000000000020002a27080510800118ffffffffffffffffff0120ffffffffffffffffff01283f320662696e6172794000380020d9102a27080510800118ffffffffffffffffff0120ffffffffffffffffff01283f320662696e61727940003800	real:483d6329f1c35ca5		0
Pow/1e20/2	2	08904e1a3908041208c415af1d78b58c4020002a27080510800118ffffffffffffffffff0120ffffffffffffffffff01283f320662696e617279400038001a3908041208c00000000000000020002a27080510800118ffffffffffffffffff0120ffffffffffffffffff01283f320662696e6172794000380020d9102a27080510800118ffffffffffffffffff0120ffffffffffffffffff01283f320662696e61727940003800	real:483d6329f1c35ca5		0
Pow/1e20/2	1	08904e1a3908041208c415af1d78b58c4020002a27080510800118ffffffffffffffffff0120ffffffffffffffffff01283f320662696e617279400038001a3908041208c00000000000000020002a27080510800118ffffffffffffffffff0120ffffffffffffffffff01283f320662696e6172794000380020d9102a27080510800118ffffffffffffffffff0120ffffffffffffffffff01283f320662696e61727940003800	real:483d6329f1c35ca5		0
Pow/-1/0.5	0	08904e1a3908041208400fffffffffffff20002a27080510800118ffffffffffffffffff0120ffffffffffffffffff01283f320662696e617279400038001a3908041208bfe000000000000020002a27080510800118ffffffffffffffffff0120ffffffffffffffffff01283f320662696e6172794000380020d9102a27080510800118ffffffffffffffffff0120ffffffffffffffffff01283f320662696e61727940003800	error	5b74797065733a313639305d444f55424c452076616c7565206973206f7574206f662072616e676520696e2027706f77282d312c20302e352927	0
Pow/-1/0.5	2	08904e1a3908041208400fffffffffffff20002a27080510800118ffffffffffffffffff0120ffffffffffffffffff01283f320662696e617279400038001a3908041208bfe000000000000020002a27080510800118ffffffffffffffffff0120ffffffffffffffffff01283f320662696e6172794000380020d9102a27080510800118ffffffffffffffffff0120ffffffffffffffffff01283f320662696e61727940003800	error	5b74797065733a313639305d444f55424c452076616c7565206973206f7574206f662072616e676520696e2027706f77282d312c20302e352927	0
Pow/-1/0.5	1	08904e1a3908041208400fffffffffffff20002a27080510800118ffffffffffffffffff0120ffffffffffffffffff01283f320662696e617279400038001a3908041208bfe000000000000020002a27080510800118ffffffffffffffffff0120ffffffffffffffffff01283f320662696e6172794000380020d9102a27080510800118ffffffffffffffffff0120ffffffffffffffffff01283f320662696e61727940003800	error	5b74797065733a313639305d444f55424c452076616c7565206973206f7574206f662072616e676520696e2027706f77282d312c20302e352927	0
CharLength/416243	0	08904e1a350805120341624320002a2808fd01100018ffffffffffffffffff0120ffffffffffffffffff01282e3207757466386d6234400038002099372a1e080810800118ffffffffffffffffff012000283f320662696e61727940003800	value:33		0
CharLength/416243	2	08904e1a350805120341624320002a2808fd01100018ffffffffffffffffff0120ffffffffffffffffff01282e3207757466386d6234400038002099372a1e080810800118ffffffffffffffffff012000283f320662696e61727940003800	value:33		0
CharLength/416243	1	08904e1a350805120341624320002a2808fd01100018ffffffffffffffffff0120ffffffffffffffffff01282e3207757466386d6234400038002099372a1e080810800118ffffffffffffffffff012000283f320662696e61727940003800	value:33		0
CharLength/c3a9e4b8adc39f	0	08904e1a3908051207c3a9e4b8adc39f20002a2808fd01100018ffffffffffffffffff0120ffffffffffffffffff01282e3207757466386d6234400038002099372a1e080810800118ffffffffffffffffff012000283f320662696e61727940003800	value:37		0
CharLength/c3a9e4b8adc39f	2	08904e1a3908051207c3a9e4b8adc39f20002a2808fd01100018ffffffffffffffffff0120ffffffffffffffffff01282e3207757466386d6234400038002099372a1e080810800118ffffffffffffffffff012000283f320662696e61727940003800	value:37		0
CharLength/c3a9e4b8adc39f	1	08904e1a3908051207c3a9e4b8adc39f20002a2808fd01100018ffffffffffffffffff0120ffffffffffffffffff01282e3207757466386d6234400038002099372a1e080810800118ffffffffffffffffff012000283f320662696e61727940003800	value:37		0
CharLength/ff0061	0	08904e1a3508051203ff006120002a2808fd01100018ffffffffffffffffff0120ffffffffffffffffff01282e3207757466386d6234400038002099372a1e080810800118ffffffffffffffffff012000283f320662696e61727940003800	value:33		0
CharLength/ff0061	2	08904e1a3508051203ff006120002a2808fd01100018ffffffffffffffffff0120ffffffffffffffffff01282e3207757466386d6234400038002099372a1e080810800118ffffffffffffffffff012000283f320662696e61727940003800	value:33		0
CharLength/ff0061	1	08904e1a3508051203ff006120002a2808fd01100018ffffffffffffffffff0120ffffffffffffffffff01282e3207757466386d6234400038002099372a1e080810800118ffffffffffffffffff012000283f320662696e61727940003800	value:33		0
CharLengthUTF8/416243	0	08904e1a350805120341624320002a2808fd01100018ffffffffffffffffff0120ffffffffffffffffff01282e3207757466386d62344000380020dd362a1e080810800118ffffffffffffffffff012000283f320662696e61727940003800	value:33		0
CharLengthUTF8/416243	2	08904e1a350805120341624320002a2808fd01100018ffffffffffffffffff0120ffffffffffffffffff01282e3207757466386d62344000380020dd362a1e080810800118ffffffffffffffffff012000283f320662696e61727940003800	value:33		0
CharLengthUTF8/416243	1	08904e1a350805120341624320002a2808fd01100018ffffffffffffffffff0120ffffffffffffffffff01282e3207757466386d62344000380020dd362a1e080810800118ffffffffffffffffff012000283f320662696e61727940003800	value:33		0
CharLengthUTF8/c3a9e4b8adc39f	0	08904e1a3908051207c3a9e4b8adc39f20002a2808fd01100018ffffffffffffffffff0120ffffffffffffffffff01282e3207757466386d62344000380020dd362a1e080810800118ffffffffffffffffff012000283f320662696e61727940003800	value:33		0
CharLengthUTF8/c3a9e4b8adc39f	2	08904e1a3908051207c3a9e4b8adc39f20002a2808fd01100018ffffffffffffffffff0120ffffffffffffffffff01282e3207757466386d62344000380020dd362a1e080810800118ffffffffffffffffff012000283f320662696e61727940003800	value:33		0
CharLengthUTF8/c3a9e4b8adc39f	1	08904e1a3908051207c3a9e4b8adc39f20002a2808fd01100018ffffffffffffffffff0120ffffffffffffffffff01282e3207757466386d62344000380020dd362a1e080810800118ffffffffffffffffff012000283f320662696e61727940003800	value:33		0
CharLengthUTF8/ff0061	0	08904e1a3508051203ff006120002a2808fd01100018ffffffffffffffffff0120ffffffffffffffffff01282e3207757466386d62344000380020dd362a1e080810800118ffffffffffffffffff012000283f320662696e61727940003800	value:33		0
CharLengthUTF8/ff0061	2	08904e1a3508051203ff006120002a2808fd01100018ffffffffffffffffff0120ffffffffffffffffff01282e3207757466386d62344000380020dd362a1e080810800118ffffffffffffffffff012000283f320662696e61727940003800	value:33		0
CharLengthUTF8/ff0061	1	08904e1a3508051203ff006120002a2808fd01100018ffffffffffffffffff0120ffffffffffffffffff01282e3207757466386d62344000380020dd362a1e080810800118ffffffffffffffffff012000283f320662696e61727940003800	value:33		0
Upper/416243	0	08904e1a350805120341624320002a2808fd01100018ffffffffffffffffff0120ffffffffffffffffff01282e3207757466386d6234400038002098372a2808fd01100018ffffffffffffffffff0120ffffffffffffffffff01282e3207757466386d623440003800	value:416243		0
Upper/416243	2	08904e1a350805120341624320002a2808fd01100018ffffffffffffffffff0120ffffffffffffffffff01282e3207757466386d6234400038002098372a2808fd01100018ffffffffffffffffff0120ffffffffffffffffff01282e3207757466386d623440003800	value:416243		0
Upper/416243	1	08904e1a350805120341624320002a2808fd01100018ffffffffffffffffff0120ffffffffffffffffff01282e3207757466386d6234400038002098372a2808fd01100018ffffffffffffffffff0120ffffffffffffffffff01282e3207757466386d623440003800	value:416243		0
Upper/c3a9e4b8adc39f	0	08904e1a3908051207c3a9e4b8adc39f20002a2808fd01100018ffffffffffffffffff0120ffffffffffffffffff01282e3207757466386d6234400038002098372a2808fd01100018ffffffffffffffffff0120ffffffffffffffffff01282e3207757466386d623440003800	value:c3a9e4b8adc39f		0
Upper/c3a9e4b8adc39f	2	08904e1a3908051207c3a9e4b8adc39f20002a2808fd01100018ffffffffffffffffff0120ffffffffffffffffff01282e3207757466386d6234400038002098372a2808fd01100018ffffffffffffffffff0120ffffffffffffffffff01282e3207757466386d623440003800	value:c3a9e4b8adc39f		0
Upper/c3a9e4b8adc39f	1	08904e1a3908051207c3a9e4b8adc39f20002a2808fd01100018ffffffffffffffffff0120ffffffffffffffffff01282e3207757466386d6234400038002098372a2808fd01100018ffffffffffffffffff0120ffffffffffffffffff01282e3207757466386d623440003800	value:c3a9e4b8adc39f		0
Upper/ff0061	0	08904e1a3508051203ff006120002a2808fd01100018ffffffffffffffffff0120ffffffffffffffffff01282e3207757466386d6234400038002098372a2808fd01100018ffffffffffffffffff0120ffffffffffffffffff01282e3207757466386d623440003800	value:ff0061		0
Upper/ff0061	2	08904e1a3508051203ff006120002a2808fd01100018ffffffffffffffffff0120ffffffffffffffffff01282e3207757466386d6234400038002098372a2808fd01100018ffffffffffffffffff0120ffffffffffffffffff01282e3207757466386d623440003800	value:ff0061		0
Upper/ff0061	1	08904e1a3508051203ff006120002a2808fd01100018ffffffffffffffffff0120ffffffffffffffffff01282e3207757466386d6234400038002098372a2808fd01100018ffffffffffffffffff0120ffffffffffffffffff01282e3207757466386d623440003800	value:ff0061		0
UpperUTF8/416243	0	08904e1a350805120341624320002a2808fd01100018ffffffffffffffffff0120ffffffffffffffffff01282e3207757466386d6234400038002097372a2808fd01100018ffffffffffffffffff0120ffffffffffffffffff01282e3207757466386d623440003800	value:414243		0
UpperUTF8/416243	2	08904e1a350805120341624320002a2808fd01100018ffffffffffffffffff0120ffffffffffffffffff01282e3207757466386d6234400038002097372a2808fd01100018ffffffffffffffffff0120ffffffffffffffffff01282e3207757466386d623440003800	value:414243		0
UpperUTF8/416243	1	08904e1a350805120341624320002a2808fd01100018ffffffffffffffffff0120ffffffffffffffffff01282e3207757466386d6234400038002097372a2808fd01100018ffffffffffffffffff0120ffffffffffffffffff01282e3207757466386d623440003800	value:414243		0
UpperUTF8/c3a9e4b8adc39f	0	08904e1a3908051207c3a9e4b8adc39f20002a2808fd01100018ffffffffffffffffff0120ffffffffffffffffff01282e3207757466386d6234400038002097372a2808fd01100018ffffffffffffffffff0120ffffffffffffffffff01282e3207757466386d623440003800	value:c389e4b8adc39f		0
UpperUTF8/c3a9e4b8adc39f	2	08904e1a3908051207c3a9e4b8adc39f20002a2808fd01100018ffffffffffffffffff0120ffffffffffffffffff01282e3207757466386d6234400038002097372a2808fd01100018ffffffffffffffffff0120ffffffffffffffffff01282e3207757466386d623440003800	value:c389e4b8adc39f		0
UpperUTF8/c3a9e4b8adc39f	1	08904e1a3908051207c3a9e4b8adc39f20002a2808fd01100018ffffffffffffffffff0120ffffffffffffffffff01282e3207757466386d6234400038002097372a2808fd01100018ffffffffffffffffff0120ffffffffffffffffff01282e3207757466386d623440003800	value:c389e4b8adc39f		0
UpperUTF8/ff0061	0	08904e1a3508051203ff006120002a2808fd01100018ffffffffffffffffff0120ffffffffffffffffff01282e3207757466386d6234400038002097372a2808fd01100018ffffffffffffffffff0120ffffffffffffffffff01282e3207757466386d623440003800	value:efbfbd0041		0
UpperUTF8/ff0061	2	08904e1a3508051203ff006120002a2808fd01100018ffffffffffffffffff0120ffffffffffffffffff01282e3207757466386d6234400038002097372a2808fd01100018ffffffffffffffffff0120ffffffffffffffffff01282e3207757466386d623440003800	value:efbfbd0041		0
UpperUTF8/ff0061	1	08904e1a3508051203ff006120002a2808fd01100018ffffffffffffffffff0120ffffffffffffffffff01282e3207757466386d6234400038002097372a2808fd01100018ffffffffffffffffff0120ffffffffffffffffff01282e3207757466386d623440003800	value:efbfbd0041		0
Lower/416243	0	08904e1a350805120341624320002a2808fd01100018ffffffffffffffffff0120ffffffffffffffffff01282e3207757466386d62344000380020fa362a2808fd01100018ffffffffffffffffff0120ffffffffffffffffff01282e3207757466386d623440003800	value:416243		0
Lower/416243	2	08904e1a350805120341624320002a2808fd01100018ffffffffffffffffff0120ffffffffffffffffff01282e3207757466386d62344000380020fa362a2808fd01100018ffffffffffffffffff0120ffffffffffffffffff01282e3207757466386d623440003800	value:416243		0
Lower/416243	1	08904e1a350805120341624320002a2808fd01100018ffffffffffffffffff0120ffffffffffffffffff01282e3207757466386d62344000380020fa362a2808fd01100018ffffffffffffffffff0120ffffffffffffffffff01282e3207757466386d623440003800	value:416243		0
Lower/c3a9e4b8adc39f	0	08904e1a3908051207c3a9e4b8adc39f20002a2808fd01100018ffffffffffffffffff0120ffffffffffffffffff01282e3207757466386d62344000380020fa362a2808fd01100018ffffffffffffffffff0120ffffffffffffffffff01282e3207757466386d623440003800	value:c3a9e4b8adc39f		0
Lower/c3a9e4b8adc39f	2	08904e1a3908051207c3a9e4b8adc39f20002a2808fd01100018ffffffffffffffffff0120ffffffffffffffffff01282e3207757466386d62344000380020fa362a2808fd01100018ffffffffffffffffff0120ffffffffffffffffff01282e3207757466386d623440003800	value:c3a9e4b8adc39f		0
Lower/c3a9e4b8adc39f	1	08904e1a3908051207c3a9e4b8adc39f20002a2808fd01100018ffffffffffffffffff0120ffffffffffffffffff01282e3207757466386d62344000380020fa362a2808fd01100018ffffffffffffffffff0120ffffffffffffffffff01282e3207757466386d623440003800	value:c3a9e4b8adc39f		0
Lower/ff0061	0	08904e1a3508051203ff006120002a2808fd01100018ffffffffffffffffff0120ffffffffffffffffff01282e3207757466386d62344000380020fa362a2808fd01100018ffffffffffffffffff0120ffffffffffffffffff01282e3207757466386d623440003800	value:ff0061		0
Lower/ff0061	2	08904e1a3508051203ff006120002a2808fd01100018ffffffffffffffffff0120ffffffffffffffffff01282e3207757466386d62344000380020fa362a2808fd01100018ffffffffffffffffff0120ffffffffffffffffff01282e3207757466386d623440003800	value:ff0061		0
Lower/ff0061	1	08904e1a3508051203ff006120002a2808fd01100018ffffffffffffffffff0120ffffffffffffffffff01282e3207757466386d62344000380020fa362a2808fd01100018ffffffffffffffffff0120ffffffffffffffffff01282e3207757466386d623440003800	value:ff0061		0
LowerUTF8/416243	0	08904e1a350805120341624320002a2808fd01100018ffffffffffffffffff0120ffffffffffffffffff01282e3207757466386d623440003800209a372a2808fd01100018ffffffffffffffffff0120ffffffffffffffffff01282e3207757466386d623440003800	value:616263		0
LowerUTF8/416243	2	08904e1a350805120341624320002a2808fd01100018ffffffffffffffffff0120ffffffffffffffffff01282e3207757466386d623440003800209a372a2808fd01100018ffffffffffffffffff0120ffffffffffffffffff01282e3207757466386d623440003800	value:616263		0
LowerUTF8/416243	1	08904e1a350805120341624320002a2808fd01100018ffffffffffffffffff0120ffffffffffffffffff01282e3207757466386d623440003800209a372a2808fd01100018ffffffffffffffffff0120ffffffffffffffffff01282e3207757466386d623440003800	value:616263		0
LowerUTF8/c3a9e4b8adc39f	0	08904e1a3908051207c3a9e4b8adc39f20002a2808fd01100018ffffffffffffffffff0120ffffffffffffffffff01282e3207757466386d623440003800209a372a2808fd01100018ffffffffffffffffff0120ffffffffffffffffff01282e3207757466386d623440003800	value:c3a9e4b8adc39f		0
LowerUTF8/c3a9e4b8adc39f	2	08904e1a3908051207c3a9e4b8adc39f20002a2808fd01100018ffffffffffffffffff0120ffffffffffffffffff01282e3207757466386d623440003800209a372a2808fd01100018ffffffffffffffffff0120ffffffffffffffffff01282e3207757466386d623440003800	value:c3a9e4b8adc39f		0
LowerUTF8/c3a9e4b8adc39f	1	08904e1a3908051207c3a9e4b8adc39f20002a2808fd01100018ffffffffffffffffff0120ffffffffffffffffff01282e3207757466386d623440003800209a372a2808fd01100018ffffffffffffffffff0120ffffffffffffffffff01282e3207757466386d623440003800	value:c3a9e4b8adc39f		0
LowerUTF8/ff0061	0	08904e1a3508051203ff006120002a2808fd01100018ffffffffffffffffff0120ffffffffffffffffff01282e3207757466386d623440003800209a372a2808fd01100018ffffffffffffffffff0120ffffffffffffffffff01282e3207757466386d623440003800	value:efbfbd0061		0
LowerUTF8/ff0061	2	08904e1a3508051203ff006120002a2808fd01100018ffffffffffffffffff0120ffffffffffffffffff01282e3207757466386d623440003800209a372a2808fd01100018ffffffffffffffffff0120ffffffffffffffffff01282e3207757466386d623440003800	value:efbfbd0061		0
LowerUTF8/ff0061	1	08904e1a3508051203ff006120002a2808fd01100018ffffffffffffffffff0120ffffffffffffffffff01282e3207757466386d623440003800209a372a2808fd01100018ffffffffffffffffff0120ffffffffffffffffff01282e3207757466386d623440003800	value:efbfbd0061		0
Substring2Args/416243	0	08904e1a350805120341624320002a2808fd01100018ffffffffffffffffff0120ffffffffffffffffff01282e3207757466386d6234400038001a3008011208800000000000000220002a1e080810800118ffffffffffffffffff012000283f320662696e61727940003800208f372a2808fd01100018ffffffffffffffffff0120ffffffffffffffffff01282e3207757466386d623440003800	value:6243		0
Substring2Args/416243	2	08904e1a350805120341624320002a2808fd01100018ffffffffffffffffff0120ffffffffffffffffff01282e3207757466386d6234400038001a3008011208800000000000000220002a1e080810800118ffffffffffffffffff012000283f320662696e61727940003800208f372a2808fd01100018ffffffffffffffffff0120ffffffffffffffffff01282e3207757466386d623440003800	value:6243		0
Substring2Args/416243	1	08904e1a350805120341624320002a2808fd01100018ffffffffffffffffff0120ffffffffffffffffff01282e3207757466386d6234400038001a3008011208800000000000000220002a1e080810800118ffffffffffffffffff012000283f320662696e61727940003800208f372a2808fd01100018ffffffffffffffffff0120ffffffffffffffffff01282e3207757466386d623440003800	value:6243		0
Substring2Args/c3a9e4b8adc39f	0	08904e1a3908051207c3a9e4b8adc39f20002a2808fd01100018ffffffffffffffffff0120ffffffffffffffffff01282e3207757466386d6234400038001a3008011208800000000000000220002a1e080810800118ffffffffffffffffff012000283f320662696e61727940003800208f372a2808fd01100018ffffffffffffffffff0120ffffffffffffffffff01282e3207757466386d623440003800	value:a9e4b8adc39f		0
Substring2Args/c3a9e4b8adc39f	2	08904e1a3908051207c3a9e4b8adc39f20002a2808fd01100018ffffffffffffffffff0120ffffffffffffffffff01282e3207757466386d6234400038001a3008011208800000000000000220002a1e080810800118ffffffffffffffffff012000283f320662696e61727940003800208f372a2808fd01100018ffffffffffffffffff0120ffffffffffffffffff01282e3207757466386d623440003800	value:a9e4b8adc39f		0
Substring2Args/c3a9e4b8adc39f	1	08904e1a3908051207c3a9e4b8adc39f20002a2808fd01100018ffffffffffffffffff0120ffffffffffffffffff01282e3207757466386d6234400038001a3008011208800000000000000220002a1e080810800118ffffffffffffffffff012000283f320662696e61727940003800208f372a2808fd01100018ffffffffffffffffff0120ffffffffffffffffff01282e3207757466386d623440003800	value:a9e4b8adc39f		0
Substring2Args/ff0061	0	08904e1a3508051203ff006120002a2808fd01100018ffffffffffffffffff0120ffffffffffffffffff01282e3207757466386d6234400038001a3008011208800000000000000220002a1e080810800118ffffffffffffffffff012000283f320662696e61727940003800208f372a2808fd01100018ffffffffffffffffff0120ffffffffffffffffff01282e3207757466386d623440003800	value:0061		0
Substring2Args/ff0061	2	08904e1a3508051203ff006120002a2808fd01100018ffffffffffffffffff0120ffffffffffffffffff01282e3207757466386d6234400038001a3008011208800000000000000220002a1e080810800118ffffffffffffffffff012000283f320662696e61727940003800208f372a2808fd01100018ffffffffffffffffff0120ffffffffffffffffff01282e3207757466386d623440003800	value:0061		0
Substring2Args/ff0061	1	08904e1a3508051203ff006120002a2808fd01100018ffffffffffffffffff0120ffffffffffffffffff01282e3207757466386d6234400038001a3008011208800000000000000220002a1e080810800118ffffffffffffffffff012000283f320662696e61727940003800208f372a2808fd01100018ffffffffffffffffff0120ffffffffffffffffff01282e3207757466386d623440003800	value:0061		0
Substring2ArgsUTF8/416243	0	08904e1a350805120341624320002a2808fd01100018ffffffffffffffffff0120ffffffffffffffffff01282e3207757466386d6234400038001a3008011208800000000000000220002a1e080810800118ffffffffffffffffff012000283f320662696e61727940003800208d372a2808fd01100018ffffffffffffffffff0120ffffffffffffffffff01282e3207757466386d623440003800	value:6243		0
Substring2ArgsUTF8/416243	2	08904e1a350805120341624320002a2808fd01100018ffffffffffffffffff0120ffffffffffffffffff01282e3207757466386d6234400038001a3008011208800000000000000220002a1e080810800118ffffffffffffffffff012000283f320662696e61727940003800208d372a2808fd01100018ffffffffffffffffff0120ffffffffffffffffff01282e3207757466386d623440003800	value:6243		0
Substring2ArgsUTF8/416243	1	08904e1a350805120341624320002a2808fd01100018ffffffffffffffffff0120ffffffffffffffffff01282e3207757466386d6234400038001a3008011208800000000000000220002a1e080810800118ffffffffffffffffff012000283f320662696e61727940003800208d372a2808fd01100018ffffffffffffffffff0120ffffffffffffffffff01282e3207757466386d623440003800	value:6243		0
Substring2ArgsUTF8/c3a9e4b8adc39f	0	08904e1a3908051207c3a9e4b8adc39f20002a2808fd01100018ffffffffffffffffff0120ffffffffffffffffff01282e3207757466386d6234400038001a3008011208800000000000000220002a1e080810800118ffffffffffffffffff012000283f320662696e61727940003800208d372a2808fd01100018ffffffffffffffffff0120ffffffffffffffffff01282e3207757466386d623440003800	value:e4b8adc39f		0
Substring2ArgsUTF8/c3a9e4b8adc39f	2	08904e1a3908051207c3a9e4b8adc39f20002a2808fd01100018ffffffffffffffffff0120ffffffffffffffffff01282e3207757466386d6234400038001a3008011208800000000000000220002a1e080810800118ffffffffffffffffff012000283f320662696e61727940003800208d372a2808fd01100018ffffffffffffffffff0120ffffffffffffffffff01282e3207757466386d623440003800	value:e4b8adc39f		0
Substring2ArgsUTF8/c3a9e4b8adc39f	1	08904e1a3908051207c3a9e4b8adc39f20002a2808fd01100018ffffffffffffffffff0120ffffffffffffffffff01282e3207757466386d6234400038001a3008011208800000000000000220002a1e080810800118ffffffffffffffffff012000283f320662696e61727940003800208d372a2808fd01100018ffffffffffffffffff0120ffffffffffffffffff01282e3207757466386d623440003800	value:e4b8adc39f		0
Substring2ArgsUTF8/ff0061	0	08904e1a3508051203ff006120002a2808fd01100018ffffffffffffffffff0120ffffffffffffffffff01282e3207757466386d6234400038001a3008011208800000000000000220002a1e080810800118ffffffffffffffffff012000283f320662696e61727940003800208d372a2808fd01100018ffffffffffffffffff0120ffffffffffffffffff01282e3207757466386d623440003800	value:0061		0
Substring2ArgsUTF8/ff0061	2	08904e1a3508051203ff006120002a2808fd01100018ffffffffffffffffff0120ffffffffffffffffff01282e3207757466386d6234400038001a3008011208800000000000000220002a1e080810800118ffffffffffffffffff012000283f320662696e61727940003800208d372a2808fd01100018ffffffffffffffffff0120ffffffffffffffffff01282e3207757466386d623440003800	value:0061		0
Substring2ArgsUTF8/ff0061	1	08904e1a3508051203ff006120002a2808fd01100018ffffffffffffffffff0120ffffffffffffffffff01282e3207757466386d6234400038001a3008011208800000000000000220002a1e080810800118ffffffffffffffffff012000283f320662696e61727940003800208d372a2808fd01100018ffffffffffffffffff0120ffffffffffffffffff01282e3207757466386d623440003800	value:0061		0
Substring3Args/416243	0	08904e1a350805120341624320002a2808fd01100018ffffffffffffffffff0120ffffffffffffffffff01282e3207757466386d6234400038001a3008011208800000000000000220002a1e080810800118ffffffffffffffffff012000283f320662696e617279400038001a3008011208800000000000000120002a1e080810800118ffffffffffffffffff012000283f320662696e617279400038002090372a2808fd01100018ffffffffffffffffff0120ffffffffffffffffff01282e3207757466386d623440003800	value:62		0
Substring3Args/416243	2	08904e1a350805120341624320002a2808fd01100018ffffffffffffffffff0120ffffffffffffffffff01282e3207757466386d6234400038001a3008011208800000000000000220002a1e080810800118ffffffffffffffffff012000283f320662696e617279400038001a3008011208800000000000000120002a1e080810800118ffffffffffffffffff012000283f320662696e617279400038002090372a2808fd01100018ffffffffffffffffff0120ffffffffffffffffff01282e3207757466386d623440003800	value:62		0
Substring3Args/416243	1	08904e1a350805120341624320002a2808fd01100018ffffffffffffffffff0120ffffffffffffffffff01282e3207757466386d6234400038001a3008011208800000000000000220002a1e080810800118ffffffffffffffffff012000283f320662696e617279400038001a3008011208800000000000000120002a1e080810800118ffffffffffffffffff012000283f320662696e617279400038002090372a2808fd01100018ffffffffffffffffff0120ffffffffffffffffff01282e3207757466386d623440003800	value:62		0
Substring3Args/c3a9e4b8adc39f	0	08904e1a3908051207c3a9e4b8adc39f20002a2808fd01100018ffffffffffffffffff0120ffffffffffffffffff01282e3207757466386d6234400038001a3008011208800000000000000220002a1e080810800118ffffffffffffffffff012000283f320662696e617279400038001a3008011208800000000000000120002a1e080810800118ffffffffffffffffff012000283f320662696e617279400038002090372a2808fd01100018ffffffffffffffffff0120ffffffffffffffffff01282e3207757466386d623440003800	value:a9		0
Substring3Args/c3a9e4b8adc39f	2	08904e1a3908051207c3a9e4b8adc39f20002a2808fd01100018ffffffffffffffffff0120ffffffffffffffffff01282e3207757466386d6234400038001a3008011208800000000000000220002a1e080810800118ffffffffffffffffff012000283f320662696e617279400038001a3008011208800000000000000120002a1e080810800118ffffffffffffffffff012000283f320662696e617279400038002090372a2808fd01100018ffffffffffffffffff0120ffffffffffffffffff01282e3207757466386d623440003800	value:a9		0
Substring3Args/c3a9e4b8adc39f	1	08904e1a3908051207c3a9e4b8adc39f20002a2808fd01100018ffffffffffffffffff0120ffffffffffffffffff01282e3207757466386d6234400038001a3008011208800000000000000220002a1e080810800118ffffffffffffffffff012000283f320662696e617279400038001a3008011208800000000000000120002a1e080810800118ffffffffffffffffff012000283f320662696e617279400038002090372a2808fd01100018ffffffffffffffffff0120ffffffffffffffffff01282e3207757466386d623440003800	value:a9		0
Substring3Args/ff0061	0	08904e1a3508051203ff006120002a2808fd01100018ffffffffffffffffff0120ffffffffffffffffff01282e3207757466386d6234400038001a3008011208800000000000000220002a1e080810800118ffffffffffffffffff012000283f320662696e617279400038001a3008011208800000000000000120002a1e080810800118ffffffffffffffffff012000283f320662696e617279400038002090372a2808fd01100018ffffffffffffffffff0120ffffffffffffffffff01282e3207757466386d623440003800	value:00		0
Substring3Args/ff0061	2	08904e1a3508051203ff006120002a2808fd01100018ffffffffffffffffff0120ffffffffffffffffff01282e3207757466386d6234400038001a3008011208800000000000000220002a1e080810800118ffffffffffffffffff012000283f320662696e617279400038001a3008011208800000000000000120002a1e080810800118ffffffffffffffffff012000283f320662696e617279400038002090372a2808fd01100018ffffffffffffffffff0120ffffffffffffffffff01282e3207757466386d623440003800	value:00		0
Substring3Args/ff0061	1	08904e1a3508051203ff006120002a2808fd01100018ffffffffffffffffff0120ffffffffffffffffff01282e3207757466386d6234400038001a3008011208800000000000000220002a1e080810800118ffffffffffffffffff012000283f320662696e617279400038001a3008011208800000000000000120002a1e080810800118ffffffffffffffffff012000283f320662696e617279400038002090372a2808fd01100018ffffffffffffffffff0120ffffffffffffffffff01282e3207757466386d623440003800	value:00		0
Substring3ArgsUTF8/416243	0	08904e1a350805120341624320002a2808fd01100018ffffffffffffffffff0120ffffffffffffffffff01282e3207757466386d6234400038001a3008011208800000000000000220002a1e080810800118ffffffffffffffffff012000283f320662696e617279400038001a3008011208800000000000000120002a1e080810800118ffffffffffffffffff012000283f320662696e61727940003800208e372a2808fd01100018ffffffffffffffffff0120ffffffffffffffffff01282e3207757466386d623440003800	value:62		0
Substring3ArgsUTF8/416243	2	08904e1a350805120341624320002a2808fd01100018ffffffffffffffffff0120ffffffffffffffffff01282e3207757466386d6234400038001a3008011208800000000000000220002a1e080810800118ffffffffffffffffff012000283f320662696e617279400038001a3008011208800000000000000120002a1e080810800118ffffffffffffffffff012000283f320662696e61727940003800208e372a2808fd01100018ffffffffffffffffff0120ffffffffffffffffff01282e3207757466386d623440003800	value:62		0
Substring3ArgsUTF8/416243	1	08904e1a350805120341624320002a2808fd01100018ffffffffffffffffff0120ffffffffffffffffff01282e3207757466386d6234400038001a3008011208800000000000000220002a1e080810800118ffffffffffffffffff012000283f320662696e617279400038001a3008011208800000000000000120002a1e080810800118ffffffffffffffffff012000283f320662696e61727940003800208e372a2808fd01100018ffffffffffffffffff0120ffffffffffffffffff01282e3207757466386d623440003800	value:62		0
Substring3ArgsUTF8/c3a9e4b8adc39f	0	08904e1a3908051207c3a9e4b8adc39f20002a2808fd01100018ffffffffffffffffff0120ffffffffffffffffff01282e3207757466386d6234400038001a3008011208800000000000000220002a1e080810800118ffffffffffffffffff012000283f320662696e617279400038001a3008011208800000000000000120002a1e080810800118ffffffffffffffffff012000283f320662696e61727940003800208e372a2808fd01100018ffffffffffffffffff0120ffffffffffffffffff01282e3207757466386d623440003800	value:e4b8ad		0
Substring3ArgsUTF8/c3a9e4b8adc39f	2	08904e1a3908051207c3a9e4b8adc39f20002a2808fd01100018ffffffffffffffffff0120ffffffffffffffffff01282e3207757466386d6234400038001a3008011208800000000000000220002a1e080810800118ffffffffffffffffff012000283f320662696e617279400038001a3008011208800000000000000120002a1e080810800118ffffffffffffffffff012000283f320662696e61727940003800208e372a2808fd01100018ffffffffffffffffff0120ffffffffffffffffff01282e3207757466386d623440003800	value:e4b8ad		0
Substring3ArgsUTF8/c3a9e4b8adc39f	1	08904e1a3908051207c3a9e4b8adc39f20002a2808fd01100018ffffffffffffffffff0120ffffffffffffffffff01282e3207757466386d6234400038001a3008011208800000000000000220002a1e080810800118ffffffffffffffffff012000283f320662696e617279400038001a3008011208800000000000000120002a1e080810800118ffffffffffffffffff012000283f320662696e61727940003800208e372a2808fd01100018ffffffffffffffffff0120ffffffffffffffffff01282e3207757466386d623440003800	value:e4b8ad		0
Substring3ArgsUTF8/ff0061	0	08904e1a3508051203ff006120002a2808fd01100018ffffffffffffffffff0120ffffffffffffffffff01282e3207757466386d6234400038001a3008011208800000000000000220002a1e080810800118ffffffffffffffffff012000283f320662696e617279400038001a3008011208800000000000000120002a1e080810800118ffffffffffffffffff012000283f320662696e61727940003800208e372a2808fd01100018ffffffffffffffffff0120ffffffffffffffffff01282e3207757466386d623440003800	value:00		0
Substring3ArgsUTF8/ff0061	2	08904e1a3508051203ff006120002a2808fd01100018ffffffffffffffffff0120ffffffffffffffffff01282e3207757466386d6234400038001a3008011208800000000000000220002a1e080810800118ffffffffffffffffff012000283f320662696e617279400038001a3008011208800000000000000120002a1e080810800118ffffffffffffffffff012000283f320662696e61727940003800208e372a2808fd01100018ffffffffffffffffff0120ffffffffffffffffff01282e3207757466386d623440003800	value:00		0
Substring3ArgsUTF8/ff0061	1	08904e1a3508051203ff006120002a2808fd01100018ffffffffffffffffff0120ffffffffffffffffff01282e3207757466386d6234400038001a3008011208800000000000000220002a1e080810800118ffffffffffffffffff012000283f320662696e617279400038001a3008011208800000000000000120002a1e080810800118ffffffffffffffffff012000283f320662696e61727940003800208e372a2808fd01100018ffffffffffffffffff0120ffffffffffffffffff01282e3207757466386d623440003800	value:00		0
IfInt/ordinary	0	08904e1a3008011208800000000000000020002a1e080810800118ffffffffffffffffff012000283f320662696e617279400038001a30080112087fffffffffffffff20002a1e080810800118ffffffffffffffffff012000283f320662696e617279400038001a3008011208ffffffffffffffff20002a1e080810800118ffffffffffffffffff012000283f320662696e61727940003800208b202a1e080810800118ffffffffffffffffff012000283f320662696e61727940003800	value:39323233333732303336383534373735383037		0
IfInt/ordinary	2	08904e1a3008011208800000000000000020002a1e080810800118ffffffffffffffffff012000283f320662696e617279400038001a30080112087fffffffffffffff20002a1e080810800118ffffffffffffffffff012000283f320662696e617279400038001a3008011208ffffffffffffffff20002a1e080810800118ffffffffffffffffff012000283f320662696e61727940003800208b202a1e080810800118ffffffffffffffffff012000283f320662696e61727940003800	value:39323233333732303336383534373735383037		0
IfInt/ordinary	1	08904e1a3008011208800000000000000020002a1e080810800118ffffffffffffffffff012000283f320662696e617279400038001a30080112087fffffffffffffff20002a1e080810800118ffffffffffffffffff012000283f320662696e617279400038001a3008011208ffffffffffffffff20002a1e080810800118ffffffffffffffffff012000283f320662696e61727940003800208b202a1e080810800118ffffffffffffffffff012000283f320662696e61727940003800	value:39323233333732303336383534373735383037		0
IfNullInt/ordinary	0	08904e1a30080112087fffffffffffffff20002a1e080810800118ffffffffffffffffff012000283f320662696e617279400038001a3008011208ffffffffffffffff20002a1e080810800118ffffffffffffffffff012000283f320662696e617279400038002085202a1e080810800118ffffffffffffffffff012000283f320662696e61727940003800	value:2d31		0
IfNullInt/ordinary	2	08904e1a30080112087fffffffffffffff20002a1e080810800118ffffffffffffffffff012000283f320662696e617279400038001a3008011208ffffffffffffffff20002a1e080810800118ffffffffffffffffff012000283f320662696e617279400038002085202a1e080810800118ffffffffffffffffff012000283f320662696e61727940003800	value:2d31		0
IfNullInt/ordinary	1	08904e1a30080112087fffffffffffffff20002a1e080810800118ffffffffffffffffff012000283f320662696e617279400038001a3008011208ffffffffffffffff20002a1e080810800118ffffffffffffffffff012000283f320662696e617279400038002085202a1e080810800118ffffffffffffffffff012000283f320662696e61727940003800	value:2d31		0
CaseWhenInt/ordinary	0	08904e1a3008011208800000000000000020002a1e080810800118ffffffffffffffffff012000283f320662696e617279400038001a30080112087fffffffffffffff20002a1e080810800118ffffffffffffffffff012000283f320662696e617279400038001a3008011208ffffffffffffffff20002a1e080810800118ffffffffffffffffff012000283f320662696e6172794000380020f0202a1e080810800118ffffffffffffffffff012000283f320662696e61727940003800	value:39323233333732303336383534373735383037		0
CaseWhenInt/ordinary	2	08904e1a3008011208800000000000000020002a1e080810800118ffffffffffffffffff012000283f320662696e617279400038001a30080112087fffffffffffffff20002a1e080810800118ffffffffffffffffff012000283f320662696e617279400038001a3008011208ffffffffffffffff20002a1e080810800118ffffffffffffffffff012000283f320662696e6172794000380020f0202a1e080810800118ffffffffffffffffff012000283f320662696e61727940003800	value:39323233333732303336383534373735383037		0
CaseWhenInt/ordinary	1	08904e1a3008011208800000000000000020002a1e080810800118ffffffffffffffffff012000283f320662696e617279400038001a30080112087fffffffffffffff20002a1e080810800118ffffffffffffffffff012000283f320662696e617279400038001a3008011208ffffffffffffffff20002a1e080810800118ffffffffffffffffff012000283f320662696e6172794000380020f0202a1e080810800118ffffffffffffffffff012000283f320662696e61727940003800	value:39323233333732303336383534373735383037		0
IfReal/ordinary	0	08904e1a3008011208800000000000000020002a1e080810800118ffffffffffffffffff012000283f320662696e617279400038001a3908041208400bd70a3d70a3d620002a27080510800118ffffffffffffffffff0120ffffffffffffffffff01283f320662696e617279400038001a3908041208c415af1d78b58c4020002a27080510800118ffffffffffffffffff0120ffffffffffffffffff01283f320662696e61727940003800208c202a27080510800118ffffffffffffffffff0120ffffffffffffffffff01283f320662696e61727940003800	real:4415af1d78b58c40		0
IfReal/ordinary	2	08904e1a3008011208800000000000000020002a1e080810800118ffffffffffffffffff012000283f320662696e617279400038001a3908041208400bd70a3d70a3d620002a27080510800118ffffffffffffffffff0120ffffffffffffffffff01283f320662696e617279400038001a3908041208c415af1d78b58c4020002a27080510800118ffffffffffffffffff0120ffffffffffffffffff01283f320662696e61727940003800208c202a27080510800118ffffffffffffffffff0120ffffffffffffffffff01283f320662696e61727940003800	real:4415af1d78b58c40		0
IfReal/ordinary	1	08904e1a3008011208800000000000000020002a1e080810800118ffffffffffffffffff012000283f320662696e617279400038001a3908041208400bd70a3d70a3d620002a27080510800118ffffffffffffffffff0120ffffffffffffffffff01283f320662696e617279400038001a3908041208c415af1d78b58c4020002a27080510800118ffffffffffffffffff0120ffffffffffffffffff01283f320662696e61727940003800208c202a27080510800118ffffffffffffffffff0120ffffffffffffffffff01283f320662696e61727940003800	real:4415af1d78b58c40		0
IfNullReal/ordinary	0	08904e1a3908041208400bd70a3d70a3d620002a27080510800118ffffffffffffffffff0120ffffffffffffffffff01283f320662696e617279400038001a3908041208c415af1d78b58c4020002a27080510800118ffffffffffffffffff0120ffffffffffffffffff01283f320662696e617279400038002086202a27080510800118ffffffffffffffffff0120ffffffffffffffffff01283f320662696e61727940003800	real:bff428f5c28f5c29		0
IfNullReal/ordinary	2	08904e1a3908041208400bd70a3d70a3d620002a27080510800118ffffffffffffffffff0120ffffffffffffffffff01283f320662696e617279400038001a3908041208c415af1d78b58c4020002a27080510800118ffffffffffffffffff0120ffffffffffffffffff01283f320662696e617279400038002086202a27080510800118ffffffffffffffffff0120ffffffffffffffffff01283f320662696e61727940003800	real:bff428f5c28f5c29		0
IfNullReal/ordinary	1	08904e1a3908041208400bd70a3d70a3d620002a27080510800118ffffffffffffffffff0120ffffffffffffffffff01283f320662696e617279400038001a3908041208c415af1d78b58c4020002a27080510800118ffffffffffffffffff0120ffffffffffffffffff01283f320662696e617279400038002086202a27080510800118ffffffffffffffffff0120ffffffffffffffffff01283f320662696e61727940003800	real:bff428f5c28f5c29		0
CaseWhenReal/ordinary	0	08904e1a3008011208800000000000000020002a1e080810800118ffffffffffffffffff012000283f320662696e617279400038001a3908041208400bd70a3d70a3d620002a27080510800118ffffffffffffffffff0120ffffffffffffffffff01283f320662696e617279400038001a3908041208c415af1d78b58c4020002a27080510800118ffffffffffffffffff0120ffffffffffffffffff01283f320662696e6172794000380020f1202a27080510800118ffffffffffffffffff0120ffffffffffffffffff01283f320662696e61727940003800	real:4415af1d78b58c40		0
CaseWhenReal/ordinary	2	08904e1a3008011208800000000000000020002a1e080810800118ffffffffffffffffff012000283f320662696e617279400038001a3908041208400bd70a3d70a3d620002a27080510800118ffffffffffffffffff0120ffffffffffffffffff01283f320662696e617279400038001a3908041208c415af1d78b58c4020002a27080510800118ffffffffffffffffff0120ffffffffffffffffff01283f320662696e6172794000380020f1202a27080510800118ffffffffffffffffff0120ffffffffffffffffff01283f320662696e61727940003800	real:4415af1d78b58c40		0
CaseWhenReal/ordinary	1	08904e1a3008011208800000000000000020002a1e080810800118ffffffffffffffffff012000283f320662696e617279400038001a3908041208400bd70a3d70a3d620002a27080510800118ffffffffffffffffff0120ffffffffffffffffff01283f320662696e617279400038001a3908041208c415af1d78b58c4020002a27080510800118ffffffffffffffffff0120ffffffffffffffffff01283f320662696e6172794000380020f1202a27080510800118ffffffffffffffffff0120ffffffffffffffffff01283f320662696e61727940003800	real:4415af1d78b58c40		0
IfDecimal/ordinary	0	08904e1a3008011208800000000000000020002a1e080810800118ffffffffffffffffff012000283f320662696e617279400038001a240866120403027ee520002a1608f601108001180a2002283f320662696e617279400038001a26086612060603807b01c820002a1608f601108001180a2002283f320662696e61727940003800208d202a1608f601108001180a2002283f320662696e61727940003800	value:3132332e343536		0
IfDecimal/ordinary	2	08904e1a3008011208800000000000000020002a1e080810800118ffffffffffffffffff012000283f320662696e617279400038001a240866120403027ee520002a1608f601108001180a2002283f320662696e617279400038001a26086612060603807b01c820002a1608f601108001180a2002283f320662696e61727940003800208d202a1608f601108001180a2002283f320662696e61727940003800	value:3132332e343536		0
IfDecimal/ordinary	1	08904e1a3008011208800000000000000020002a1e080810800118ffffffffffffffffff012000283f320662696e617279400038001a240866120403027ee520002a1608f601108001180a2002283f320662696e617279400038001a26086612060603807b01c820002a1608f601108001180a2002283f320662696e61727940003800208d202a1608f601108001180a2002283f320662696e61727940003800	value:3132332e343536		0
IfNullDecimal/ordinary	0	08904e1a240866120403027ee520002a1608f601108001180a2002283f320662696e617279400038001a26086612060603807b01c820002a1608f601108001180a2002283f320662696e617279400038002087202a1608f601108001180a2002283f320662696e61727940003800	value:2d312e3236		0
IfNullDecimal/ordinary	2	08904e1a240866120403027ee520002a1608f601108001180a2002283f320662696e617279400038001a26086612060603807b01c820002a1608f601108001180a2002283f320662696e617279400038002087202a1608f601108001180a2002283f320662696e61727940003800	value:2d312e3236		0
IfNullDecimal/ordinary	1	08904e1a240866120403027ee520002a1608f601108001180a2002283f320662696e617279400038001a26086612060603807b01c820002a1608f601108001180a2002283f320662696e617279400038002087202a1608f601108001180a2002283f320662696e61727940003800	value:2d312e3236		0
CaseWhenDecimal/ordinary	0	08904e1a3008011208800000000000000020002a1e080810800118ffffffffffffffffff012000283f320662696e617279400038001a240866120403027ee520002a1608f601108001180a2002283f320662696e617279400038001a26086612060603807b01c820002a1608f601108001180a2002283f320662696e6172794000380020f2202a1608f601108001180a2002283f320662696e61727940003800	value:3132332e343536		0
CaseWhenDecimal/ordinary	2	08904e1a3008011208800000000000000020002a1e080810800118ffffffffffffffffff012000283f320662696e617279400038001a240866120403027ee520002a1608f601108001180a2002283f320662696e617279400038001a26086612060603807b01c820002a1608f601108001180a2002283f320662696e6172794000380020f2202a1608f601108001180a2002283f320662696e61727940003800	value:3132332e343536		0
CaseWhenDecimal/ordinary	1	08904e1a3008011208800000000000000020002a1e080810800118ffffffffffffffffff012000283f320662696e617279400038001a240866120403027ee520002a1608f601108001180a2002283f320662696e617279400038001a26086612060603807b01c820002a1608f601108001180a2002283f320662696e6172794000380020f2202a1608f601108001180a2002283f320662696e61727940003800	value:3132332e343536		0
IfString/ordinary	0	08904e1a3008011208800000000000000020002a1e080810800118ffffffffffffffffff012000283f320662696e617279400038001a3608051204312e323620002a2808fd01100018ffffffffffffffffff0120ffffffffffffffffff01282e3207757466386d6234400038001a36080512043165393920002a2808fd01100018ffffffffffffffffff0120ffffffffffffffffff01282e3207757466386d623440003800208e202a2808fd01100018ffffffffffffffffff0120ffffffffffffffffff01282e3207757466386d623440003800	value:31653939		0
IfString/ordinary	2	08904e1a3008011208800000000000000020002a1e080810800118ffffffffffffffffff012000283f320662696e617279400038001a3608051204312e323620002a2808fd01100018ffffffffffffffffff0120ffffffffffffffffff01282e3207757466386d6234400038001a36080512043165393920002a2808fd01100018ffffffffffffffffff0120ffffffffffffffffff01282e3207757466386d623440003800208e202a2808fd01100018ffffffffffffffffff0120ffffffffffffffffff01282e3207757466386d623440003800	value:31653939		0
IfString/ordinary	1	08904e1a3008011208800000000000000020002a1e080810800118ffffffffffffffffff012000283f320662696e617279400038001a3608051204312e323620002a2808fd01100018ffffffffffffffffff0120ffffffffffffffffff01282e3207757466386d6234400038001a36080512043165393920002a2808fd01100018ffffffffffffffffff0120ffffffffffffffffff01282e3207757466386d623440003800208e202a2808fd01100018ffffffffffffffffff0120ffffffffffffffffff01282e3207757466386d623440003800	value:31653939		0
IfNullString/ordinary	0	08904e1a3608051204312e323620002a2808fd01100018ffffffffffffffffff0120ffffffffffffffffff01282e3207757466386d6234400038001a36080512043165393920002a2808fd01100018ffffffffffffffffff0120ffffffffffffffffff01282e3207757466386d6234400038002088202a2808fd01100018ffffffffffffffffff0120ffffffffffffffffff01282e3207757466386d623440003800	value:312e3236		0
IfNullString/ordinary	2	08904e1a3608051204312e323620002a2808fd01100018ffffffffffffffffff0120ffffffffffffffffff01282e3207757466386d6234400038001a36080512043165393920002a2808fd01100018ffffffffffffffffff0120ffffffffffffffffff01282e3207757466386d6234400038002088202a2808fd01100018ffffffffffffffffff0120ffffffffffffffffff01282e3207757466386d623440003800	value:312e3236		0
IfNullString/ordinary	1	08904e1a3608051204312e323620002a2808fd01100018ffffffffffffffffff0120ffffffffffffffffff01282e3207757466386d6234400038001a36080512043165393920002a2808fd01100018ffffffffffffffffff0120ffffffffffffffffff01282e3207757466386d6234400038002088202a2808fd01100018ffffffffffffffffff0120ffffffffffffffffff01282e3207757466386d623440003800	value:312e3236		0
CaseWhenString/ordinary	0	08904e1a3008011208800000000000000020002a1e080810800118ffffffffffffffffff012000283f320662696e617279400038001a3608051204312e323620002a2808fd01100018ffffffffffffffffff0120ffffffffffffffffff01282e3207757466386d6234400038001a36080512043165393920002a2808fd01100018ffffffffffffffffff0120ffffffffffffffffff01282e3207757466386d62344000380020f3202a2808fd01100018ffffffffffffffffff0120ffffffffffffffffff01282e3207757466386d623440003800	value:31653939		0
CaseWhenString/ordinary	2	08904e1a3008011208800000000000000020002a1e080810800118ffffffffffffffffff012000283f320662696e617279400038001a3608051204312e323620002a2808fd01100018ffffffffffffffffff0120ffffffffffffffffff01282e3207757466386d6234400038001a36080512043165393920002a2808fd01100018ffffffffffffffffff0120ffffffffffffffffff01282e3207757466386d62344000380020f3202a2808fd01100018ffffffffffffffffff0120ffffffffffffffffff01282e3207757466386d623440003800	value:31653939		0
CaseWhenString/ordinary	1	08904e1a3008011208800000000000000020002a1e080810800118ffffffffffffffffff012000283f320662696e617279400038001a3608051204312e323620002a2808fd01100018ffffffffffffffffff0120ffffffffffffffffff01282e3207757466386d6234400038001a36080512043165393920002a2808fd01100018ffffffffffffffffff0120ffffffffffffffffff01282e3207757466386d62344000380020f3202a2808fd01100018ffffffffffffffffff0120ffffffffffffffffff01282e3207757466386d623440003800	value:31653939		0
IfTime/ordinary	0	08904e1a3008011208800000000000000020002a1e080810800118ffffffffffffffffff012000283f320662696e617279400038001a30086b120819b244310501e07820002a1e080c10800118ffffffffffffffffff012003283f320662696e617279400038001a30086b120819b244310501e07820002a1e080c10800118ffffffffffffffffff012003283f320662696e61727940003800208f202a1e080c10800118ffffffffffffffffff012003283f320662696e61727940003800	value:323032342d30312d30322030333a30343a30352e313233		0
IfTime/ordinary	2	08904e1a3008011208800000000000000020002a1e080810800118ffffffffffffffffff012000283f320662696e617279400038001a30086b120819b244310501e07820002a1e080c10800118ffffffffffffffffff012003283f320662696e617279400038001a30086b120819b244310501e07820002a1e080c10800118ffffffffffffffffff012003283f320662696e61727940003800208f202a1e080c10800118ffffffffffffffffff012003283f320662696e61727940003800	value:323032342d30312d30322030333a30343a30352e313233		0
IfTime/ordinary	1	08904e1a3008011208800000000000000020002a1e080810800118ffffffffffffffffff012000283f320662696e617279400038001a30086b120819b244310501e07820002a1e080c10800118ffffffffffffffffff012003283f320662696e617279400038001a30086b120819b244310501e07820002a1e080c10800118ffffffffffffffffff012003283f320662696e61727940003800208f202a1e080c10800118ffffffffffffffffff012003283f320662696e61727940003800	value:323032342d30312d30322030333a30343a30352e313233		0
IfNullTime/ordinary	0	08904e1a30086b120819b244310501e07820002a1e080c10800118ffffffffffffffffff012003283f320662696e617279400038001a30086b120819b244310501e07820002a1e080c10800118ffffffffffffffffff012003283f320662696e617279400038002089202a1e080c10800118ffffffffffffffffff012003283f320662696e61727940003800	value:323032342d30312d30322030333a30343a30352e313233		0
IfNullTime/ordinary	2	08904e1a30086b120819b244310501e07820002a1e080c10800118ffffffffffffffffff012003283f320662696e617279400038001a30086b120819b244310501e07820002a1e080c10800118ffffffffffffffffff012003283f320662696e617279400038002089202a1e080c10800118ffffffffffffffffff012003283f320662696e61727940003800	value:323032342d30312d30322030333a30343a30352e313233		0
IfNullTime/ordinary	1	08904e1a30086b120819b244310501e07820002a1e080c10800118ffffffffffffffffff012003283f320662696e617279400038001a30086b120819b244310501e07820002a1e080c10800118ffffffffffffffffff012003283f320662696e617279400038002089202a1e080c10800118ffffffffffffffffff012003283f320662696e61727940003800	value:323032342d30312d30322030333a30343a30352e313233		0
CaseWhenTime/ordinary	0	08904e1a3008011208800000000000000020002a1e080810800118ffffffffffffffffff012000283f320662696e617279400038001a30086b120819b244310501e07820002a1e080c10800118ffffffffffffffffff012003283f320662696e617279400038001a30086b120819b244310501e07820002a1e080c10800118ffffffffffffffffff012003283f320662696e6172794000380020f4202a1e080c10800118ffffffffffffffffff012003283f320662696e61727940003800	value:323032342d30312d30322030333a30343a30352e313233		0
CaseWhenTime/ordinary	2	08904e1a3008011208800000000000000020002a1e080810800118ffffffffffffffffff012000283f320662696e617279400038001a30086b120819b244310501e07820002a1e080c10800118ffffffffffffffffff012003283f320662696e617279400038001a30086b120819b244310501e07820002a1e080c10800118ffffffffffffffffff012003283f320662696e6172794000380020f4202a1e080c10800118ffffffffffffffffff012003283f320662696e61727940003800	value:323032342d30312d30322030333a30343a30352e313233		0
CaseWhenTime/ordinary	1	08904e1a3008011208800000000000000020002a1e080810800118ffffffffffffffffff012000283f320662696e617279400038001a30086b120819b244310501e07820002a1e080c10800118ffffffffffffffffff012003283f320662696e617279400038001a30086b120819b244310501e07820002a1e080c10800118ffffffffffffffffff012003283f320662696e6172794000380020f4202a1e080c10800118ffffffffffffffffff012003283f320662696e61727940003800	value:323032342d30312d30322030333a30343a30352e313233		0
IfDuration/ordinary	0	08904e1a3008011208800000000000000020002a1e080810800118ffffffffffffffffff012000283f320662696e617279400038001a3008671208800000000000000020002a1e080b10800118ffffffffffffffffff012003283f320662696e617279400038001a30086712087fffffffa697d10020002a1e080b10800118ffffffffffffffffff012003283f320662696e617279400038002090202a1e080b10800118ffffffffffffffffff012003283f320662696e61727940003800	value:2d30303a30303a30312e353030303030		0
IfDuration/ordinary	2	08904e1a3008011208800000000000000020002a1e080810800118ffffffffffffffffff012000283f320662696e617279400038001a3008671208800000000000000020002a1e080b10800118ffffffffffffffffff012003283f320662696e617279400038001a30086712087fffffffa697d10020002a1e080b10800118ffffffffffffffffff012003283f320662696e617279400038002090202a1e080b10800118ffffffffffffffffff012003283f320662696e61727940003800	value:2d30303a30303a30312e353030303030		0
IfDuration/ordinary	1	08904e1a3008011208800000000000000020002a1e080810800118ffffffffffffffffff012000283f320662696e617279400038001a3008671208800000000000000020002a1e080b10800118ffffffffffffffffff012003283f320662696e617279400038001a30086712087fffffffa697d10020002a1e080b10800118ffffffffffffffffff012003283f320662696e617279400038002090202a1e080b10800118ffffffffffffffffff012003283f320662696e61727940003800	value:2d30303a30303a30312e353030303030		0
IfNullDuration/ordinary	0	08904e1a3008671208800000000000000020002a1e080b10800118ffffffffffffffffff012003283f320662696e617279400038001a30086712087fffffffa697d10020002a1e080b10800118ffffffffffffffffff012003283f320662696e61727940003800208a202a1e080b10800118ffffffffffffffffff012003283f320662696e61727940003800	value:30303a30303a30302e303030303030		0
IfNullDuration/ordinary	2	08904e1a3008671208800000000000000020002a1e080b10800118ffffffffffffffffff012003283f320662696e617279400038001a30086712087fffffffa697d10020002a1e080b10800118ffffffffffffffffff012003283f320662696e61727940003800208a202a1e080b10800118ffffffffffffffffff012003283f320662696e61727940003800	value:30303a30303a30302e303030303030		0
IfNullDuration/ordinary	1	08904e1a3008671208800000000000000020002a1e080b10800118ffffffffffffffffff012003283f320662696e617279400038001a30086712087fffffffa697d10020002a1e080b10800118ffffffffffffffffff012003283f320662696e61727940003800208a202a1e080b10800118ffffffffffffffffff012003283f320662696e61727940003800	value:30303a30303a30302e303030303030		0
CaseWhenDuration/ordinary	0	08904e1a3008011208800000000000000020002a1e080810800118ffffffffffffffffff012000283f320662696e617279400038001a3008671208800000000000000020002a1e080b10800118ffffffffffffffffff012003283f320662696e617279400038001a30086712087fffffffa697d10020002a1e080b10800118ffffffffffffffffff012003283f320662696e6172794000380020f5202a1e080b10800118ffffffffffffffffff012003283f320662696e61727940003800	value:2d30303a30303a30312e353030303030		0
CaseWhenDuration/ordinary	2	08904e1a3008011208800000000000000020002a1e080810800118ffffffffffffffffff012000283f320662696e617279400038001a3008671208800000000000000020002a1e080b10800118ffffffffffffffffff012003283f320662696e617279400038001a30086712087fffffffa697d10020002a1e080b10800118ffffffffffffffffff012003283f320662696e6172794000380020f5202a1e080b10800118ffffffffffffffffff012003283f320662696e61727940003800	value:2d30303a30303a30312e353030303030		0
CaseWhenDuration/ordinary	1	08904e1a3008011208800000000000000020002a1e080810800118ffffffffffffffffff012000283f320662696e617279400038001a3008671208800000000000000020002a1e080b10800118ffffffffffffffffff012003283f320662696e617279400038001a30086712087fffffffa697d10020002a1e080b10800118ffffffffffffffffff012003283f320662696e6172794000380020f5202a1e080b10800118ffffffffffffffffff012003283f320662696e61727940003800	value:2d30303a30303a30312e353030303030		0
IfJson/ordinary	0	08904e1a3008011208800000000000000020002a1e080810800118ffffffffffffffffff012000283f320662696e617279400038001a3c086c120a0a0b295c8fc2f528f43f20002a2808f501100018ffffffffffffffffff0120ffffffffffffffffff01282e3207757466386d6234400038001a35086c12030a040020002a2808f501100018ffffffffffffffffff0120ffffffffffffffffff01282e3207757466386d6234400038002092202a2808f501100018ffffffffffffffffff0120ffffffffffffffffff01282e3207757466386d623440003800	value:6e756c6c		0
IfJson/ordinary	2	08904e1a3008011208800000000000000020002a1e080810800118ffffffffffffffffff012000283f320662696e617279400038001a3c086c120a0a0b295c8fc2f528f43f20002a2808f501100018ffffffffffffffffff0120ffffffffffffffffff01282e3207757466386d6234400038001a35086c12030a040020002a2808f501100018ffffffffffffffffff0120ffffffffffffffffff01282e3207757466386d6234400038002092202a2808f501100018ffffffffffffffffff0120ffffffffffffffffff01282e3207757466386d623440003800	value:6e756c6c		0
IfJson/ordinary	1	08904e1a3008011208800000000000000020002a1e080810800118ffffffffffffffffff012000283f320662696e617279400038001a3c086c120a0a0b295c8fc2f528f43f20002a2808f501100018ffffffffffffffffff0120ffffffffffffffffff01282e3207757466386d6234400038001a35086c12030a040020002a2808f501100018ffffffffffffffffff0120ffffffffffffffffff01282e3207757466386d6234400038002092202a2808f501100018ffffffffffffffffff0120ffffffffffffffffff01282e3207757466386d623440003800	value:6e756c6c		0
IfNullJson/ordinary	0	08904e1a3c086c120a0a0b295c8fc2f528f43f20002a2808f501100018ffffffffffffffffff0120ffffffffffffffffff01282e3207757466386d6234400038001a35086c12030a040020002a2808f501100018ffffffffffffffffff0120ffffffffffffffffff01282e3207757466386d6234400038002091202a2808f501100018ffffffffffffffffff0120ffffffffffffffffff01282e3207757466386d623440003800	value:312e3236		0
IfNullJson/ordinary	2	08904e1a3c086c120a0a0b295c8fc2f528f43f20002a2808f501100018ffffffffffffffffff0120ffffffffffffffffff01282e3207757466386d6234400038001a35086c12030a040020002a2808f501100018ffffffffffffffffff0120ffffffffffffffffff01282e3207757466386d6234400038002091202a2808f501100018ffffffffffffffffff0120ffffffffffffffffff01282e3207757466386d623440003800	value:312e3236		0
IfNullJson/ordinary	1	08904e1a3c086c120a0a0b295c8fc2f528f43f20002a2808f501100018ffffffffffffffffff0120ffffffffffffffffff01282e3207757466386d6234400038001a35086c12030a040020002a2808f501100018ffffffffffffffffff0120ffffffffffffffffff01282e3207757466386d6234400038002091202a2808f501100018ffffffffffffffffff0120ffffffffffffffffff01282e3207757466386d623440003800	value:312e3236		0
CaseWhenJson/ordinary	0	08904e1a3008011208800000000000000020002a1e080810800118ffffffffffffffffff012000283f320662696e617279400038001a3c086c120a0a0b295c8fc2f528f43f20002a2808f501100018ffffffffffffffffff0120ffffffffffffffffff01282e3207757466386d6234400038001a35086c12030a040020002a2808f501100018ffffffffffffffffff0120ffffffffffffffffff01282e3207757466386d62344000380020f6202a2808f501100018ffffffffffffffffff0120ffffffffffffffffff01282e3207757466386d623440003800	value:6e756c6c		0
CaseWhenJson/ordinary	2	08904e1a3008011208800000000000000020002a1e080810800118ffffffffffffffffff012000283f320662696e617279400038001a3c086c120a0a0b295c8fc2f528f43f20002a2808f501100018ffffffffffffffffff0120ffffffffffffffffff01282e3207757466386d6234400038001a35086c12030a040020002a2808f501100018ffffffffffffffffff0120ffffffffffffffffff01282e3207757466386d62344000380020f6202a2808f501100018ffffffffffffffffff0120ffffffffffffffffff01282e3207757466386d623440003800	value:6e756c6c		0
CaseWhenJson/ordinary	1	08904e1a3008011208800000000000000020002a1e080810800118ffffffffffffffffff012000283f320662696e617279400038001a3c086c120a0a0b295c8fc2f528f43f20002a2808f501100018ffffffffffffffffff0120ffffffffffffffffff01282e3207757466386d6234400038001a35086c12030a040020002a2808f501100018ffffffffffffffffff0120ffffffffffffffffff01282e3207757466386d62344000380020f6202a2808f501100018ffffffffffffffffff0120ffffffffffffffffff01282e3207757466386d623440003800	value:6e756c6c		0
Pow/bad_then_null	0	08904e1a3908051207696e76616c696420002a2808fd01100018ffffffffffffffffff0120ffffffffffffffffff01282e3207757466386d6234400038001a2f080020002a27080010800118ffffffffffffffffff0120ffffffffffffffffff01283f320662696e6172794000380020d9102a27080510800118ffffffffffffffffff0120ffffffffffffffffff01283f320662696e61727940003800	error	5b74797065733a313239325d5472756e636174656420696e636f727265637420444f55424c452076616c75653a2027696e76616c696427	0
Pow/bad_then_null	2	08904e1a3908051207696e76616c696420002a2808fd01100018ffffffffffffffffff0120ffffffffffffffffff01282e3207757466386d6234400038001a2f080020002a27080010800118ffffffffffffffffff0120ffffffffffffffffff01283f320662696e6172794000380020d9102a27080510800118ffffffffffffffffff0120ffffffffffffffffff01283f320662696e61727940003800	null		1
Pow/bad_then_null	1	08904e1a3908051207696e76616c696420002a2808fd01100018ffffffffffffffffff0120ffffffffffffffffff01282e3207757466386d6234400038001a2f080020002a27080010800118ffffffffffffffffff0120ffffffffffffffffff01283f320662696e6172794000380020d9102a27080510800118ffffffffffffffffff0120ffffffffffffffffff01283f320662696e61727940003800	null		0
Atan2Args/bad_then_null	0	08904e1a3908051207696e76616c696420002a2808fd01100018ffffffffffffffffff0120ffffffffffffffffff01282e3207757466386d6234400038001a2f080020002a27080010800118ffffffffffffffffff0120ffffffffffffffffff01283f320662696e6172794000380020e1102a27080510800118ffffffffffffffffff0120ffffffffffffffffff01283f320662696e61727940003800	error	5b74797065733a313239325d5472756e636174656420696e636f727265637420444f55424c452076616c75653a2027696e76616c696427	0
Atan2Args/bad_then_null	2	08904e1a3908051207696e76616c696420002a2808fd01100018ffffffffffffffffff0120ffffffffffffffffff01282e3207757466386d6234400038001a2f080020002a27080010800118ffffffffffffffffff0120ffffffffffffffffff01283f320662696e6172794000380020e1102a27080510800118ffffffffffffffffff0120ffffffffffffffffff01283f320662696e61727940003800	null		1
Atan2Args/bad_then_null	1	08904e1a3908051207696e76616c696420002a2808fd01100018ffffffffffffffffff0120ffffffffffffffffff01282e3207757466386d6234400038001a2f080020002a27080010800118ffffffffffffffffff0120ffffffffffffffffff01283f320662696e6172794000380020e1102a27080510800118ffffffffffffffffff0120ffffffffffffffffff01283f320662696e61727940003800	null		0
Substring3ArgsUTF8/bad_pos_then_null	0	08904e1a350805120361626320002a2808fd01100018ffffffffffffffffff0120ffffffffffffffffff01282e3207757466386d6234400038001a3908051207696e76616c696420002a2808fd01100018ffffffffffffffffff0120ffffffffffffffffff01282e3207757466386d6234400038001a2f080020002a27080010800118ffffffffffffffffff0120ffffffffffffffffff01283f320662696e61727940003800208e372a2808fd01100018ffffffffffffffffff0120ffffffffffffffffff01282e3207757466386d623440003800	error	5b74797065733a313239325d5472756e636174656420696e636f727265637420444f55424c452076616c75653a2027696e76616c696427	0
Substring3ArgsUTF8/bad_pos_then_null	2	08904e1a350805120361626320002a2808fd01100018ffffffffffffffffff0120ffffffffffffffffff01282e3207757466386d6234400038001a3908051207696e76616c696420002a2808fd01100018ffffffffffffffffff0120ffffffffffffffffff01282e3207757466386d6234400038001a2f080020002a27080010800118ffffffffffffffffff0120ffffffffffffffffff01283f320662696e61727940003800208e372a2808fd01100018ffffffffffffffffff0120ffffffffffffffffff01282e3207757466386d623440003800	null		1
Substring3ArgsUTF8/bad_pos_then_null	1	08904e1a350805120361626320002a2808fd01100018ffffffffffffffffff0120ffffffffffffffffff01282e3207757466386d6234400038001a3908051207696e76616c696420002a2808fd01100018ffffffffffffffffff0120ffffffffffffffffff01282e3207757466386d6234400038001a2f080020002a27080010800118ffffffffffffffffff0120ffffffffffffffffff01283f320662696e61727940003800208e372a2808fd01100018ffffffffffffffffff0120ffffffffffffffffff01282e3207757466386d623440003800	null		0
DateDiff/bad_then_null	0	08904e1a3908051207696e76616c696420002a2808fd01100018ffffffffffffffffff0120ffffffffffffffffff01282e3207757466386d6234400038001a2f080020002a27080010800118ffffffffffffffffff0120ffffffffffffffffff01283f320662696e6172794000380020f32e2a1e080810800118ffffffffffffffffff012000283f320662696e61727940003800	panic	696e7465726661636520636f6e76657273696f6e3a20696e74657266616365207b7d206973206e696c2c206e6f742074797065732e54696d65	0
DateDiff/bad_then_null	2	08904e1a3908051207696e76616c696420002a2808fd01100018ffffffffffffffffff0120ffffffffffffffffff01282e3207757466386d6234400038001a2f080020002a27080010800118ffffffffffffffffff0120ffffffffffffffffff01283f320662696e6172794000380020f32e2a1e080810800118ffffffffffffffffff012000283f320662696e61727940003800	panic	696e7465726661636520636f6e76657273696f6e3a20696e74657266616365207b7d206973206e696c2c206e6f742074797065732e54696d65	0
DateDiff/bad_then_null	1	08904e1a3908051207696e76616c696420002a2808fd01100018ffffffffffffffffff0120ffffffffffffffffff01282e3207757466386d6234400038001a2f080020002a27080010800118ffffffffffffffffff0120ffffffffffffffffff01283f320662696e6172794000380020f32e2a1e080810800118ffffffffffffffffff012000283f320662696e61727940003800	panic	696e7465726661636520636f6e76657273696f6e3a20696e74657266616365207b7d206973206e696c2c206e6f742074797065732e54696d65	0
IntIsNull/null	0	08904e1a2f080020002a27080010800118ffffffffffffffffff0120ffffffffffffffffff01283f320662696e6172794000380020ac182a1e080810800118ffffffffffffffffff012000283f320662696e61727940003800	value:31		0
IntIsNull/null	2	08904e1a2f080020002a27080010800118ffffffffffffffffff0120ffffffffffffffffff01283f320662696e6172794000380020ac182a1e080810800118ffffffffffffffffff012000283f320662696e61727940003800	value:31		0
IntIsNull/null	1	08904e1a2f080020002a27080010800118ffffffffffffffffff0120ffffffffffffffffff01283f320662696e6172794000380020ac182a1e080810800118ffffffffffffffffff012000283f320662696e61727940003800	value:31		0
IntIsNull/ordinary	0	08904e1a30080112087fffffffffffffff20002a1e080810800118ffffffffffffffffff012000283f320662696e6172794000380020ac182a1e080810800118ffffffffffffffffff012000283f320662696e61727940003800	value:30		0
IntIsNull/ordinary	2	08904e1a30080112087fffffffffffffff20002a1e080810800118ffffffffffffffffff012000283f320662696e6172794000380020ac182a1e080810800118ffffffffffffffffff012000283f320662696e61727940003800	value:30		0
IntIsNull/ordinary	1	08904e1a30080112087fffffffffffffff20002a1e080810800118ffffffffffffffffff012000283f320662696e6172794000380020ac182a1e080810800118ffffffffffffffffff012000283f320662696e61727940003800	value:30		0
RealIsNull/null	0	08904e1a2f080020002a27080010800118ffffffffffffffffff0120ffffffffffffffffff01283f320662696e6172794000380020a9182a1e080810800118ffffffffffffffffff012000283f320662696e61727940003800	value:31		0
RealIsNull/null	2	08904e1a2f080020002a27080010800118ffffffffffffffffff0120ffffffffffffffffff01283f320662696e6172794000380020a9182a1e080810800118ffffffffffffffffff012000283f320662696e61727940003800	value:31		0
RealIsNull/null	1	08904e1a2f080020002a27080010800118ffffffffffffffffff0120ffffffffffffffffff01283f320662696e6172794000380020a9182a1e080810800118ffffffffffffffffff012000283f320662696e61727940003800	value:31		0
RealIsNull/ordinary	0	08904e1a3908041208400bd70a3d70a3d620002a27080510800118ffffffffffffffffff0120ffffffffffffffffff01283f320662696e6172794000380020a9182a1e080810800118ffffffffffffffffff012000283f320662696e61727940003800	value:30		0
RealIsNull/ordinary	2	08904e1a3908041208400bd70a3d70a3d620002a27080510800118ffffffffffffffffff0120ffffffffffffffffff01283f320662696e6172794000380020a9182a1e080810800118ffffffffffffffffff012000283f320662696e61727940003800	value:30		0
RealIsNull/ordinary	1	08904e1a3908041208400bd70a3d70a3d620002a27080510800118ffffffffffffffffff0120ffffffffffffffffff01283f320662696e6172794000380020a9182a1e080810800118ffffffffffffffffff012000283f320662696e61727940003800	value:30		0
DecimalIsNull/null	0	08904e1a2f080020002a27080010800118ffffffffffffffffff0120ffffffffffffffffff01283f320662696e6172794000380020a7182a1e080810800118ffffffffffffffffff012000283f320662696e61727940003800	value:31		0
DecimalIsNull/null	2	08904e1a2f080020002a27080010800118ffffffffffffffffff0120ffffffffffffffffff01283f320662696e6172794000380020a7182a1e080810800118ffffffffffffffffff012000283f320662696e61727940003800	value:31		0
DecimalIsNull/null	1	08904e1a2f080020002a27080010800118ffffffffffffffffff0120ffffffffffffffffff01283f320662696e6172794000380020a7182a1e080810800118ffffffffffffffffff012000283f320662696e61727940003800	value:31		0
DecimalIsNull/ordinary	0	08904e1a240866120403027ee520002a1608f601108001180a2002283f320662696e6172794000380020a7182a1e080810800118ffffffffffffffffff012000283f320662696e61727940003800	value:30		0
DecimalIsNull/ordinary	2	08904e1a240866120403027ee520002a1608f601108001180a2002283f320662696e6172794000380020a7182a1e080810800118ffffffffffffffffff012000283f320662696e61727940003800	value:30		0
DecimalIsNull/ordinary	1	08904e1a240866120403027ee520002a1608f601108001180a2002283f320662696e6172794000380020a7182a1e080810800118ffffffffffffffffff012000283f320662696e61727940003800	value:30		0
StringIsNull/null	0	08904e1a2f080020002a27080010800118ffffffffffffffffff0120ffffffffffffffffff01283f320662696e6172794000380020aa182a1e080810800118ffffffffffffffffff012000283f320662696e61727940003800	value:31		0
StringIsNull/null	2	08904e1a2f080020002a27080010800118ffffffffffffffffff0120ffffffffffffffffff01283f320662696e6172794000380020aa182a1e080810800118ffffffffffffffffff012000283f320662696e61727940003800	value:31		0
StringIsNull/null	1	08904e1a2f080020002a27080010800118ffffffffffffffffff0120ffffffffffffffffff01283f320662696e6172794000380020aa182a1e080810800118ffffffffffffffffff012000283f320662696e61727940003800	value:31		0
StringIsNull/ordinary	0	08904e1a3608051204312e323620002a2808fd01100018ffffffffffffffffff0120ffffffffffffffffff01282e3207757466386d62344000380020aa182a1e080810800118ffffffffffffffffff012000283f320662696e61727940003800	value:30		0
StringIsNull/ordinary	2	08904e1a3608051204312e323620002a2808fd01100018ffffffffffffffffff0120ffffffffffffffffff01282e3207757466386d62344000380020aa182a1e080810800118ffffffffffffffffff012000283f320662696e61727940003800	value:30		0
StringIsNull/ordinary	1	08904e1a3608051204312e323620002a2808fd01100018ffffffffffffffffff0120ffffffffffffffffff01282e3207757466386d62344000380020aa182a1e080810800118ffffffffffffffffff012000283f320662696e61727940003800	value:30		0
TimeIsNull/null	0	08904e1a2f080020002a27080010800118ffffffffffffffffff0120ffffffffffffffffff01283f320662696e6172794000380020ab182a1e080810800118ffffffffffffffffff012000283f320662696e61727940003800	value:31		0
TimeIsNull/null	2	08904e1a2f080020002a27080010800118ffffffffffffffffff0120ffffffffffffffffff01283f320662696e6172794000380020ab182a1e080810800118ffffffffffffffffff012000283f320662696e61727940003800	value:31		0
TimeIsNull/null	1	08904e1a2f080020002a27080010800118ffffffffffffffffff0120ffffffffffffffffff01283f320662696e6172794000380020ab182a1e080810800118ffffffffffffffffff012000283f320662696e61727940003800	value:31		0
TimeIsNull/ordinary	0	08904e1a30086b120819b244310501e07820002a1e080c10800118ffffffffffffffffff012003283f320662696e6172794000380020ab182a1e080810800118ffffffffffffffffff012000283f320662696e61727940003800	value:30		0
TimeIsNull/ordinary	2	08904e1a30086b120819b244310501e07820002a1e080c10800118ffffffffffffffffff012003283f320662696e6172794000380020ab182a1e080810800118ffffffffffffffffff012000283f320662696e61727940003800	value:30		0
TimeIsNull/ordinary	1	08904e1a30086b120819b244310501e07820002a1e080c10800118ffffffffffffffffff012003283f320662696e6172794000380020ab182a1e080810800118ffffffffffffffffff012000283f320662696e61727940003800	value:30		0
DurationIsNull/null	0	08904e1a2f080020002a27080010800118ffffffffffffffffff0120ffffffffffffffffff01283f320662696e6172794000380020a8182a1e080810800118ffffffffffffffffff012000283f320662696e61727940003800	value:31		0
DurationIsNull/null	2	08904e1a2f080020002a27080010800118ffffffffffffffffff0120ffffffffffffffffff01283f320662696e6172794000380020a8182a1e080810800118ffffffffffffffffff012000283f320662696e61727940003800	value:31		0
DurationIsNull/null	1	08904e1a2f080020002a27080010800118ffffffffffffffffff0120ffffffffffffffffff01283f320662696e6172794000380020a8182a1e080810800118ffffffffffffffffff012000283f320662696e61727940003800	value:31		0
DurationIsNull/ordinary	0	08904e1a3008671208800000000000000020002a1e080b10800118ffffffffffffffffff012003283f320662696e6172794000380020a8182a1e080810800118ffffffffffffffffff012000283f320662696e61727940003800	value:30		0
DurationIsNull/ordinary	2	08904e1a3008671208800000000000000020002a1e080b10800118ffffffffffffffffff012003283f320662696e6172794000380020a8182a1e080810800118ffffffffffffffffff012000283f320662696e61727940003800	value:30		0
DurationIsNull/ordinary	1	08904e1a3008671208800000000000000020002a1e080b10800118ffffffffffffffffff012003283f320662696e6172794000380020a8182a1e080810800118ffffffffffffffffff012000283f320662696e61727940003800	value:30		0
VectorFloat32IsNull/null	0	08904e1a2f080020002a27080010800118ffffffffffffffffff0120ffffffffffffffffff01283f320662696e6172794000380020a3282a1e080810800118ffffffffffffffffff012000283f320662696e61727940003800	value:31		0
VectorFloat32IsNull/null	2	08904e1a2f080020002a27080010800118ffffffffffffffffff0120ffffffffffffffffff01283f320662696e6172794000380020a3282a1e080810800118ffffffffffffffffff012000283f320662696e61727940003800	value:31		0
VectorFloat32IsNull/null	1	08904e1a2f080020002a27080010800118ffffffffffffffffff0120ffffffffffffffffff01283f320662696e6172794000380020a3282a1e080810800118ffffffffffffffffff012000283f320662696e61727940003800	value:31		0
UnaryNotInt/0	0	08904e1a3008011208800000000000000020002a1e080810800118ffffffffffffffffff012000283f320662696e6172794000380020a0182a1e080810800118ffffffffffffffffff012000283f320662696e61727940003800	value:31		0
UnaryNotInt/0	2	08904e1a3008011208800000000000000020002a1e080810800118ffffffffffffffffff012000283f320662696e6172794000380020a0182a1e080810800118ffffffffffffffffff012000283f320662696e61727940003800	value:31		0
UnaryNotInt/0	1	08904e1a3008011208800000000000000020002a1e080810800118ffffffffffffffffff012000283f320662696e6172794000380020a0182a1e080810800118ffffffffffffffffff012000283f320662696e61727940003800	value:31		0
UnaryNotInt/1	0	08904e1a3008011208800000000000000120002a1e080810800118ffffffffffffffffff012000283f320662696e6172794000380020a0182a1e080810800118ffffffffffffffffff012000283f320662696e61727940003800	value:30		0
UnaryNotInt/1	2	08904e1a3008011208800000000000000120002a1e080810800118ffffffffffffffffff012000283f320662696e6172794000380020a0182a1e080810800118ffffffffffffffffff012000283f320662696e61727940003800	value:30		0
UnaryNotInt/1	1	08904e1a3008011208800000000000000120002a1e080810800118ffffffffffffffffff012000283f320662696e6172794000380020a0182a1e080810800118ffffffffffffffffff012000283f320662696e61727940003800	value:30		0
UnaryNotInt/-1	0	08904e1a30080112087fffffffffffffff20002a1e080810800118ffffffffffffffffff012000283f320662696e6172794000380020a0182a1e080810800118ffffffffffffffffff012000283f320662696e61727940003800	value:30		0
UnaryNotInt/-1	2	08904e1a30080112087fffffffffffffff20002a1e080810800118ffffffffffffffffff012000283f320662696e6172794000380020a0182a1e080810800118ffffffffffffffffff012000283f320662696e61727940003800	value:30		0
UnaryNotInt/-1	1	08904e1a30080112087fffffffffffffff20002a1e080810800118ffffffffffffffffff012000283f320662696e6172794000380020a0182a1e080810800118ffffffffffffffffff012000283f320662696e61727940003800	value:30		0
IntIsTrueWithNull/0	0	08904e1a3008011208800000000000000020002a1e080810800118ffffffffffffffffff012000283f320662696e6172794000380020c6182a1e080810800118ffffffffffffffffff012000283f320662696e61727940003800	value:30		0
IntIsTrueWithNull/0	2	08904e1a3008011208800000000000000020002a1e080810800118ffffffffffffffffff012000283f320662696e6172794000380020c6182a1e080810800118ffffffffffffffffff012000283f320662696e61727940003800	value:30		0
IntIsTrueWithNull/0	1	08904e1a3008011208800000000000000020002a1e080810800118ffffffffffffffffff012000283f320662696e6172794000380020c6182a1e080810800118ffffffffffffffffff012000283f320662696e61727940003800	value:30		0
IntIsTrueWithNull/1	0	08904e1a3008011208800000000000000120002a1e080810800118ffffffffffffffffff012000283f320662696e6172794000380020c6182a1e080810800118ffffffffffffffffff012000283f320662696e61727940003800	value:31		0
IntIsTrueWithNull/1	2	08904e1a3008011208800000000000000120002a1e080810800118ffffffffffffffffff012000283f320662696e6172794000380020c6182a1e080810800118ffffffffffffffffff012000283f320662696e61727940003800	value:31		0
IntIsTrueWithNull/1	1	08904e1a3008011208800000000000000120002a1e080810800118ffffffffffffffffff012000283f320662696e6172794000380020c6182a1e080810800118ffffffffffffffffff012000283f320662696e61727940003800	value:31		0
IntIsTrueWithNull/-1	0	08904e1a30080112087fffffffffffffff20002a1e080810800118ffffffffffffffffff012000283f320662696e6172794000380020c6182a1e080810800118ffffffffffffffffff012000283f320662696e61727940003800	value:31		0
IntIsTrueWithNull/-1	2	08904e1a30080112087fffffffffffffff20002a1e080810800118ffffffffffffffffff012000283f320662696e6172794000380020c6182a1e080810800118ffffffffffffffffff012000283f320662696e61727940003800	value:31		0
IntIsTrueWithNull/-1	1	08904e1a30080112087fffffffffffffff20002a1e080810800118ffffffffffffffffff012000283f320662696e6172794000380020c6182a1e080810800118ffffffffffffffffff012000283f320662696e61727940003800	value:31		0
RealIsTrueWithNull/0	0	08904e1a3908041208800000000000000020002a27080510800118ffffffffffffffffff0120ffffffffffffffffff01283f320662696e6172794000380020c7182a1e080810800118ffffffffffffffffff012000283f320662696e61727940003800	value:30		0
RealIsTrueWithNull/0	2	08904e1a3908041208800000000000000020002a27080510800118ffffffffffffffffff0120ffffffffffffffffff01283f320662696e6172794000380020c7182a1e080810800118ffffffffffffffffff012000283f320662696e61727940003800	value:30		0
RealIsTrueWithNull/0	1	08904e1a3908041208800000000000000020002a27080510800118ffffffffffffffffff0120ffffffffffffffffff01283f320662696e6172794000380020c7182a1e080810800118ffffffffffffffffff012000283f320662696e61727940003800	value:30		0
RealIsTrueWithNull/1	0	08904e1a3908041208bff000000000000020002a27080510800118ffffffffffffffffff0120ffffffffffffffffff01283f320662696e6172794000380020c7182a1e080810800118ffffffffffffffffff012000283f320662696e61727940003800	value:31		0
RealIsTrueWithNull/1	2	08904e1a3908041208bff000000000000020002a27080510800118ffffffffffffffffff0120ffffffffffffffffff01283f320662696e6172794000380020c7182a1e080810800118ffffffffffffffffff012000283f320662696e61727940003800	value:31		0
RealIsTrueWithNull/1	1	08904e1a3908041208bff000000000000020002a27080510800118ffffffffffffffffff0120ffffffffffffffffff01283f320662696e6172794000380020c7182a1e080810800118ffffffffffffffffff012000283f320662696e61727940003800	value:31		0
RealIsTrueWithNull/-1	0	08904e1a3908041208400fffffffffffff20002a27080510800118ffffffffffffffffff0120ffffffffffffffffff01283f320662696e6172794000380020c7182a1e080810800118ffffffffffffffffff012000283f320662696e61727940003800	value:31		0
RealIsTrueWithNull/-1	2	08904e1a3908041208400fffffffffffff20002a27080510800118ffffffffffffffffff0120ffffffffffffffffff01283f320662696e6172794000380020c7182a1e080810800118ffffffffffffffffff012000283f320662696e61727940003800	value:31		0
RealIsTrueWithNull/-1	1	08904e1a3908041208400fffffffffffff20002a27080510800118ffffffffffffffffff0120ffffffffffffffffff01283f320662696e6172794000380020c7182a1e080810800118ffffffffffffffffff012000283f320662696e61727940003800	value:31		0
DecimalIsTrueWithNull/0	0	08904e1a230866120301008020002a1608f601108001180a2002283f320662696e6172794000380020c8182a1e080810800118ffffffffffffffffff012000283f320662696e61727940003800	value:30		0
DecimalIsTrueWithNull/0	2	08904e1a230866120301008020002a1608f601108001180a2002283f320662696e6172794000380020c8182a1e080810800118ffffffffffffffffff012000283f320662696e61727940003800	value:30		0
DecimalIsTrueWithNull/0	1	08904e1a230866120301008020002a1608f601108001180a2002283f320662696e6172794000380020c8182a1e080810800118ffffffffffffffffff012000283f320662696e61727940003800	value:30		0
DecimalIsTrueWithNull/1	0	08904e1a230866120301008120002a1608f601108001180a2002283f320662696e6172794000380020c8182a1e080810800118ffffffffffffffffff012000283f320662696e61727940003800	value:31		0
DecimalIsTrueWithNull/1	2	08904e1a230866120301008120002a1608f601108001180a2002283f320662696e6172794000380020c8182a1e080810800118ffffffffffffffffff012000283f320662696e61727940003800	value:31		0
DecimalIsTrueWithNull/1	1	08904e1a230866120301008120002a1608f601108001180a2002283f320662696e6172794000380020c8182a1e080810800118ffffffffffffffffff012000283f320662696e61727940003800	value:31		0
DecimalIsTrueWithNull/-1	0	08904e1a230866120301007e20002a1608f601108001180a2002283f320662696e6172794000380020c8182a1e080810800118ffffffffffffffffff012000283f320662696e61727940003800	value:31		0
DecimalIsTrueWithNull/-1	2	08904e1a230866120301007e20002a1608f601108001180a2002283f320662696e6172794000380020c8182a1e080810800118ffffffffffffffffff012000283f320662696e61727940003800	value:31		0
DecimalIsTrueWithNull/-1	1	08904e1a230866120301007e20002a1608f601108001180a2002283f320662696e6172794000380020c8182a1e080810800118ffffffffffffffffff012000283f320662696e61727940003800	value:31		0
LogicalAnd/0	0	08904e1a3008011208800000000000000020002a1e080810800118ffffffffffffffffff012000283f320662696e617279400038001a2f080020002a27080010800118ffffffffffffffffff0120ffffffffffffffffff01283f320662696e61727940003800209d182a1e080810800118ffffffffffffffffff012000283f320662696e61727940003800	value:30		0
LogicalAnd/0	2	08904e1a3008011208800000000000000020002a1e080810800118ffffffffffffffffff012000283f320662696e617279400038001a2f080020002a27080010800118ffffffffffffffffff0120ffffffffffffffffff01283f320662696e61727940003800209d182a1e080810800118ffffffffffffffffff012000283f320662696e61727940003800	value:30		0
LogicalAnd/0	1	08904e1a3008011208800000000000000020002a1e080810800118ffffffffffffffffff012000283f320662696e617279400038001a2f080020002a27080010800118ffffffffffffffffff0120ffffffffffffffffff01283f320662696e61727940003800209d182a1e080810800118ffffffffffffffffff012000283f320662696e61727940003800	value:30		0
LogicalAnd/1	0	08904e1a3008011208800000000000000120002a1e080810800118ffffffffffffffffff012000283f320662696e617279400038001a2f080020002a27080010800118ffffffffffffffffff0120ffffffffffffffffff01283f320662696e61727940003800209d182a1e080810800118ffffffffffffffffff012000283f320662696e61727940003800	null		0
LogicalAnd/1	2	08904e1a3008011208800000000000000120002a1e080810800118ffffffffffffffffff012000283f320662696e617279400038001a2f080020002a27080010800118ffffffffffffffffff0120ffffffffffffffffff01283f320662696e61727940003800209d182a1e080810800118ffffffffffffffffff012000283f320662696e61727940003800	null		0
LogicalAnd/1	1	08904e1a3008011208800000000000000120002a1e080810800118ffffffffffffffffff012000283f320662696e617279400038001a2f080020002a27080010800118ffffffffffffffffff0120ffffffffffffffffff01283f320662696e61727940003800209d182a1e080810800118ffffffffffffffffff012000283f320662696e61727940003800	null		0
LogicalOr/0	0	08904e1a3008011208800000000000000020002a1e080810800118ffffffffffffffffff012000283f320662696e617279400038001a2f080020002a27080010800118ffffffffffffffffff0120ffffffffffffffffff01283f320662696e61727940003800209e182a1e080810800118ffffffffffffffffff012000283f320662696e61727940003800	null		0
LogicalOr/0	2	08904e1a3008011208800000000000000020002a1e080810800118ffffffffffffffffff012000283f320662696e617279400038001a2f080020002a27080010800118ffffffffffffffffff0120ffffffffffffffffff01283f320662696e61727940003800209e182a1e080810800118ffffffffffffffffff012000283f320662696e61727940003800	null		0
LogicalOr/0	1	08904e1a3008011208800000000000000020002a1e080810800118ffffffffffffffffff012000283f320662696e617279400038001a2f080020002a27080010800118ffffffffffffffffff0120ffffffffffffffffff01283f320662696e61727940003800209e182a1e080810800118ffffffffffffffffff012000283f320662696e61727940003800	null		0
LogicalOr/1	0	08904e1a3008011208800000000000000120002a1e080810800118ffffffffffffffffff012000283f320662696e617279400038001a2f080020002a27080010800118ffffffffffffffffff0120ffffffffffffffffff01283f320662696e61727940003800209e182a1e080810800118ffffffffffffffffff012000283f320662696e61727940003800	value:31		0
LogicalOr/1	2	08904e1a3008011208800000000000000120002a1e080810800118ffffffffffffffffff012000283f320662696e617279400038001a2f080020002a27080010800118ffffffffffffffffff0120ffffffffffffffffff01283f320662696e61727940003800209e182a1e080810800118ffffffffffffffffff012000283f320662696e61727940003800	value:31		0
LogicalOr/1	1	08904e1a3008011208800000000000000120002a1e080810800118ffffffffffffffffff012000283f320662696e617279400038001a2f080020002a27080010800118ffffffffffffffffff0120ffffffffffffffffff01283f320662696e61727940003800209e182a1e080810800118ffffffffffffffffff012000283f320662696e61727940003800	value:31		0
InInt/normal	0	08904e1a3008011208800000000000000120002a1e080810800118ffffffffffffffffff012000283f320662696e617279400038001a3008011208800000000000000220002a1e080810800118ffffffffffffffffff012000283f320662696e617279400038001a3008011208800000000000000120002a1e080810800118ffffffffffffffffff012000283f320662696e6172794000380020a11f2a1e080810800118ffffffffffffffffff012000283f320662696e61727940003800	value:31		0
InInt/normal	2	08904e1a3008011208800000000000000120002a1e080810800118ffffffffffffffffff012000283f320662696e617279400038001a3008011208800000000000000220002a1e080810800118ffffffffffffffffff012000283f320662696e617279400038001a3008011208800000000000000120002a1e080810800118ffffffffffffffffff012000283f320662696e6172794000380020a11f2a1e080810800118ffffffffffffffffff012000283f320662696e61727940003800	value:31		0
InInt/normal	1	08904e1a3008011208800000000000000120002a1e080810800118ffffffffffffffffff012000283f320662696e617279400038001a3008011208800000000000000220002a1e080810800118ffffffffffffffffff012000283f320662696e617279400038001a3008011208800000000000000120002a1e080810800118ffffffffffffffffff012000283f320662696e6172794000380020a11f2a1e080810800118ffffffffffffffffff012000283f320662696e61727940003800	value:31		0
InInt/match_before_bad	0	08904e1a3008011208800000000000000120002a1e080810800118ffffffffffffffffff012000283f320662696e617279400038001a3008011208800000000000000120002a1e080810800118ffffffffffffffffff012000283f320662696e617279400038001a6208904e1a3908051207696e76616c696420002a2808fd01100018ffffffffffffffffff0120ffffffffffffffffff01282e3207757466386d623440003800201e2a1e080810800118ffffffffffffffffff012000283f320662696e6172794000380020a11f2a1e080810800118ffffffffffffffffff012000283f320662696e61727940003800	value:31		0
InInt/match_before_bad	2	08904e1a3008011208800000000000000120002a1e080810800118ffffffffffffffffff012000283f320662696e617279400038001a3008011208800000000000000120002a1e080810800118ffffffffffffffffff012000283f320662696e617279400038001a6208904e1a3908051207696e76616c696420002a2808fd01100018ffffffffffffffffff0120ffffffffffffffffff01282e3207757466386d623440003800201e2a1e080810800118ffffffffffffffffff012000283f320662696e6172794000380020a11f2a1e080810800118ffffffffffffffffff012000283f320662696e61727940003800	value:31		0
InInt/match_before_bad	1	08904e1a3008011208800000000000000120002a1e080810800118ffffffffffffffffff012000283f320662696e617279400038001a3008011208800000000000000120002a1e080810800118ffffffffffffffffff012000283f320662696e617279400038001a6208904e1a3908051207696e76616c696420002a2808fd01100018ffffffffffffffffff0120ffffffffffffffffff01282e3207757466386d623440003800201e2a1e080810800118ffffffffffffffffff012000283f320662696e6172794000380020a11f2a1e080810800118ffffffffffffffffff012000283f320662696e61727940003800	value:31		0
InString/normal	0	08904e1a33080512013120002a2808fd01100018ffffffffffffffffff0120ffffffffffffffffff01282e3207757466386d6234400038001a33080512013220002a2808fd01100018ffffffffffffffffff0120ffffffffffffffffff01282e3207757466386d6234400038001a33080512013120002a2808fd01100018ffffffffffffffffff0120ffffffffffffffffff01282e3207757466386d62344000380020a41f2a1e080810800118ffffffffffffffffff012000283f320662696e61727940003800	value:31		0
InString/normal	2	08904e1a33080512013120002a2808fd01100018ffffffffffffffffff0120ffffffffffffffffff01282e3207757466386d6234400038001a33080512013220002a2808fd01100018ffffffffffffffffff0120ffffffffffffffffff01282e3207757466386d6234400038001a33080512013120002a2808fd01100018ffffffffffffffffff0120ffffffffffffffffff01282e3207757466386d62344000380020a41f2a1e080810800118ffffffffffffffffff012000283f320662696e61727940003800	value:31		0
InString/normal	1	08904e1a33080512013120002a2808fd01100018ffffffffffffffffff0120ffffffffffffffffff01282e3207757466386d6234400038001a33080512013220002a2808fd01100018ffffffffffffffffff0120ffffffffffffffffff01282e3207757466386d6234400038001a33080512013120002a2808fd01100018ffffffffffffffffff0120ffffffffffffffffff01282e3207757466386d62344000380020a41f2a1e080810800118ffffffffffffffffff012000283f320662696e61727940003800	value:31		0
InString/match_before_bad	0	08904e1a33080512013120002a2808fd01100018ffffffffffffffffff0120ffffffffffffffffff01282e3207757466386d6234400038001a33080512013120002a2808fd01100018ffffffffffffffffff0120ffffffffffffffffff01282e3207757466386d6234400038001a6208904e1a3908051207696e76616c696420002a2808fd01100018ffffffffffffffffff0120ffffffffffffffffff01282e3207757466386d623440003800201e2a1e080810800118ffffffffffffffffff012000283f320662696e6172794000380020a41f2a1e080810800118ffffffffffffffffff012000283f320662696e61727940003800	value:31		0
InString/match_before_bad	2	08904e1a33080512013120002a2808fd01100018ffffffffffffffffff0120ffffffffffffffffff01282e3207757466386d6234400038001a33080512013120002a2808fd01100018ffffffffffffffffff0120ffffffffffffffffff01282e3207757466386d6234400038001a6208904e1a3908051207696e76616c696420002a2808fd01100018ffffffffffffffffff0120ffffffffffffffffff01282e3207757466386d623440003800201e2a1e080810800118ffffffffffffffffff012000283f320662696e6172794000380020a41f2a1e080810800118ffffffffffffffffff012000283f320662696e61727940003800	value:31		0
InString/match_before_bad	1	08904e1a33080512013120002a2808fd01100018ffffffffffffffffff0120ffffffffffffffffff01282e3207757466386d6234400038001a33080512013120002a2808fd01100018ffffffffffffffffff0120ffffffffffffffffff01282e3207757466386d6234400038001a6208904e1a3908051207696e76616c696420002a2808fd01100018ffffffffffffffffff0120ffffffffffffffffff01282e3207757466386d623440003800201e2a1e080810800118ffffffffffffffffff012000283f320662696e6172794000380020a41f2a1e080810800118ffffffffffffffffff012000283f320662696e61727940003800	value:31		0
Conv/15	0	08904e1a3408051202313520002a2808fd01100018ffffffffffffffffff0120ffffffffffffffffff01282e3207757466386d6234400038001a3008011208800000000000000a20002a1e080810800118ffffffffffffffffff012000283f320662696e617279400038001a3008011208800000000000001020002a1e080810800118ffffffffffffffffff012000283f320662696e6172794000380020da102a2808fd01100018ffffffffffffffffff0120ffffffffffffffffff01282e3207757466386d623440003800	value:46		0
Conv/15	2	08904e1a3408051202313520002a2808fd01100018ffffffffffffffffff0120ffffffffffffffffff01282e3207757466386d6234400038001a3008011208800000000000000a20002a1e080810800118ffffffffffffffffff012000283f320662696e617279400038001a3008011208800000000000001020002a1e080810800118ffffffffffffffffff012000283f320662696e6172794000380020da102a2808fd01100018ffffffffffffffffff0120ffffffffffffffffff01282e3207757466386d623440003800	value:46		0
Conv/15	1	08904e1a3408051202313520002a2808fd01100018ffffffffffffffffff0120ffffffffffffffffff01282e3207757466386d6234400038001a3008011208800000000000000a20002a1e080810800118ffffffffffffffffff012000283f320662696e617279400038001a3008011208800000000000001020002a1e080810800118ffffffffffffffffff012000283f320662696e6172794000380020da102a2808fd01100018ffffffffffffffffff0120ffffffffffffffffff01282e3207757466386d623440003800	value:46		0
Conv/invalid	0	08904e1a3908051207696e76616c696420002a2808fd01100018ffffffffffffffffff0120ffffffffffffffffff01282e3207757466386d6234400038001a3008011208800000000000000a20002a1e080810800118ffffffffffffffffff012000283f320662696e617279400038001a3008011208800000000000001020002a1e080810800118ffffffffffffffffff012000283f320662696e6172794000380020da102a2808fd01100018ffffffffffffffffff0120ffffffffffffffffff01282e3207757466386d623440003800	value:30		0
Conv/invalid	2	08904e1a3908051207696e76616c696420002a2808fd01100018ffffffffffffffffff0120ffffffffffffffffff01282e3207757466386d6234400038001a3008011208800000000000000a20002a1e080810800118ffffffffffffffffff012000283f320662696e617279400038001a3008011208800000000000001020002a1e080810800118ffffffffffffffffff012000283f320662696e6172794000380020da102a2808fd01100018ffffffffffffffffff0120ffffffffffffffffff01282e3207757466386d623440003800	value:30		0
Conv/invalid	1	08904e1a3908051207696e76616c696420002a2808fd01100018ffffffffffffffffff0120ffffffffffffffffff01282e3207757466386d6234400038001a3008011208800000000000000a20002a1e080810800118ffffffffffffffffff012000283f320662696e617279400038001a3008011208800000000000001020002a1e080810800118ffffffffffffffffff012000283f320662696e6172794000380020da102a2808fd01100018ffffffffffffffffff0120ffffffffffffffffff01282e3207757466386d623440003800	value:30		0
Conv/-1	0	08904e1a34080512022d3120002a2808fd01100018ffffffffffffffffff0120ffffffffffffffffff01282e3207757466386d6234400038001a3008011208800000000000000a20002a1e080810800118ffffffffffffffffff012000283f320662696e617279400038001a3008011208800000000000001020002a1e080810800118ffffffffffffffffff012000283f320662696e6172794000380020da102a2808fd01100018ffffffffffffffffff0120ffffffffffffffffff01282e3207757466386d623440003800	value:46464646464646464646464646464646		0
Conv/-1	2	08904e1a34080512022d3120002a2808fd01100018ffffffffffffffffff0120ffffffffffffffffff01282e3207757466386d6234400038001a3008011208800000000000000a20002a1e080810800118ffffffffffffffffff012000283f320662696e617279400038001a3008011208800000000000001020002a1e080810800118ffffffffffffffffff012000283f320662696e6172794000380020da102a2808fd01100018ffffffffffffffffff0120ffffffffffffffffff01282e3207757466386d623440003800	value:46464646464646464646464646464646		0
Conv/-1	1	08904e1a34080512022d3120002a2808fd01100018ffffffffffffffffff0120ffffffffffffffffff01282e3207757466386d6234400038001a3008011208800000000000000a20002a1e080810800118ffffffffffffffffff012000283f320662696e617279400038001a3008011208800000000000001020002a1e080810800118ffffffffffffffffff012000283f320662696e6172794000380020da102a2808fd01100018ffffffffffffffffff0120ffffffffffffffffff01282e3207757466386d623440003800	value:46464646464646464646464646464646		0
PI/normal	0	08904e20e6102a27080510800118ffffffffffffffffff0120ffffffffffffffffff01283f320662696e61727940003800	real:400921fb54442d18		0
PI/normal	2	08904e20e6102a27080510800118ffffffffffffffffff0120ffffffffffffffffff01283f320662696e61727940003800	real:400921fb54442d18		0
PI/normal	1	08904e20e6102a27080510800118ffffffffffffffffff0120ffffffffffffffffff01283f320662696e61727940003800	real:400921fb54442d18		0
LikeSig/normal	0	08904e1a3508051203c3a96120002a2808fd01100018ffffffffffffffffff0120ffffffffffffffffff01282e3207757466386d6234400038001a34080512025f6120002a2808fd01100018ffffffffffffffffff0120ffffffffffffffffff01282e3207757466386d6234400038001a3008011208800000000000005c20002a1e080810800118ffffffffffffffffff012000283f320662696e6172794000380020d6212a1e080810800118ffffffffffffffffff012000283f320662696e61727940003800	value:30		0
LikeSig/normal	2	08904e1a3508051203c3a96120002a2808fd01100018ffffffffffffffffff0120ffffffffffffffffff01282e3207757466386d6234400038001a34080512025f6120002a2808fd01100018ffffffffffffffffff0120ffffffffffffffffff01282e3207757466386d6234400038001a3008011208800000000000005c20002a1e080810800118ffffffffffffffffff012000283f320662696e6172794000380020d6212a1e080810800118ffffffffffffffffff012000283f320662696e61727940003800	value:30		0
LikeSig/normal	1	08904e1a3508051203c3a96120002a2808fd01100018ffffffffffffffffff0120ffffffffffffffffff01282e3207757466386d6234400038001a34080512025f6120002a2808fd01100018ffffffffffffffffff0120ffffffffffffffffff01282e3207757466386d6234400038001a3008011208800000000000005c20002a1e080810800118ffffffffffffffffff012000283f320662696e6172794000380020d6212a1e080810800118ffffffffffffffffff012000283f320662696e61727940003800	value:30		0
RegexpLikeSig/a	0	08904e1a350805120361626320002a2808fd01100018ffffffffffffffffff0120ffffffffffffffffff01282e3207757466386d6234400038001a33080512016120002a2808fd01100018ffffffffffffffffff0120ffffffffffffffffff01282e3207757466386d6234400038001a33080512016920002a2808fd01100018ffffffffffffffffff0120ffffffffffffffffff01282e3207757466386d62344000380020d9212a1e080810800118ffffffffffffffffff012000283f320662696e61727940003800	value:31		0
RegexpLikeSig/a	2	08904e1a350805120361626320002a2808fd01100018ffffffffffffffffff0120ffffffffffffffffff01282e3207757466386d6234400038001a33080512016120002a2808fd01100018ffffffffffffffffff0120ffffffffffffffffff01282e3207757466386d6234400038001a33080512016920002a2808fd01100018ffffffffffffffffff0120ffffffffffffffffff01282e3207757466386d62344000380020d9212a1e080810800118ffffffffffffffffff012000283f320662696e61727940003800	value:31		0
RegexpLikeSig/a	1	08904e1a350805120361626320002a2808fd01100018ffffffffffffffffff0120ffffffffffffffffff01282e3207757466386d6234400038001a33080512016120002a2808fd01100018ffffffffffffffffff0120ffffffffffffffffff01282e3207757466386d6234400038001a33080512016920002a2808fd01100018ffffffffffffffffff0120ffffffffffffffffff01282e3207757466386d62344000380020d9212a1e080810800118ffffffffffffffffff012000283f320662696e61727940003800	value:31		0
RegexpLikeSig/[	0	08904e1a350805120361626320002a2808fd01100018ffffffffffffffffff0120ffffffffffffffffff01282e3207757466386d6234400038001a33080512015b20002a2808fd01100018ffffffffffffffffff0120ffffffffffffffffff01282e3207757466386d6234400038001a33080512016920002a2808fd01100018ffffffffffffffffff0120ffffffffffffffffff01282e3207757466386d62344000380020d9212a1e080810800118ffffffffffffffffff012000283f320662696e61727940003800	error	5b65787072657373696f6e3a313133395d476f74206572726f7220276572726f722070617273696e67207265676578703a206d697373696e6720636c6f73696e67205d3a20605b60272066726f6d20726567657870	0
RegexpLikeSig/[	2	08904e1a350805120361626320002a2808fd01100018ffffffffffffffffff0120ffffffffffffffffff01282e3207757466386d6234400038001a33080512015b20002a2808fd01100018ffffffffffffffffff0120ffffffffffffffffff01282e3207757466386d6234400038001a33080512016920002a2808fd01100018ffffffffffffffffff0120ffffffffffffffffff01282e3207757466386d62344000380020d9212a1e080810800118ffffffffffffffffff012000283f320662696e61727940003800	error	5b65787072657373696f6e3a313133395d476f74206572726f7220276572726f722070617273696e67207265676578703a206d697373696e6720636c6f73696e67205d3a20605b60272066726f6d20726567657870	0
RegexpLikeSig/[	1	08904e1a350805120361626320002a2808fd01100018ffffffffffffffffff0120ffffffffffffffffff01282e3207757466386d6234400038001a33080512015b20002a2808fd01100018ffffffffffffffffff0120ffffffffffffffffff01282e3207757466386d6234400038001a33080512016920002a2808fd01100018ffffffffffffffffff0120ffffffffffffffffff01282e3207757466386d62344000380020d9212a1e080810800118ffffffffffffffffff012000283f320662696e61727940003800	error	5b65787072657373696f6e3a313133395d476f74206572726f7220276572726f722070617273696e67207265676578703a206d697373696e6720636c6f73696e67205d3a20605b60272066726f6d20726567657870	0
Date/normal	0	08904e1a30086b120819b244310501e07820002a1e080c10800118ffffffffffffffffff012003283f320662696e6172794000380020fc2e2a1e080c10800118ffffffffffffffffff012003283f320662696e61727940003800	value:323032342d30312d3032		0
Date/normal	2	08904e1a30086b120819b244310501e07820002a1e080c10800118ffffffffffffffffff012003283f320662696e6172794000380020fc2e2a1e080c10800118ffffffffffffffffff012003283f320662696e61727940003800	value:323032342d30312d3032		0
Date/normal	1	08904e1a30086b120819b244310501e07820002a1e080c10800118ffffffffffffffffff012003283f320662696e6172794000380020fc2e2a1e080c10800118ffffffffffffffffff012003283f320662696e61727940003800	value:323032342d30312d3032		0
Month/normal	0	08904e1a30086b120819b244310501e07820002a1e080c10800118ffffffffffffffffff012003283f320662696e6172794000380020812f2a1e080810800118ffffffffffffffffff012000283f320662696e61727940003800	value:31		0
Month/normal	2	08904e1a30086b120819b244310501e07820002a1e080c10800118ffffffffffffffffff012003283f320662696e6172794000380020812f2a1e080810800118ffffffffffffffffff012000283f320662696e61727940003800	value:31		0
Month/normal	1	08904e1a30086b120819b244310501e07820002a1e080c10800118ffffffffffffffffff012003283f320662696e6172794000380020812f2a1e080810800118ffffffffffffffffff012000283f320662696e61727940003800	value:31		0
WeekWithoutMode/normal	0	08904e1a30086b120819b244310501e07820002a1e080c10800118ffffffffffffffffff012003283f320662696e61727940003800208a2f2a1e080810800118ffffffffffffffffff012000283f320662696e61727940003800	value:30		0
WeekWithoutMode/normal	2	08904e1a30086b120819b244310501e07820002a1e080c10800118ffffffffffffffffff012003283f320662696e61727940003800208a2f2a1e080810800118ffffffffffffffffff012000283f320662696e61727940003800	value:30		0
WeekWithoutMode/normal	1	08904e1a30086b120819b244310501e07820002a1e080c10800118ffffffffffffffffff012003283f320662696e61727940003800208a2f2a1e080810800118ffffffffffffffffff012000283f320662696e61727940003800	value:30		0
UnixTimestampInt/normal	0	08904e1a30086b120819b244310501e07820002a1e080c10800118ffffffffffffffffff012003283f320662696e6172794000380020b22f2a1e080810800118ffffffffffffffffff012000283f320662696e61727940003800	value:31373034313634363435		0
UnixTimestampInt/normal	2	08904e1a30086b120819b244310501e07820002a1e080c10800118ffffffffffffffffff012003283f320662696e6172794000380020b22f2a1e080810800118ffffffffffffffffff012000283f320662696e61727940003800	value:31373034313634363435		0
UnixTimestampInt/normal	1	08904e1a30086b120819b244310501e07820002a1e080c10800118ffffffffffffffffff012003283f320662696e6172794000380020b22f2a1e080810800118ffffffffffffffffff012000283f320662696e61727940003800	value:31373034313634363435		0
UnixTimestampDec/normal	0	08904e1a30086b120819b244310501e07820002a1e080c10800118ffffffffffffffffff012003283f320662696e6172794000380020b32f2a1608f601108001180a2002283f320662696e61727940003800	value:313730343136343634352e3132		0
UnixTimestampDec/normal	2	08904e1a30086b120819b244310501e07820002a1e080c10800118ffffffffffffffffff012003283f320662696e6172794000380020b32f2a1608f601108001180a2002283f320662696e61727940003800	value:313730343136343634352e3132		0
UnixTimestampDec/normal	1	08904e1a30086b120819b244310501e07820002a1e080c10800118ffffffffffffffffff012003283f320662696e6172794000380020b32f2a1608f601108001180a2002283f320662696e61727940003800	value:313730343136343634352e3132		0
Hour/1500000000	0	08904e1a30086712088000000059682f0020002a1e080b10800118ffffffffffffffffff012003283f320662696e6172794000380020fd2e2a1e080810800118ffffffffffffffffff012000283f320662696e61727940003800	value:30		0
Hour/1500000000	2	08904e1a30086712088000000059682f0020002a1e080b10800118ffffffffffffffffff012003283f320662696e6172794000380020fd2e2a1e080810800118ffffffffffffffffff012000283f320662696e61727940003800	value:30		0
Hour/1500000000	1	08904e1a30086712088000000059682f0020002a1e080b10800118ffffffffffffffffff012003283f320662696e6172794000380020fd2e2a1e080810800118ffffffffffffffffff012000283f320662696e61727940003800	value:30		0
Hour/-1500000000	0	08904e1a30086712087fffffffa697d10020002a1e080b10800118ffffffffffffffffff012003283f320662696e6172794000380020fd2e2a1e080810800118ffffffffffffffffff012000283f320662696e61727940003800	value:30		0
Hour/-1500000000	2	08904e1a30086712087fffffffa697d10020002a1e080b10800118ffffffffffffffffff012003283f320662696e6172794000380020fd2e2a1e080810800118ffffffffffffffffff012000283f320662696e61727940003800	value:30		0
Hour/-1500000000	1	08904e1a30086712087fffffffa697d10020002a1e080b10800118ffffffffffffffffff012003283f320662696e6172794000380020fd2e2a1e080810800118ffffffffffffffffff012000283f320662696e61727940003800	value:30		0
Minute/1500000000	0	08904e1a30086712088000000059682f0020002a1e080b10800118ffffffffffffffffff012003283f320662696e6172794000380020fe2e2a1e080810800118ffffffffffffffffff012000283f320662696e61727940003800	value:30		0
Minute/1500000000	2	08904e1a30086712088000000059682f0020002a1e080b10800118ffffffffffffffffff012003283f320662696e6172794000380020fe2e2a1e080810800118ffffffffffffffffff012000283f320662696e61727940003800	value:30		0
Minute/1500000000	1	08904e1a30086712088000000059682f0020002a1e080b10800118ffffffffffffffffff012003283f320662696e6172794000380020fe2e2a1e080810800118ffffffffffffffffff012000283f320662696e61727940003800	value:30		0
Minute/-1500000000	0	08904e1a30086712087fffffffa697d10020002a1e080b10800118ffffffffffffffffff012003283f320662696e6172794000380020fe2e2a1e080810800118ffffffffffffffffff012000283f320662696e61727940003800	value:30		0
Minute/-1500000000	2	08904e1a30086712087fffffffa697d10020002a1e080b10800118ffffffffffffffffff012003283f320662696e6172794000380020fe2e2a1e080810800118ffffffffffffffffff012000283f320662696e61727940003800	value:30		0
Minute/-1500000000	1	08904e1a30086712087fffffffa697d10020002a1e080b10800118ffffffffffffffffff012003283f320662696e6172794000380020fe2e2a1e080810800118ffffffffffffffffff012000283f320662696e61727940003800	value:30		0
Second/1500000000	0	08904e1a30086712088000000059682f0020002a1e080b10800118ffffffffffffffffff012003283f320662696e6172794000380020ff2e2a1e080810800118ffffffffffffffffff012000283f320662696e61727940003800	value:31		0
Second/1500000000	2	08904e1a30086712088000000059682f0020002a1e080b10800118ffffffffffffffffff012003283f320662696e6172794000380020ff2e2a1e080810800118ffffffffffffffffff012000283f320662696e61727940003800	value:31		0
Second/1500000000	1	08904e1a30086712088000000059682f0020002a1e080b10800118ffffffffffffffffff012003283f320662696e6172794000380020ff2e2a1e080810800118ffffffffffffffffff012000283f320662696e61727940003800	value:31		0
Second/-1500000000	0	08904e1a30086712087fffffffa697d10020002a1e080b10800118ffffffffffffffffff012003283f320662696e6172794000380020ff2e2a1e080810800118ffffffffffffffffff012000283f320662696e61727940003800	value:31		0
Second/-1500000000	2	08904e1a30086712087fffffffa697d10020002a1e080b10800118ffffffffffffffffff012003283f320662696e6172794000380020ff2e2a1e080810800118ffffffffffffffffff012000283f320662696e61727940003800	value:31		0
Second/-1500000000	1	08904e1a30086712087fffffffa697d10020002a1e080b10800118ffffffffffffffffff012003283f320662696e6172794000380020ff2e2a1e080810800118ffffffffffffffffff012000283f320662696e61727940003800	value:31		0
MicroSecond/1500000000	0	08904e1a30086712088000000059682f0020002a1e080b10800118ffffffffffffffffff012003283f320662696e6172794000380020802f2a1e080810800118ffffffffffffffffff012000283f320662696e61727940003800	value:353030303030		0
MicroSecond/1500000000	2	08904e1a30086712088000000059682f0020002a1e080b10800118ffffffffffffffffff012003283f320662696e6172794000380020802f2a1e080810800118ffffffffffffffffff012000283f320662696e61727940003800	value:353030303030		0
MicroSecond/1500000000	1	08904e1a30086712088000000059682f0020002a1e080b10800118ffffffffffffffffff012003283f320662696e6172794000380020802f2a1e080810800118ffffffffffffffffff012000283f320662696e61727940003800	value:353030303030		0
MicroSecond/-1500000000	0	08904e1a30086712087fffffffa697d10020002a1e080b10800118ffffffffffffffffff012003283f320662696e6172794000380020802f2a1e080810800118ffffffffffffffffff012000283f320662696e61727940003800	value:353030303030		0
MicroSecond/-1500000000	2	08904e1a30086712087fffffffa697d10020002a1e080b10800118ffffffffffffffffff012003283f320662696e6172794000380020802f2a1e080810800118ffffffffffffffffff012000283f320662696e61727940003800	value:353030303030		0
MicroSecond/-1500000000	1	08904e1a30086712087fffffffa697d10020002a1e080b10800118ffffffffffffffffff012003283f320662696e6172794000380020802f2a1e080810800118ffffffffffffffffff012000283f320662696e61727940003800	value:353030303030		0
DateFormatSig/normal	0	08904e1a30086b120819b244310501e07820002a1e080c10800118ffffffffffffffffff012003283f320662696e617279400038001a460805121425592d256d2d25642025483a25693a25732e256620002a2808fd01100018ffffffffffffffffff0120ffffffffffffffffff01282e3207757466386d62344000380020f12e2a2808fd01100018ffffffffffffffffff0120ffffffffffffffffff01282e3207757466386d623440003800	value:323032342d30312d30322030333a30343a30352e313233303030		0
DateFormatSig/normal	2	08904e1a30086b120819b244310501e07820002a1e080c10800118ffffffffffffffffff012003283f320662696e617279400038001a460805121425592d256d2d25642025483a25693a25732e256620002a2808fd01100018ffffffffffffffffff0120ffffffffffffffffff01282e3207757466386d62344000380020f12e2a2808fd01100018ffffffffffffffffff0120ffffffffffffffffff01282e3207757466386d623440003800	value:323032342d30312d30322030333a30343a30352e313233303030		0
DateFormatSig/normal	1	08904e1a30086b120819b244310501e07820002a1e080c10800118ffffffffffffffffff012003283f320662696e617279400038001a460805121425592d256d2d25642025483a25693a25732e256620002a2808fd01100018ffffffffffffffffff0120ffffffffffffffffff01282e3207757466386d62344000380020f12e2a2808fd01100018ffffffffffffffffff0120ffffffffffffffffff01282e3207757466386d623440003800	value:323032342d30312d30322030333a30343a30352e313233303030		0
TimestampDiff/normal	0	08904e1a350805120344415920002a2808fd01100018ffffffffffffffffff0120ffffffffffffffffff01282e3207757466386d6234400038001a30086b120819b244310501e07820002a1e080c10800118ffffffffffffffffff012003283f320662696e617279400038001a30086b120819b244310501e07820002a1e080c10800118ffffffffffffffffff012003283f320662696e6172794000380020dc2f2a1e080810800118ffffffffffffffffff012000283f320662696e61727940003800	value:30		0
TimestampDiff/normal	2	08904e1a350805120344415920002a2808fd01100018ffffffffffffffffff0120ffffffffffffffffff01282e3207757466386d6234400038001a30086b120819b244310501e07820002a1e080c10800118ffffffffffffffffff012003283f320662696e617279400038001a30086b120819b244310501e07820002a1e080c10800118ffffffffffffffffff012003283f320662696e6172794000380020dc2f2a1e080810800118ffffffffffffffffff012000283f320662696e61727940003800	value:30		0
TimestampDiff/normal	1	08904e1a350805120344415920002a2808fd01100018ffffffffffffffffff0120ffffffffffffffffff01282e3207757466386d6234400038001a30086b120819b244310501e07820002a1e080c10800118ffffffffffffffffff012003283f320662696e617279400038001a30086b120819b244310501e07820002a1e080c10800118ffffffffffffffffff012003283f320662696e6172794000380020dc2f2a1e080810800118ffffffffffffffffff012000283f320662696e61727940003800	value:30		0
FromUnixTime1Arg/1.5	0	08904e1a24086612040201810520002a1608f601108001180a2002283f320662696e6172794000380020c82f2a1e080c10800118ffffffffffffffffff012003283f320662696e61727940003800	value:313937302d30312d30312030303a30303a30312e353030		0
FromUnixTime1Arg/1.5	2	08904e1a24086612040201810520002a1608f601108001180a2002283f320662696e6172794000380020c82f2a1e080c10800118ffffffffffffffffff012003283f320662696e61727940003800	value:313937302d30312d30312030303a30303a30312e353030		0
FromUnixTime1Arg/1.5	1	08904e1a24086612040201810520002a1608f601108001180a2002283f320662696e6172794000380020c82f2a1e080c10800118ffffffffffffffffff012003283f320662696e61727940003800	value:313937302d30312d30312030303a30303a30312e353030		0
FromUnixTime1Arg/-1	0	08904e1a230866120301007e20002a1608f601108001180a2002283f320662696e6172794000380020c82f2a1e080c10800118ffffffffffffffffff012003283f320662696e61727940003800	null		0
FromUnixTime1Arg/-1	2	08904e1a230866120301007e20002a1608f601108001180a2002283f320662696e6172794000380020c82f2a1e080c10800118ffffffffffffffffff012003283f320662696e61727940003800	null		0
FromUnixTime1Arg/-1	1	08904e1a230866120301007e20002a1608f601108001180a2002283f320662696e6172794000380020c82f2a1e080c10800118ffffffffffffffffff012003283f320662696e61727940003800	null		0
FromUnixTime1Arg/2147483648	0	08904e1a27086612070a008208ca6c0020002a1608f601108001180a2002283f320662696e6172794000380020c82f2a1e080c10800118ffffffffffffffffff012003283f320662696e61727940003800	value:323033382d30312d31392030333a31343a30382e303030		0
FromUnixTime1Arg/2147483648	2	08904e1a27086612070a008208ca6c0020002a1608f601108001180a2002283f320662696e6172794000380020c82f2a1e080c10800118ffffffffffffffffff012003283f320662696e61727940003800	value:323033382d30312d31392030333a31343a30382e303030		0
FromUnixTime1Arg/2147483648	1	08904e1a27086612070a008208ca6c0020002a1608f601108001180a2002283f320662696e6172794000380020c82f2a1e080c10800118ffffffffffffffffff012003283f320662696e61727940003800	value:323033382d30312d31392030333a31343a30382e303030		0
FromUnixTime2Arg/1.5	0	08904e1a24086612040201810520002a1608f601108001180a2002283f320662696e617279400038001a460805121425592d256d2d25642025483a25693a25732e256620002a2808fd01100018ffffffffffffffffff0120ffffffffffffffffff01282e3207757466386d62344000380020c92f2a2808fd01100018ffffffffffffffffff0120ffffffffffffffffff01282e3207757466386d623440003800	value:313937302d30312d30312030303a30303a30312e353030303030		0
FromUnixTime2Arg/1.5	2	08904e1a24086612040201810520002a1608f601108001180a2002283f320662696e617279400038001a460805121425592d256d2d25642025483a25693a25732e256620002a2808fd01100018ffffffffffffffffff0120ffffffffffffffffff01282e3207757466386d62344000380020c92f2a2808fd01100018ffffffffffffffffff0120ffffffffffffffffff01282e3207757466386d623440003800	value:313937302d30312d30312030303a30303a30312e353030303030		0
FromUnixTime2Arg/1.5	1	08904e1a24086612040201810520002a1608f601108001180a2002283f320662696e617279400038001a460805121425592d256d2d25642025483a25693a25732e256620002a2808fd01100018ffffffffffffffffff0120ffffffffffffffffff01282e3207757466386d62344000380020c92f2a2808fd01100018ffffffffffffffffff0120ffffffffffffffffff01282e3207757466386d623440003800	value:313937302d30312d30312030303a30303a30312e353030303030		0
FromUnixTime2Arg/-1	0	08904e1a230866120301007e20002a1608f601108001180a2002283f320662696e617279400038001a460805121425592d256d2d25642025483a25693a25732e256620002a2808fd01100018ffffffffffffffffff0120ffffffffffffffffff01282e3207757466386d62344000380020c92f2a2808fd01100018ffffffffffffffffff0120ffffffffffffffffff01282e3207757466386d623440003800	null		0
FromUnixTime2Arg/-1	2	08904e1a230866120301007e20002a1608f601108001180a2002283f320662696e617279400038001a460805121425592d256d2d25642025483a25693a25732e256620002a2808fd01100018ffffffffffffffffff0120ffffffffffffffffff01282e3207757466386d62344000380020c92f2a2808fd01100018ffffffffffffffffff0120ffffffffffffffffff01282e3207757466386d623440003800	null		0
FromUnixTime2Arg/-1	1	08904e1a230866120301007e20002a1608f601108001180a2002283f320662696e617279400038001a460805121425592d256d2d25642025483a25693a25732e256620002a2808fd01100018ffffffffffffffffff0120ffffffffffffffffff01282e3207757466386d62344000380020c92f2a2808fd01100018ffffffffffffffffff0120ffffffffffffffffff01282e3207757466386d623440003800	null		0
FromUnixTime2Arg/2147483648	0	08904e1a27086612070a008208ca6c0020002a1608f601108001180a2002283f320662696e617279400038001a460805121425592d256d2d25642025483a25693a25732e256620002a2808fd01100018ffffffffffffffffff0120ffffffffffffffffff01282e3207757466386d62344000380020c92f2a2808fd01100018ffffffffffffffffff0120ffffffffffffffffff01282e3207757466386d623440003800	value:323033382d30312d31392030333a31343a30382e303030303030		0
FromUnixTime2Arg/2147483648	2	08904e1a27086612070a008208ca6c0020002a1608f601108001180a2002283f320662696e617279400038001a460805121425592d256d2d25642025483a25693a25732e256620002a2808fd01100018ffffffffffffffffff0120ffffffffffffffffff01282e3207757466386d62344000380020c92f2a2808fd01100018ffffffffffffffffff0120ffffffffffffffffff01282e3207757466386d623440003800	value:323033382d30312d31392030333a31343a30382e303030303030		0
FromUnixTime2Arg/2147483648	1	08904e1a27086612070a008208ca6c0020002a1608f601108001180a2002283f320662696e617279400038001a460805121425592d256d2d25642025483a25693a25732e256620002a2808fd01100018ffffffffffffffffff0120ffffffffffffffffff01282e3207757466386d62344000380020c92f2a2808fd01100018ffffffffffffffffff0120ffffffffffffffffff01282e3207757466386d623440003800	value:323033382d30312d31392030333a31343a30382e303030303030		0
JsonMemberOfSig/normal	0	08904e1a3c086c120a0a09010000000000000020002a2808f501100018ffffffffffffffffff0120ffffffffffffffffff01282e3207757466386d6234400038001a56086c12240a0302000000220000000912000000091a0000000100000000000000020000000000000020002a2808f501100018ffffffffffffffffff0120ffffffffffffffffff01282e3207757466386d62344000380020a5272a1e080810800118ffffffffffffffffff012000283f320662696e61727940003800	value:31		0
JsonMemberOfSig/normal	2	08904e1a3c086c120a0a09010000000000000020002a2808f501100018ffffffffffffffffff0120ffffffffffffffffff01282e3207757466386d6234400038001a56086c12240a0302000000220000000912000000091a0000000100000000000000020000000000000020002a2808f501100018ffffffffffffffffff0120ffffffffffffffffff01282e3207757466386d62344000380020a5272a1e080810800118ffffffffffffffffff012000283f320662696e61727940003800	value:31		0
JsonMemberOfSig/normal	1	08904e1a3c086c120a0a09010000000000000020002a2808f501100018ffffffffffffffffff0120ffffffffffffffffff01282e3207757466386d6234400038001a56086c12240a0302000000220000000912000000091a0000000100000000000000020000000000000020002a2808f501100018ffffffffffffffffff0120ffffffffffffffffff01282e3207757466386d62344000380020a5272a1e080810800118ffffffffffffffffff012000283f320662696e61727940003800	value:31		0
JsonReplaceSig/normal	0	08904e1a50086c121e0a01010000001c000000130000000100091400000061010000000000000020002a2808f501100018ffffffffffffffffff0120ffffffffffffffffff01282e3207757466386d6234400038001a3508051203242e6120002a2808fd01100018ffffffffffffffffff0120ffffffffffffffffff01282e3207757466386d6234400038001a3c086c120a0a09020000000000000020002a2808f501100018ffffffffffffffffff0120ffffffffffffffffff01282e3207757466386d623440003800208e272a2808f501100018ffffffffffffffffff0120ffffffffffffffffff01282e3207757466386d623440003800	value:7b2261223a20327d		0
JsonReplaceSig/normal	2	08904e1a50086c121e0a01010000001c000000130000000100091400000061010000000000000020002a2808f501100018ffffffffffffffffff0120ffffffffffffffffff01282e3207757466386d6234400038001a3508051203242e6120002a2808fd01100018ffffffffffffffffff0120ffffffffffffffffff01282e3207757466386d6234400038001a3c086c120a0a09020000000000000020002a2808f501100018ffffffffffffffffff0120ffffffffffffffffff01282e3207757466386d623440003800208e272a2808f501100018ffffffffffffffffff0120ffffffffffffffffff01282e3207757466386d623440003800	value:7b2261223a20327d		0
JsonReplaceSig/normal	1	08904e1a50086c121e0a01010000001c000000130000000100091400000061010000000000000020002a2808f501100018ffffffffffffffffff0120ffffffffffffffffff01282e3207757466386d6234400038001a3508051203242e6120002a2808fd01100018ffffffffffffffffff0120ffffffffffffffffff01282e3207757466386d6234400038001a3c086c120a0a09020000000000000020002a2808f501100018ffffffffffffffffff0120ffffffffffffffffff01282e3207757466386d623440003800208e272a2808f501100018ffffffffffffffffff0120ffffffffffffffffff01282e3207757466386d623440003800	value:7b2261223a20327d		0
JsonReplaceSig/null_before_bad_path	0	08904e1a2f080020002a27080010800118ffffffffffffffffff0120ffffffffffffffffff01283f320662696e617279400038001a3a08051208626164207061746820002a2808fd01100018ffffffffffffffffff0120ffffffffffffffffff01282e3207757466386d6234400038001a6208904e1a3908051207696e76616c696420002a2808fd01100018ffffffffffffffffff0120ffffffffffffffffff01282e3207757466386d623440003800201e2a1e080810800118ffffffffffffffffff012000283f320662696e61727940003800208e272a2808f501100018ffffffffffffffffff0120ffffffffffffffffff01282e3207757466386d623440003800	null		0
JsonReplaceSig/null_before_bad_path	2	08904e1a2f080020002a27080010800118ffffffffffffffffff0120ffffffffffffffffff01283f320662696e617279400038001a3a08051208626164207061746820002a2808fd01100018ffffffffffffffffff0120ffffffffffffffffff01282e3207757466386d6234400038001a6208904e1a3908051207696e76616c696420002a2808fd01100018ffffffffffffffffff0120ffffffffffffffffff01282e3207757466386d623440003800201e2a1e080810800118ffffffffffffffffff012000283f320662696e61727940003800208e272a2808f501100018ffffffffffffffffff0120ffffffffffffffffff01282e3207757466386d623440003800	null		0
JsonReplaceSig/null_before_bad_path	1	08904e1a2f080020002a27080010800118ffffffffffffffffff0120ffffffffffffffffff01283f320662696e617279400038001a3a08051208626164207061746820002a2808fd01100018ffffffffffffffffff0120ffffffffffffffffff01282e3207757466386d6234400038001a6208904e1a3908051207696e76616c696420002a2808fd01100018ffffffffffffffffff0120ffffffffffffffffff01282e3207757466386d623440003800201e2a1e080810800118ffffffffffffffffff012000283f320662696e61727940003800208e272a2808f501100018ffffffffffffffffff0120ffffffffffffffffff01282e3207757466386d623440003800	null		0
JsonArrayAppendSig/normal	0	08904e1a50086c121e0a01010000001c000000130000000100091400000061010000000000000020002a2808f501100018ffffffffffffffffff0120ffffffffffffffffff01282e3207757466386d6234400038001a3508051203242e6120002a2808fd01100018ffffffffffffffffff0120ffffffffffffffffff01282e3207757466386d6234400038001a3c086c120a0a09020000000000000020002a2808f501100018ffffffffffffffffff0120ffffffffffffffffff01282e3207757466386d6234400038002095272a2808f501100018ffffffffffffffffff0120ffffffffffffffffff01282e3207757466386d623440003800	value:7b2261223a205b312c20325d7d		0
JsonArrayAppendSig/normal	2	08904e1a50086c121e0a01010000001c000000130000000100091400000061010000000000000020002a2808f501100018ffffffffffffffffff0120ffffffffffffffffff01282e3207757466386d6234400038001a3508051203242e6120002a2808fd01100018ffffffffffffffffff0120ffffffffffffffffff01282e3207757466386d6234400038001a3c086c120a0a09020000000000000020002a2808f501100018ffffffffffffffffff0120ffffffffffffffffff01282e3207757466386d6234400038002095272a2808f501100018ffffffffffffffffff0120ffffffffffffffffff01282e3207757466386d623440003800	value:7b2261223a205b312c20325d7d		0
JsonArrayAppendSig/normal	1	08904e1a50086c121e0a01010000001c000000130000000100091400000061010000000000000020002a2808f501100018ffffffffffffffffff0120ffffffffffffffffff01282e3207757466386d6234400038001a3508051203242e6120002a2808fd01100018ffffffffffffffffff0120ffffffffffffffffff01282e3207757466386d6234400038001a3c086c120a0a09020000000000000020002a2808f501100018ffffffffffffffffff0120ffffffffffffffffff01282e3207757466386d6234400038002095272a2808f501100018ffffffffffffffffff0120ffffffffffffffffff01282e3207757466386d623440003800	value:7b2261223a205b312c20325d7d		0
JsonArrayAppendSig/null_before_bad_path	0	08904e1a2f080020002a27080010800118ffffffffffffffffff0120ffffffffffffffffff01283f320662696e617279400038001a3a08051208626164207061746820002a2808fd01100018ffffffffffffffffff0120ffffffffffffffffff01282e3207757466386d6234400038001a6208904e1a3908051207696e76616c696420002a2808fd01100018ffffffffffffffffff0120ffffffffffffffffff01282e3207757466386d623440003800201e2a1e080810800118ffffffffffffffffff012000283f320662696e617279400038002095272a2808f501100018ffffffffffffffffff0120ffffffffffffffffff01282e3207757466386d623440003800	null		0
JsonArrayAppendSig/null_before_bad_path	2	08904e1a2f080020002a27080010800118ffffffffffffffffff0120ffffffffffffffffff01283f320662696e617279400038001a3a08051208626164207061746820002a2808fd01100018ffffffffffffffffff0120ffffffffffffffffff01282e3207757466386d6234400038001a6208904e1a3908051207696e76616c696420002a2808fd01100018ffffffffffffffffff0120ffffffffffffffffff01282e3207757466386d623440003800201e2a1e080810800118ffffffffffffffffff012000283f320662696e617279400038002095272a2808f501100018ffffffffffffffffff0120ffffffffffffffffff01282e3207757466386d623440003800	null		0
JsonArrayAppendSig/null_before_bad_path	1	08904e1a2f080020002a27080010800118ffffffffffffffffff0120ffffffffffffffffff01283f320662696e617279400038001a3a08051208626164207061746820002a2808fd01100018ffffffffffffffffff0120ffffffffffffffffff01282e3207757466386d6234400038001a6208904e1a3908051207696e76616c696420002a2808fd01100018ffffffffffffffffff0120ffffffffffffffffff01282e3207757466386d623440003800201e2a1e080810800118ffffffffffffffffff012000283f320662696e617279400038002095272a2808f501100018ffffffffffffffffff0120ffffffffffffffffff01282e3207757466386d623440003800	null		0
JsonMergePatchSig/normal	0	08904e1a50086c121e0a01010000001c000000130000000100091400000061010000000000000020002a2808f501100018ffffffffffffffffff0120ffffffffffffffffff01282e3207757466386d6234400038001a50086c121e0a01010000001c000000130000000100091400000061020000000000000020002a2808f501100018ffffffffffffffffff0120ffffffffffffffffff01282e3207757466386d6234400038002097272a2808f501100018ffffffffffffffffff0120ffffffffffffffffff01282e3207757466386d623440003800	value:7b2261223a20327d		0
JsonMergePatchSig/normal	2	08904e1a50086c121e0a01010000001c000000130000000100091400000061010000000000000020002a2808f501100018ffffffffffffffffff0120ffffffffffffffffff01282e3207757466386d6234400038001a50086c121e0a01010000001c000000130000000100091400000061020000000000000020002a2808f501100018ffffffffffffffffff0120ffffffffffffffffff01282e3207757466386d6234400038002097272a2808f501100018ffffffffffffffffff0120ffffffffffffffffff01282e3207757466386d623440003800	value:7b2261223a20327d		0
JsonMergePatchSig/normal	1	08904e1a50086c121e0a01010000001c000000130000000100091400000061010000000000000020002a2808f501100018ffffffffffffffffff0120ffffffffffffffffff01282e3207757466386d6234400038001a50086c121e0a01010000001c000000130000000100091400000061020000000000000020002a2808f501100018ffffffffffffffffff0120ffffffffffffffffff01282e3207757466386d6234400038002097272a2808f501100018ffffffffffffffffff0120ffffffffffffffffff01282e3207757466386d623440003800	value:7b2261223a20327d		0
AddDateDatetimeDecimal/normal	0	08904e1a30086b120819b244310501e07820002a1e080c10800118ffffffffffffffffff012003283f320662696e617279400038001a24086612040201810520002a1608f601108001180a2002283f320662696e617279400038001a350805120344415920002a2808fd01100018ffffffffffffffffff0120ffffffffffffffffff01282e3207757466386d62344000380020ea2f2a1e080c10800118ffffffffffffffffff012003283f320662696e61727940003800	value:323032342d30312d30342030333a30343a30352e313233		0
AddDateDatetimeDecimal/normal	2	08904e1a30086b120819b244310501e07820002a1e080c10800118ffffffffffffffffff012003283f320662696e617279400038001a24086612040201810520002a1608f601108001180a2002283f320662696e617279400038001a350805120344415920002a2808fd01100018ffffffffffffffffff0120ffffffffffffffffff01282e3207757466386d62344000380020ea2f2a1e080c10800118ffffffffffffffffff012003283f320662696e61727940003800	value:323032342d30312d30342030333a30343a30352e313233		0
AddDateDatetimeDecimal/normal	1	08904e1a30086b120819b244310501e07820002a1e080c10800118ffffffffffffffffff012003283f320662696e617279400038001a24086612040201810520002a1608f601108001180a2002283f320662696e617279400038001a350805120344415920002a2808fd01100018ffffffffffffffffff0120ffffffffffffffffff01282e3207757466386d62344000380020ea2f2a1e080c10800118ffffffffffffffffff012003283f320662696e61727940003800	value:323032342d30312d30342030333a30343a30352e313233		0
AddDateDatetimeInt/normal	0	08904e1a30086b120819b244310501e07820002a1e080c10800118ffffffffffffffffff012003283f320662696e617279400038001a3008011208800000000000000120002a1e080810800118ffffffffffffffffff012000283f320662696e617279400038001a350805120344415920002a2808fd01100018ffffffffffffffffff0120ffffffffffffffffff01282e3207757466386d62344000380020d22f2a1e080c10800118ffffffffffffffffff012003283f320662696e61727940003800	value:323032342d30312d30332030333a30343a30352e313233		0
AddDateDatetimeInt/normal	2	08904e1a30086b120819b244310501e07820002a1e080c10800118ffffffffffffffffff012003283f320662696e617279400038001a3008011208800000000000000120002a1e080810800118ffffffffffffffffff012000283f320662696e617279400038001a350805120344415920002a2808fd01100018ffffffffffffffffff0120ffffffffffffffffff01282e3207757466386d62344000380020d22f2a1e080c10800118ffffffffffffffffff012003283f320662696e61727940003800	value:323032342d30312d30332030333a30343a30352e313233		0
AddDateDatetimeInt/normal	1	08904e1a30086b120819b244310501e07820002a1e080c10800118ffffffffffffffffff012003283f320662696e617279400038001a3008011208800000000000000120002a1e080810800118ffffffffffffffffff012000283f320662696e617279400038001a350805120344415920002a2808fd01100018ffffffffffffffffff0120ffffffffffffffffff01282e3207757466386d62344000380020d22f2a1e080c10800118ffffffffffffffffff012003283f320662696e61727940003800	value:323032342d30312d30332030333a30343a30352e313233		0
AddDateDatetimeReal/normal	0	08904e1a30086b120819b244310501e07820002a1e080c10800118ffffffffffffffffff012003283f320662696e617279400038001a3908041208bff800000000000020002a27080510800118ffffffffffffffffff0120ffffffffffffffffff01283f320662696e617279400038001a350805120344415920002a2808fd01100018ffffffffffffffffff0120ffffffffffffffffff01282e3207757466386d62344000380020e92f2a1e080c10800118ffffffffffffffffff012003283f320662696e61727940003800	error	5b74797065733a313239325d5472756e636174656420696e636f727265637420312e352076616c75653a2027252173284d495353494e472927	0
AddDateDatetimeReal/normal	2	08904e1a30086b120819b244310501e07820002a1e080c10800118ffffffffffffffffff012003283f320662696e617279400038001a3908041208bff800000000000020002a27080510800118ffffffffffffffffff0120ffffffffffffffffff01283f320662696e617279400038001a350805120344415920002a2808fd01100018ffffffffffffffffff0120ffffffffffffffffff01282e3207757466386d62344000380020e92f2a1e080c10800118ffffffffffffffffff012003283f320662696e61727940003800	value:323032342d30312d30342030333a30343a30352e313233		1
AddDateDatetimeReal/normal	1	08904e1a30086b120819b244310501e07820002a1e080c10800118ffffffffffffffffff012003283f320662696e617279400038001a3908041208bff800000000000020002a27080510800118ffffffffffffffffff0120ffffffffffffffffff01283f320662696e617279400038001a350805120344415920002a2808fd01100018ffffffffffffffffff0120ffffffffffffffffff01282e3207757466386d62344000380020e92f2a1e080c10800118ffffffffffffffffff012003283f320662696e61727940003800	value:323032342d30312d30342030333a30343a30352e313233		0
AddDateDatetimeString/normal	0	08904e1a30086b120819b244310501e07820002a1e080c10800118ffffffffffffffffff012003283f320662696e617279400038001a3508051203312e3520002a2808fd01100018ffffffffffffffffff0120ffffffffffffffffff01282e3207757466386d6234400038001a350805120344415920002a2808fd01100018ffffffffffffffffff0120ffffffffffffffffff01282e3207757466386d62344000380020d12f2a1e080c10800118ffffffffffffffffff012003283f320662696e61727940003800	error	5b74797065733a313239325d5472756e636174656420696e636f727265637420444543494d414c2076616c75653a2027312e3527	0
AddDateDatetimeString/normal	2	08904e1a30086b120819b244310501e07820002a1e080c10800118ffffffffffffffffff012003283f320662696e617279400038001a3508051203312e3520002a2808fd01100018ffffffffffffffffff0120ffffffffffffffffff01282e3207757466386d6234400038001a350805120344415920002a2808fd01100018ffffffffffffffffff0120ffffffffffffffffff01282e3207757466386d62344000380020d12f2a1e080c10800118ffffffffffffffffff012003283f320662696e61727940003800	value:323032342d30312d30332030333a30343a30352e313233		1
AddDateDatetimeString/normal	1	08904e1a30086b120819b244310501e07820002a1e080c10800118ffffffffffffffffff012003283f320662696e617279400038001a3508051203312e3520002a2808fd01100018ffffffffffffffffff0120ffffffffffffffffff01282e3207757466386d6234400038001a350805120344415920002a2808fd01100018ffffffffffffffffff0120ffffffffffffffffff01282e3207757466386d62344000380020d12f2a1e080c10800118ffffffffffffffffff012003283f320662696e61727940003800	value:323032342d30312d30332030333a30343a30352e313233		0
AddDateDecimalDecimal/normal	0	08904e1a260866120608008134d6e620002a1608f601108001180a2002283f320662696e617279400038001a24086612040201810520002a1608f601108001180a2002283f320662696e617279400038001a350805120344415920002a2808fd01100018ffffffffffffffffff0120ffffffffffffffffff01282e3207757466386d62344000380020f72f2a1e080c10800118ffffffffffffffffff012003283f320662696e61727940003800	value:323032342d30312d3034		0
AddDateDecimalDecimal/normal	2	08904e1a260866120608008134d6e620002a1608f601108001180a2002283f320662696e617279400038001a24086612040201810520002a1608f601108001180a2002283f320662696e617279400038001a350805120344415920002a2808fd01100018ffffffffffffffffff0120ffffffffffffffffff01282e3207757466386d62344000380020f72f2a1e080c10800118ffffffffffffffffff012003283f320662696e61727940003800	value:323032342d30312d3034		0
AddDateDecimalDecimal/normal	1	08904e1a260866120608008134d6e620002a1608f601108001180a2002283f320662696e617279400038001a24086612040201810520002a1608f601108001180a2002283f320662696e617279400038001a350805120344415920002a2808fd01100018ffffffffffffffffff0120ffffffffffffffffff01282e3207757466386d62344000380020f72f2a1e080c10800118ffffffffffffffffff012003283f320662696e61727940003800	value:323032342d30312d3034		0
AddDateDecimalInt/normal	0	08904e1a260866120608008134d6e620002a1608f601108001180a2002283f320662696e617279400038001a3008011208800000000000000120002a1e080810800118ffffffffffffffffff012000283f320662696e617279400038001a350805120344415920002a2808fd01100018ffffffffffffffffff0120ffffffffffffffffff01282e3207757466386d62344000380020f52f2a1e080c10800118ffffffffffffffffff012003283f320662696e61727940003800	value:323032342d30312d3033		0
AddDateDecimalInt/normal	2	08904e1a260866120608008134d6e620002a1608f601108001180a2002283f320662696e617279400038001a3008011208800000000000000120002a1e080810800118ffffffffffffffffff012000283f320662696e617279400038001a350805120344415920002a2808fd01100018ffffffffffffffffff0120ffffffffffffffffff01282e3207757466386d62344000380020f52f2a1e080c10800118ffffffffffffffffff012003283f320662696e61727940003800	value:323032342d30312d3033		0
AddDateDecimalInt/normal	1	08904e1a260866120608008134d6e620002a1608f601108001180a2002283f320662696e617279400038001a3008011208800000000000000120002a1e080810800118ffffffffffffffffff012000283f320662696e617279400038001a350805120344415920002a2808fd01100018ffffffffffffffffff0120ffffffffffffffffff01282e3207757466386d62344000380020f52f2a1e080c10800118ffffffffffffffffff012003283f320662696e61727940003800	value:323032342d30312d3033		0
AddDateDecimalReal/normal	0	08904e1a260866120608008134d6e620002a1608f601108001180a2002283f320662696e617279400038001a3908041208bff800000000000020002a27080510800118ffffffffffffffffff0120ffffffffffffffffff01283f320662696e617279400038001a350805120344415920002a2808fd01100018ffffffffffffffffff0120ffffffffffffffffff01282e3207757466386d62344000380020f62f2a1e080c10800118ffffffffffffffffff012003283f320662696e61727940003800	error	5b74797065733a313239325d5472756e636174656420696e636f727265637420312e352076616c75653a2027252173284d495353494e472927	0
AddDateDecimalReal/normal	2	08904e1a260866120608008134d6e620002a1608f601108001180a2002283f320662696e617279400038001a3908041208bff800000000000020002a27080510800118ffffffffffffffffff0120ffffffffffffffffff01283f320662696e617279400038001a350805120344415920002a2808fd01100018ffffffffffffffffff0120ffffffffffffffffff01282e3207757466386d62344000380020f62f2a1e080c10800118ffffffffffffffffff012003283f320662696e61727940003800	value:323032342d30312d3034		1
AddDateDecimalReal/normal	1	08904e1a260866120608008134d6e620002a1608f601108001180a2002283f320662696e617279400038001a3908041208bff800000000000020002a27080510800118ffffffffffffffffff0120ffffffffffffffffff01283f320662696e617279400038001a350805120344415920002a2808fd01100018ffffffffffffffffff0120ffffffffffffffffff01282e3207757466386d62344000380020f62f2a1e080c10800118ffffffffffffffffff012003283f320662696e61727940003800	value:323032342d30312d3034		0
AddDateDecimalString/normal	0	08904e1a260866120608008134d6e620002a1608f601108001180a2002283f320662696e617279400038001a3508051203312e3520002a2808fd01100018ffffffffffffffffff0120ffffffffffffffffff01282e3207757466386d6234400038001a350805120344415920002a2808fd01100018ffffffffffffffffff0120ffffffffffffffffff01282e3207757466386d62344000380020f42f2a1e080c10800118ffffffffffffffffff012003283f320662696e61727940003800	error	5b74797065733a313239325d5472756e636174656420696e636f727265637420444543494d414c2076616c75653a2027312e3527	0
AddDateDecimalString/normal	2	08904e1a260866120608008134d6e620002a1608f601108001180a2002283f320662696e617279400038001a3508051203312e3520002a2808fd01100018ffffffffffffffffff0120ffffffffffffffffff01282e3207757466386d6234400038001a350805120344415920002a2808fd01100018ffffffffffffffffff0120ffffffffffffffffff01282e3207757466386d62344000380020f42f2a1e080c10800118ffffffffffffffffff012003283f320662696e61727940003800	value:323032342d30312d3033		1
AddDateDecimalString/normal	1	08904e1a260866120608008134d6e620002a1608f601108001180a2002283f320662696e617279400038001a3508051203312e3520002a2808fd01100018ffffffffffffffffff0120ffffffffffffffffff01282e3207757466386d6234400038001a350805120344415920002a2808fd01100018ffffffffffffffffff0120ffffffffffffffffff01282e3207757466386d62344000380020f42f2a1e080c10800118ffffffffffffffffff012003283f320662696e61727940003800	value:323032342d30312d3033		0
AddDateDurationDecimal/normal	0	08904e1a30086712088000000059682f0020002a1e080b10800118ffffffffffffffffff012003283f320662696e617279400038001a24086612040201810520002a1608f601108001180a2002283f320662696e617279400038001a38080512065345434f4e4420002a2808fd01100018ffffffffffffffffff0120ffffffffffffffffff01282e3207757466386d62344000380020ee2f2a1e080c10800118ffffffffffffffffff012003283f320662696e61727940003800	value:30303a30303a30332e3030		0
AddDateDurationDecimal/normal	2	08904e1a30086712088000000059682f0020002a1e080b10800118ffffffffffffffffff012003283f320662696e617279400038001a24086612040201810520002a1608f601108001180a2002283f320662696e617279400038001a38080512065345434f4e4420002a2808fd01100018ffffffffffffffffff0120ffffffffffffffffff01282e3207757466386d62344000380020ee2f2a1e080c10800118ffffffffffffffffff012003283f320662696e61727940003800	value:30303a30303a30332e3030		0
AddDateDurationDecimal/normal	1	08904e1a30086712088000000059682f0020002a1e080b10800118ffffffffffffffffff012003283f320662696e617279400038001a24086612040201810520002a1608f601108001180a2002283f320662696e617279400038001a38080512065345434f4e4420002a2808fd01100018ffffffffffffffffff0120ffffffffffffffffff01282e3207757466386d62344000380020ee2f2a1e080c10800118ffffffffffffffffff012003283f320662696e61727940003800	value:30303a30303a30332e3030		0
AddDateDurationDecimalDatetime/normal	0	08904e1a30086712088000000059682f0020002a1e080b10800118ffffffffffffffffff012003283f320662696e617279400038001a24086612040201810520002a1608f601108001180a2002283f320662696e617279400038001a350805120344415920002a2808fd01100018ffffffffffffffffff0120ffffffffffffffffff01282e3207757466386d6234400038002083302a1e080c10800118ffffffffffffffffff012003283f320662696e61727940003800	value:323032362d30392d33302030303a30303a3031		0
AddDateDurationDecimalDatetime/normal	2	08904e1a30086712088000000059682f0020002a1e080b10800118ffffffffffffffffff012003283f320662696e617279400038001a24086612040201810520002a1608f601108001180a2002283f320662696e617279400038001a350805120344415920002a2808fd01100018ffffffffffffffffff0120ffffffffffffffffff01282e3207757466386d6234400038002083302a1e080c10800118ffffffffffffffffff012003283f320662696e61727940003800	value:323032362d30392d33302030303a30303a3031		0
AddDateDurationDecimalDatetime/normal	1	08904e1a30086712088000000059682f0020002a1e080b10800118ffffffffffffffffff012003283f320662696e617279400038001a24086612040201810520002a1608f601108001180a2002283f320662696e617279400038001a350805120344415920002a2808fd01100018ffffffffffffffffff0120ffffffffffffffffff01282e3207757466386d6234400038002083302a1e080c10800118ffffffffffffffffff012003283f320662696e61727940003800	value:323032362d30392d33302030303a30303a3031		0
AddDateDurationInt/normal	0	08904e1a30086712088000000059682f0020002a1e080b10800118ffffffffffffffffff012003283f320662696e617279400038001a3008011208800000000000000120002a1e080810800118ffffffffffffffffff012000283f320662696e617279400038001a38080512065345434f4e4420002a2808fd01100018ffffffffffffffffff0120ffffffffffffffffff01282e3207757466386d62344000380020ec2f2a1e080c10800118ffffffffffffffffff012003283f320662696e61727940003800	value:30303a30303a3032		0
AddDateDurationInt/normal	2	08904e1a30086712088000000059682f0020002a1e080b10800118ffffffffffffffffff012003283f320662696e617279400038001a3008011208800000000000000120002a1e080810800118ffffffffffffffffff012000283f320662696e617279400038001a38080512065345434f4e4420002a2808fd01100018ffffffffffffffffff0120ffffffffffffffffff01282e3207757466386d62344000380020ec2f2a1e080c10800118ffffffffffffffffff012003283f320662696e61727940003800	value:30303a30303a3032		0
AddDateDurationInt/normal	1	08904e1a30086712088000000059682f0020002a1e080b10800118ffffffffffffffffff012003283f320662696e617279400038001a3008011208800000000000000120002a1e080810800118ffffffffffffffffff012000283f320662696e617279400038001a38080512065345434f4e4420002a2808fd01100018ffffffffffffffffff0120ffffffffffffffffff01282e3207757466386d62344000380020ec2f2a1e080c10800118ffffffffffffffffff012003283f320662696e61727940003800	value:30303a30303a3032		0
AddDateDurationIntDatetime/normal	0	08904e1a30086712088000000059682f0020002a1e080b10800118ffffffffffffffffff012003283f320662696e617279400038001a3008011208800000000000000120002a1e080810800118ffffffffffffffffff012000283f320662696e617279400038001a350805120344415920002a2808fd01100018ffffffffffffffffff0120ffffffffffffffffff01282e3207757466386d6234400038002081302a1e080c10800118ffffffffffffffffff012003283f320662696e61727940003800	value:323032362d30392d32392030303a30303a3031		0
AddDateDurationIntDatetime/normal	2	08904e1a30086712088000000059682f0020002a1e080b10800118ffffffffffffffffff012003283f320662696e617279400038001a3008011208800000000000000120002a1e080810800118ffffffffffffffffff012000283f320662696e617279400038001a350805120344415920002a2808fd01100018ffffffffffffffffff0120ffffffffffffffffff01282e3207757466386d6234400038002081302a1e080c10800118ffffffffffffffffff012003283f320662696e61727940003800	value:323032362d30392d32392030303a30303a3031		0
AddDateDurationIntDatetime/normal	1	08904e1a30086712088000000059682f0020002a1e080b10800118ffffffffffffffffff012003283f320662696e617279400038001a3008011208800000000000000120002a1e080810800118ffffffffffffffffff012000283f320662696e617279400038001a350805120344415920002a2808fd01100018ffffffffffffffffff0120ffffffffffffffffff01282e3207757466386d6234400038002081302a1e080c10800118ffffffffffffffffff012003283f320662696e61727940003800	value:323032362d30392d32392030303a30303a3031		0
AddDateDurationReal/normal	0	08904e1a30086712088000000059682f0020002a1e080b10800118ffffffffffffffffff012003283f320662696e617279400038001a3908041208bff800000000000020002a27080510800118ffffffffffffffffff0120ffffffffffffffffff01283f320662696e617279400038001a38080512065345434f4e4420002a2808fd01100018ffffffffffffffffff0120ffffffffffffffffff01282e3207757466386d62344000380020ed2f2a1e080c10800118ffffffffffffffffff012003283f320662696e61727940003800	value:30303a30303a30332e303030303030		0
AddDateDurationReal/normal	2	08904e1a30086712088000000059682f0020002a1e080b10800118ffffffffffffffffff012003283f320662696e617279400038001a3908041208bff800000000000020002a27080510800118ffffffffffffffffff0120ffffffffffffffffff01283f320662696e617279400038001a38080512065345434f4e4420002a2808fd01100018ffffffffffffffffff0120ffffffffffffffffff01282e3207757466386d62344000380020ed2f2a1e080c10800118ffffffffffffffffff012003283f320662696e61727940003800	value:30303a30303a30332e303030303030		0
AddDateDurationReal/normal	1	08904e1a30086712088000000059682f0020002a1e080b10800118ffffffffffffffffff012003283f320662696e617279400038001a3908041208bff800000000000020002a27080510800118ffffffffffffffffff0120ffffffffffffffffff01283f320662696e617279400038001a38080512065345434f4e4420002a2808fd01100018ffffffffffffffffff0120ffffffffffffffffff01282e3207757466386d62344000380020ed2f2a1e080c10800118ffffffffffffffffff012003283f320662696e61727940003800	value:30303a30303a30332e303030303030		0
AddDateDurationRealDatetime/normal	0	08904e1a30086712088000000059682f0020002a1e080b10800118ffffffffffffffffff012003283f320662696e617279400038001a3908041208bff800000000000020002a27080510800118ffffffffffffffffff0120ffffffffffffffffff01283f320662696e617279400038001a350805120344415920002a2808fd01100018ffffffffffffffffff0120ffffffffffffffffff01282e3207757466386d6234400038002082302a1e080c10800118ffffffffffffffffff012003283f320662696e61727940003800	error	5b74797065733a313239325d5472756e636174656420696e636f727265637420312e352076616c75653a2027252173284d495353494e472927	0
AddDateDurationRealDatetime/normal	2	08904e1a30086712088000000059682f0020002a1e080b10800118ffffffffffffffffff012003283f320662696e617279400038001a3908041208bff800000000000020002a27080510800118ffffffffffffffffff0120ffffffffffffffffff01283f320662696e617279400038001a350805120344415920002a2808fd01100018ffffffffffffffffff0120ffffffffffffffffff01282e3207757466386d6234400038002082302a1e080c10800118ffffffffffffffffff012003283f320662696e61727940003800	value:323032362d30392d33302030303a30303a3031		1
AddDateDurationRealDatetime/normal	1	08904e1a30086712088000000059682f0020002a1e080b10800118ffffffffffffffffff012003283f320662696e617279400038001a3908041208bff800000000000020002a27080510800118ffffffffffffffffff0120ffffffffffffffffff01283f320662696e617279400038001a350805120344415920002a2808fd01100018ffffffffffffffffff0120ffffffffffffffffff01282e3207757466386d6234400038002082302a1e080c10800118ffffffffffffffffff012003283f320662696e61727940003800	value:323032362d30392d33302030303a30303a3031		0
AddDateDurationString/normal	0	08904e1a30086712088000000059682f0020002a1e080b10800118ffffffffffffffffff012003283f320662696e617279400038001a3508051203312e3520002a2808fd01100018ffffffffffffffffff0120ffffffffffffffffff01282e3207757466386d6234400038001a38080512065345434f4e4420002a2808fd01100018ffffffffffffffffff0120ffffffffffffffffff01282e3207757466386d62344000380020eb2f2a1e080c10800118ffffffffffffffffff012003283f320662696e61727940003800	value:30303a30303a30332e303030303030		0
AddDateDurationString/normal	2	08904e1a30086712088000000059682f0020002a1e080b10800118ffffffffffffffffff012003283f320662696e617279400038001a3508051203312e3520002a2808fd01100018ffffffffffffffffff0120ffffffffffffffffff01282e3207757466386d6234400038001a38080512065345434f4e4420002a2808fd01100018ffffffffffffffffff0120ffffffffffffffffff01282e3207757466386d62344000380020eb2f2a1e080c10800118ffffffffffffffffff012003283f320662696e61727940003800	value:30303a30303a30332e303030303030		0
AddDateDurationString/normal	1	08904e1a30086712088000000059682f0020002a1e080b10800118ffffffffffffffffff012003283f320662696e617279400038001a3508051203312e3520002a2808fd01100018ffffffffffffffffff0120ffffffffffffffffff01282e3207757466386d6234400038001a38080512065345434f4e4420002a2808fd01100018ffffffffffffffffff0120ffffffffffffffffff01282e3207757466386d62344000380020eb2f2a1e080c10800118ffffffffffffffffff012003283f320662696e61727940003800	value:30303a30303a30332e303030303030		0
AddDateDurationStringDatetime/normal	0	08904e1a30086712088000000059682f0020002a1e080b10800118ffffffffffffffffff012003283f320662696e617279400038001a3508051203312e3520002a2808fd01100018ffffffffffffffffff0120ffffffffffffffffff01282e3207757466386d6234400038001a350805120344415920002a2808fd01100018ffffffffffffffffff0120ffffffffffffffffff01282e3207757466386d6234400038002080302a1e080c10800118ffffffffffffffffff012003283f320662696e61727940003800	error	5b74797065733a313239325d5472756e636174656420696e636f727265637420444543494d414c2076616c75653a2027312e3527	0
AddDateDurationStringDatetime/normal	2	08904e1a30086712088000000059682f0020002a1e080b10800118ffffffffffffffffff012003283f320662696e617279400038001a3508051203312e3520002a2808fd01100018ffffffffffffffffff0120ffffffffffffffffff01282e3207757466386d6234400038001a350805120344415920002a2808fd01100018ffffffffffffffffff0120ffffffffffffffffff01282e3207757466386d6234400038002080302a1e080c10800118ffffffffffffffffff012003283f320662696e61727940003800	value:323032362d30392d32392030303a30303a3031		1
AddDateDurationStringDatetime/normal	1	08904e1a30086712088000000059682f0020002a1e080b10800118ffffffffffffffffff012003283f320662696e617279400038001a3508051203312e3520002a2808fd01100018ffffffffffffffffff0120ffffffffffffffffff01282e3207757466386d6234400038001a350805120344415920002a2808fd01100018ffffffffffffffffff0120ffffffffffffffffff01282e3207757466386d6234400038002080302a1e080c10800118ffffffffffffffffff012003283f320662696e61727940003800	value:323032362d30392d32392030303a30303a3031		0
AddDateIntDecimal/normal	0	08904e1a3008011208800000000134d6e620002a1e080810800118ffffffffffffffffff012000283f320662696e617279400038001a24086612040201810520002a1608f601108001180a2002283f320662696e617279400038001a350805120344415920002a2808fd01100018ffffffffffffffffff0120ffffffffffffffffff01282e3207757466386d62344000380020e82f2a1e080c10800118ffffffffffffffffff012003283f320662696e61727940003800	value:323032342d30312d3034		0
AddDateIntDecimal/normal	2	08904e1a3008011208800000000134d6e620002a1e080810800118ffffffffffffffffff012000283f320662696e617279400038001a24086612040201810520002a1608f601108001180a2002283f320662696e617279400038001a350805120344415920002a2808fd01100018ffffffffffffffffff0120ffffffffffffffffff01282e3207757466386d62344000380020e82f2a1e080c10800118ffffffffffffffffff012003283f320662696e61727940003800	value:323032342d30312d3034		0
AddDateIntDecimal/normal	1	08904e1a3008011208800000000134d6e620002a1e080810800118ffffffffffffffffff012000283f320662696e617279400038001a24086612040201810520002a1608f601108001180a2002283f320662696e617279400038001a350805120344415920002a2808fd01100018ffffffffffffffffff0120ffffffffffffffffff01282e3207757466386d62344000380020e82f2a1e080c10800118ffffffffffffffffff012003283f320662696e61727940003800	value:323032342d30312d3034		0
AddDateIntInt/normal	0	08904e1a3008011208800000000134d6e620002a1e080810800118ffffffffffffffffff012000283f320662696e617279400038001a3008011208800000000000000120002a1e080810800118ffffffffffffffffff012000283f320662696e617279400038001a350805120344415920002a2808fd01100018ffffffffffffffffff0120ffffffffffffffffff01282e3207757466386d62344000380020d02f2a1e080c10800118ffffffffffffffffff012003283f320662696e61727940003800	value:323032342d30312d3033		0
AddDateIntInt/normal	2	08904e1a3008011208800000000134d6e620002a1e080810800118ffffffffffffffffff012000283f320662696e617279400038001a3008011208800000000000000120002a1e080810800118ffffffffffffffffff012000283f320662696e617279400038001a350805120344415920002a2808fd01100018ffffffffffffffffff0120ffffffffffffffffff01282e3207757466386d62344000380020d02f2a1e080c10800118ffffffffffffffffff012003283f320662696e61727940003800	value:323032342d30312d3033		0
AddDateIntInt/normal	1	08904e1a3008011208800000000134d6e620002a1e080810800118ffffffffffffffffff012000283f320662696e617279400038001a3008011208800000000000000120002a1e080810800118ffffffffffffffffff012000283f320662696e617279400038001a350805120344415920002a2808fd01100018ffffffffffffffffff0120ffffffffffffffffff01282e3207757466386d62344000380020d02f2a1e080c10800118ffffffffffffffffff012003283f320662696e61727940003800	value:323032342d30312d3033		0
AddDateIntReal/normal	0	08904e1a3008011208800000000134d6e620002a1e080810800118ffffffffffffffffff012000283f320662696e617279400038001a3908041208bff800000000000020002a27080510800118ffffffffffffffffff0120ffffffffffffffffff01283f320662696e617279400038001a350805120344415920002a2808fd01100018ffffffffffffffffff0120ffffffffffffffffff01282e3207757466386d62344000380020e72f2a1e080c10800118ffffffffffffffffff012003283f320662696e61727940003800	error	5b74797065733a313239325d5472756e636174656420696e636f727265637420312e352076616c75653a2027252173284d495353494e472927	0
AddDateIntReal/normal	2	08904e1a3008011208800000000134d6e620002a1e080810800118ffffffffffffffffff012000283f320662696e617279400038001a3908041208bff800000000000020002a27080510800118ffffffffffffffffff0120ffffffffffffffffff01283f320662696e617279400038001a350805120344415920002a2808fd01100018ffffffffffffffffff0120ffffffffffffffffff01282e3207757466386d62344000380020e72f2a1e080c10800118ffffffffffffffffff012003283f320662696e61727940003800	value:323032342d30312d3034		1
AddDateIntReal/normal	1	08904e1a3008011208800000000134d6e620002a1e080810800118ffffffffffffffffff012000283f320662696e617279400038001a3908041208bff800000000000020002a27080510800118ffffffffffffffffff0120ffffffffffffffffff01283f320662696e617279400038001a350805120344415920002a2808fd01100018ffffffffffffffffff0120ffffffffffffffffff01282e3207757466386d62344000380020e72f2a1e080c10800118ffffffffffffffffff012003283f320662696e61727940003800	value:323032342d30312d3034		0
AddDateIntString/normal	0	08904e1a3008011208800000000134d6e620002a1e080810800118ffffffffffffffffff012000283f320662696e617279400038001a3508051203312e3520002a2808fd01100018ffffffffffffffffff0120ffffffffffffffffff01282e3207757466386d6234400038001a350805120344415920002a2808fd01100018ffffffffffffffffff0120ffffffffffffffffff01282e3207757466386d62344000380020cf2f2a1e080c10800118ffffffffffffffffff012003283f320662696e61727940003800	error	5b74797065733a313239325d5472756e636174656420696e636f727265637420444543494d414c2076616c75653a2027312e3527	0
AddDateIntString/normal	2	08904e1a3008011208800000000134d6e620002a1e080810800118ffffffffffffffffff012000283f320662696e617279400038001a3508051203312e3520002a2808fd01100018ffffffffffffffffff0120ffffffffffffffffff01282e3207757466386d6234400038001a350805120344415920002a2808fd01100018ffffffffffffffffff0120ffffffffffffffffff01282e3207757466386d62344000380020cf2f2a1e080c10800118ffffffffffffffffff012003283f320662696e61727940003800	value:323032342d30312d3033		1
AddDateIntString/normal	1	08904e1a3008011208800000000134d6e620002a1e080810800118ffffffffffffffffff012000283f320662696e617279400038001a3508051203312e3520002a2808fd01100018ffffffffffffffffff0120ffffffffffffffffff01282e3207757466386d6234400038001a350805120344415920002a2808fd01100018ffffffffffffffffff0120ffffffffffffffffff01282e3207757466386d62344000380020cf2f2a1e080c10800118ffffffffffffffffff012003283f320662696e61727940003800	value:323032342d30312d3033		0
AddDateRealDecimal/normal	0	08904e1a3908041208c1734d6e6000000020002a27080510800118ffffffffffffffffff0120ffffffffffffffffff01283f320662696e617279400038001a24086612040201810520002a1608f601108001180a2002283f320662696e617279400038001a350805120344415920002a2808fd01100018ffffffffffffffffff0120ffffffffffffffffff01282e3207757466386d62344000380020f32f2a1e080c10800118ffffffffffffffffff012003283f320662696e61727940003800	value:323032342d30312d3034		0
AddDateRealDecimal/normal	2	08904e1a3908041208c1734d6e6000000020002a27080510800118ffffffffffffffffff0120ffffffffffffffffff01283f320662696e617279400038001a24086612040201810520002a1608f601108001180a2002283f320662696e617279400038001a350805120344415920002a2808fd01100018ffffffffffffffffff0120ffffffffffffffffff01282e3207757466386d62344000380020f32f2a1e080c10800118ffffffffffffffffff012003283f320662696e61727940003800	value:323032342d30312d3034		0
AddDateRealDecimal/normal	1	08904e1a3908041208c1734d6e6000000020002a27080510800118ffffffffffffffffff0120ffffffffffffffffff01283f320662696e617279400038001a24086612040201810520002a1608f601108001180a2002283f320662696e617279400038001a350805120344415920002a2808fd01100018ffffffffffffffffff0120ffffffffffffffffff01282e3207757466386d62344000380020f32f2a1e080c10800118ffffffffffffffffff012003283f320662696e61727940003800	value:323032342d30312d3034		0
AddDateRealInt/normal	0	08904e1a3908041208c1734d6e6000000020002a27080510800118ffffffffffffffffff0120ffffffffffffffffff01283f320662696e617279400038001a3008011208800000000000000120002a1e080810800118ffffffffffffffffff012000283f320662696e617279400038001a350805120344415920002a2808fd01100018ffffffffffffffffff0120ffffffffffffffffff01282e3207757466386d62344000380020f12f2a1e080c10800118ffffffffffffffffff012003283f320662696e61727940003800	value:323032342d30312d3033		0
AddDateRealInt/normal	2	08904e1a3908041208c1734d6e6000000020002a27080510800118ffffffffffffffffff0120ffffffffffffffffff01283f320662696e617279400038001a3008011208800000000000000120002a1e080810800118ffffffffffffffffff012000283f320662696e617279400038001a350805120344415920002a2808fd01100018ffffffffffffffffff0120ffffffffffffffffff01282e3207757466386d62344000380020f12f2a1e080c10800118ffffffffffffffffff012003283f320662696e61727940003800	value:323032342d30312d3033		0
AddDateRealInt/normal	1	08904e1a3908041208c1734d6e6000000020002a27080510800118ffffffffffffffffff0120ffffffffffffffffff01283f320662696e617279400038001a3008011208800000000000000120002a1e080810800118ffffffffffffffffff012000283f320662696e617279400038001a350805120344415920002a2808fd01100018ffffffffffffffffff0120ffffffffffffffffff01282e3207757466386d62344000380020f12f2a1e080c10800118ffffffffffffffffff012003283f320662696e61727940003800	value:323032342d30312d3033		0
AddDateRealReal/normal	0	08904e1a3908041208c1734d6e6000000020002a27080510800118ffffffffffffffffff0120ffffffffffffffffff01283f320662696e617279400038001a3908041208bff800000000000020002a27080510800118ffffffffffffffffff0120ffffffffffffffffff01283f320662696e617279400038001a350805120344415920002a2808fd01100018ffffffffffffffffff0120ffffffffffffffffff01282e3207757466386d62344000380020f22f2a1e080c10800118ffffffffffffffffff012003283f320662696e61727940003800	error	5b74797065733a313239325d5472756e636174656420696e636f727265637420312e352076616c75653a2027252173284d495353494e472927	0
AddDateRealReal/normal	2	08904e1a3908041208c1734d6e6000000020002a27080510800118ffffffffffffffffff0120ffffffffffffffffff01283f320662696e617279400038001a3908041208bff800000000000020002a27080510800118ffffffffffffffffff0120ffffffffffffffffff01283f320662696e617279400038001a350805120344415920002a2808fd01100018ffffffffffffffffff0120ffffffffffffffffff01282e3207757466386d62344000380020f22f2a1e080c10800118ffffffffffffffffff012003283f320662696e61727940003800	value:323032342d30312d3034		1
AddDateRealReal/normal	1	08904e1a3908041208c1734d6e6000000020002a27080510800118ffffffffffffffffff0120ffffffffffffffffff01283f320662696e617279400038001a3908041208bff800000000000020002a27080510800118ffffffffffffffffff0120ffffffffffffffffff01283f320662696e617279400038001a350805120344415920002a2808fd01100018ffffffffffffffffff0120ffffffffffffffffff01282e3207757466386d62344000380020f22f2a1e080c10800118ffffffffffffffffff012003283f320662696e61727940003800	value:323032342d30312d3034		0
AddDateRealString/normal	0	08904e1a3908041208c1734d6e6000000020002a27080510800118ffffffffffffffffff0120ffffffffffffffffff01283f320662696e617279400038001a3508051203312e3520002a2808fd01100018ffffffffffffffffff0120ffffffffffffffffff01282e3207757466386d6234400038001a350805120344415920002a2808fd01100018ffffffffffffffffff0120ffffffffffffffffff01282e3207757466386d62344000380020f02f2a1e080c10800118ffffffffffffffffff012003283f320662696e61727940003800	error	5b74797065733a313239325d5472756e636174656420696e636f727265637420444543494d414c2076616c75653a2027312e3527	0
AddDateRealString/normal	2	08904e1a3908041208c1734d6e6000000020002a27080510800118ffffffffffffffffff0120ffffffffffffffffff01283f320662696e617279400038001a3508051203312e3520002a2808fd01100018ffffffffffffffffff0120ffffffffffffffffff01282e3207757466386d6234400038001a350805120344415920002a2808fd01100018ffffffffffffffffff0120ffffffffffffffffff01282e3207757466386d62344000380020f02f2a1e080c10800118ffffffffffffffffff012003283f320662696e61727940003800	value:323032342d30312d3033		1
AddDateRealString/normal	1	08904e1a3908041208c1734d6e6000000020002a27080510800118ffffffffffffffffff0120ffffffffffffffffff01283f320662696e617279400038001a3508051203312e3520002a2808fd01100018ffffffffffffffffff0120ffffffffffffffffff01282e3207757466386d6234400038001a350805120344415920002a2808fd01100018ffffffffffffffffff0120ffffffffffffffffff01282e3207757466386d62344000380020f02f2a1e080c10800118ffffffffffffffffff012003283f320662696e61727940003800	value:323032342d30312d3033		0
AddDateStringDecimal/normal	0	08904e1a3c0805120a323032342d30312d303220002a2808fd01100018ffffffffffffffffff0120ffffffffffffffffff01282e3207757466386d6234400038001a24086612040201810520002a1608f601108001180a2002283f320662696e617279400038001a350805120344415920002a2808fd01100018ffffffffffffffffff0120ffffffffffffffffff01282e3207757466386d62344000380020ce2f2a1e080c10800118ffffffffffffffffff012003283f320662696e61727940003800	value:323032342d30312d3034		0
AddDateStringDecimal/normal	2	08904e1a3c0805120a323032342d30312d303220002a2808fd01100018ffffffffffffffffff0120ffffffffffffffffff01282e3207757466386d6234400038001a24086612040201810520002a1608f601108001180a2002283f320662696e617279400038001a350805120344415920002a2808fd01100018ffffffffffffffffff0120ffffffffffffffffff01282e3207757466386d62344000380020ce2f2a1e080c10800118ffffffffffffffffff012003283f320662696e61727940003800	value:323032342d30312d3034		0
AddDateStringDecimal/normal	1	08904e1a3c0805120a323032342d30312d303220002a2808fd01100018ffffffffffffffffff0120ffffffffffffffffff01282e3207757466386d6234400038001a24086612040201810520002a1608f601108001180a2002283f320662696e617279400038001a350805120344415920002a2808fd01100018ffffffffffffffffff0120ffffffffffffffffff01282e3207757466386d62344000380020ce2f2a1e080c10800118ffffffffffffffffff012003283f320662696e61727940003800	value:323032342d30312d3034		0
AddDateStringInt/normal	0	08904e1a3c0805120a323032342d30312d303220002a2808fd01100018ffffffffffffffffff0120ffffffffffffffffff01282e3207757466386d6234400038001a3008011208800000000000000120002a1e080810800118ffffffffffffffffff012000283f320662696e617279400038001a350805120344415920002a2808fd01100018ffffffffffffffffff0120ffffffffffffffffff01282e3207757466386d62344000380020cd2f2a1e080c10800118ffffffffffffffffff012003283f320662696e61727940003800	value:323032342d30312d3033		0
AddDateStringInt/normal	2	08904e1a3c0805120a323032342d30312d303220002a2808fd01100018ffffffffffffffffff0120ffffffffffffffffff01282e3207757466386d6234400038001a3008011208800000000000000120002a1e080810800118ffffffffffffffffff012000283f320662696e617279400038001a350805120344415920002a2808fd01100018ffffffffffffffffff0120ffffffffffffffffff01282e3207757466386d62344000380020cd2f2a1e080c10800118ffffffffffffffffff012003283f320662696e61727940003800	value:323032342d30312d3033		0
AddDateStringInt/normal	1	08904e1a3c0805120a323032342d30312d303220002a2808fd01100018ffffffffffffffffff0120ffffffffffffffffff01282e3207757466386d6234400038001a3008011208800000000000000120002a1e080810800118ffffffffffffffffff012000283f320662696e617279400038001a350805120344415920002a2808fd01100018ffffffffffffffffff0120ffffffffffffffffff01282e3207757466386d62344000380020cd2f2a1e080c10800118ffffffffffffffffff012003283f320662696e61727940003800	value:323032342d30312d3033		0
AddDateStringReal/normal	0	08904e1a3c0805120a323032342d30312d303220002a2808fd01100018ffffffffffffffffff0120ffffffffffffffffff01282e3207757466386d6234400038001a3908041208bff800000000000020002a27080510800118ffffffffffffffffff0120ffffffffffffffffff01283f320662696e617279400038001a350805120344415920002a2808fd01100018ffffffffffffffffff0120ffffffffffffffffff01282e3207757466386d62344000380020e62f2a1e080c10800118ffffffffffffffffff012003283f320662696e61727940003800	error	5b74797065733a313239325d5472756e636174656420696e636f727265637420312e352076616c75653a2027252173284d495353494e472927	0
AddDateStringReal/normal	2	08904e1a3c0805120a323032342d30312d303220002a2808fd01100018ffffffffffffffffff0120ffffffffffffffffff01282e3207757466386d6234400038001a3908041208bff800000000000020002a27080510800118ffffffffffffffffff0120ffffffffffffffffff01283f320662696e617279400038001a350805120344415920002a2808fd01100018ffffffffffffffffff0120ffffffffffffffffff01282e3207757466386d62344000380020e62f2a1e080c10800118ffffffffffffffffff012003283f320662696e61727940003800	value:323032342d30312d3034		1
AddDateStringReal/normal	1	08904e1a3c0805120a323032342d30312d303220002a2808fd01100018ffffffffffffffffff0120ffffffffffffffffff01282e3207757466386d6234400038001a3908041208bff800000000000020002a27080510800118ffffffffffffffffff0120ffffffffffffffffff01283f320662696e617279400038001a350805120344415920002a2808fd01100018ffffffffffffffffff0120ffffffffffffffffff01282e3207757466386d62344000380020e62f2a1e080c10800118ffffffffffffffffff012003283f320662696e61727940003800	value:323032342d30312d3034		0
AddDateStringString/normal	0	08904e1a3c0805120a323032342d30312d303220002a2808fd01100018ffffffffffffffffff0120ffffffffffffffffff01282e3207757466386d6234400038001a3508051203312e3520002a2808fd01100018ffffffffffffffffff0120ffffffffffffffffff01282e3207757466386d6234400038001a350805120344415920002a2808fd01100018ffffffffffffffffff0120ffffffffffffffffff01282e3207757466386d62344000380020cc2f2a1e080c10800118ffffffffffffffffff012003283f320662696e61727940003800	error	5b74797065733a313239325d5472756e636174656420696e636f727265637420444543494d414c2076616c75653a2027312e3527	0
AddDateStringString/normal	2	08904e1a3c0805120a323032342d30312d303220002a2808fd01100018ffffffffffffffffff0120ffffffffffffffffff01282e3207757466386d6234400038001a3508051203312e3520002a2808fd01100018ffffffffffffffffff0120ffffffffffffffffff01282e3207757466386d6234400038001a350805120344415920002a2808fd01100018ffffffffffffffffff0120ffffffffffffffffff01282e3207757466386d62344000380020cc2f2a1e080c10800118ffffffffffffffffff012003283f320662696e61727940003800	value:323032342d30312d3033		1
AddDateStringString/normal	1	08904e1a3c0805120a323032342d30312d303220002a2808fd01100018ffffffffffffffffff0120ffffffffffffffffff01282e3207757466386d6234400038001a3508051203312e3520002a2808fd01100018ffffffffffffffffff0120ffffffffffffffffff01282e3207757466386d6234400038001a350805120344415920002a2808fd01100018ffffffffffffffffff0120ffffffffffffffffff01282e3207757466386d62344000380020cc2f2a1e080c10800118ffffffffffffffffff012003283f320662696e61727940003800	value:323032342d30312d3033		0
SubDateDatetimeDecimal/normal	0	08904e1a30086b120819b244310501e07820002a1e080c10800118ffffffffffffffffff012003283f320662696e617279400038001a24086612040201810520002a1608f601108001180a2002283f320662696e617279400038001a350805120344415920002a2808fd01100018ffffffffffffffffff0120ffffffffffffffffff01282e3207757466386d62344000380020e12f2a1e080c10800118ffffffffffffffffff012003283f320662696e61727940003800	value:323032332d31322d33312030333a30343a30352e313233		0
SubDateDatetimeDecimal/normal	2	08904e1a30086b120819b244310501e07820002a1e080c10800118ffffffffffffffffff012003283f320662696e617279400038001a24086612040201810520002a1608f601108001180a2002283f320662696e617279400038001a350805120344415920002a2808fd01100018ffffffffffffffffff0120ffffffffffffffffff01282e3207757466386d62344000380020e12f2a1e080c10800118ffffffffffffffffff012003283f320662696e61727940003800	value:323032332d31322d33312030333a30343a30352e313233		0
SubDateDatetimeDecimal/normal	1	08904e1a30086b120819b244310501e07820002a1e080c10800118ffffffffffffffffff012003283f320662696e617279400038001a24086612040201810520002a1608f601108001180a2002283f320662696e617279400038001a350805120344415920002a2808fd01100018ffffffffffffffffff0120ffffffffffffffffff01282e3207757466386d62344000380020e12f2a1e080c10800118ffffffffffffffffff012003283f320662696e61727940003800	value:323032332d31322d33312030333a30343a30352e313233		0
SubDateDatetimeInt/normal	0	08904e1a30086b120819b244310501e07820002a1e080c10800118ffffffffffffffffff012003283f320662696e617279400038001a3008011208800000000000000120002a1e080810800118ffffffffffffffffff012000283f320662696e617279400038001a350805120344415920002a2808fd01100018ffffffffffffffffff0120ffffffffffffffffff01282e3207757466386d62344000380020d92f2a1e080c10800118ffffffffffffffffff012003283f320662696e61727940003800	value:323032342d30312d30312030333a30343a30352e313233		0
SubDateDatetimeInt/normal	2	08904e1a30086b120819b244310501e07820002a1e080c10800118ffffffffffffffffff012003283f320662696e617279400038001a3008011208800000000000000120002a1e080810800118ffffffffffffffffff012000283f320662696e617279400038001a350805120344415920002a2808fd01100018ffffffffffffffffff0120ffffffffffffffffff01282e3207757466386d62344000380020d92f2a1e080c10800118ffffffffffffffffff012003283f320662696e61727940003800	value:323032342d30312d30312030333a30343a30352e313233		0
SubDateDatetimeInt/normal	1	08904e1a30086b120819b244310501e07820002a1e080c10800118ffffffffffffffffff012003283f320662696e617279400038001a3008011208800000000000000120002a1e080810800118ffffffffffffffffff012000283f320662696e617279400038001a350805120344415920002a2808fd01100018ffffffffffffffffff0120ffffffffffffffffff01282e3207757466386d62344000380020d92f2a1e080c10800118ffffffffffffffffff012003283f320662696e61727940003800	value:323032342d30312d30312030333a30343a30352e313233		0
SubDateDatetimeReal/normal	0	08904e1a30086b120819b244310501e07820002a1e080c10800118ffffffffffffffffff012003283f320662696e617279400038001a3908041208bff800000000000020002a27080510800118ffffffffffffffffff0120ffffffffffffffffff01283f320662696e617279400038001a350805120344415920002a2808fd01100018ffffffffffffffffff0120ffffffffffffffffff01282e3207757466386d62344000380020e02f2a1e080c10800118ffffffffffffffffff012003283f320662696e61727940003800	error	5b74797065733a313239325d5472756e636174656420696e636f727265637420312e352076616c75653a2027252173284d495353494e472927	0
SubDateDatetimeReal/normal	2	08904e1a30086b120819b244310501e07820002a1e080c10800118ffffffffffffffffff012003283f320662696e617279400038001a3908041208bff800000000000020002a27080510800118ffffffffffffffffff0120ffffffffffffffffff01283f320662696e617279400038001a350805120344415920002a2808fd01100018ffffffffffffffffff0120ffffffffffffffffff01282e3207757466386d62344000380020e02f2a1e080c10800118ffffffffffffffffff012003283f320662696e61727940003800	value:323032332d31322d33312030333a30343a30352e313233		1
SubDateDatetimeReal/normal	1	08904e1a30086b120819b244310501e07820002a1e080c10800118ffffffffffffffffff012003283f320662696e617279400038001a3908041208bff800000000000020002a27080510800118ffffffffffffffffff0120ffffffffffffffffff01283f320662696e617279400038001a350805120344415920002a2808fd01100018ffffffffffffffffff0120ffffffffffffffffff01282e3207757466386d62344000380020e02f2a1e080c10800118ffffffffffffffffff012003283f320662696e61727940003800	value:323032332d31322d33312030333a30343a30352e313233		0
SubDateDatetimeString/normal	0	08904e1a30086b120819b244310501e07820002a1e080c10800118ffffffffffffffffff012003283f320662696e617279400038001a3508051203312e3520002a2808fd01100018ffffffffffffffffff0120ffffffffffffffffff01282e3207757466386d6234400038001a350805120344415920002a2808fd01100018ffffffffffffffffff0120ffffffffffffffffff01282e3207757466386d62344000380020d82f2a1e080c10800118ffffffffffffffffff012003283f320662696e61727940003800	error	5b74797065733a313239325d5472756e636174656420696e636f727265637420444543494d414c2076616c75653a2027312e3527	0
SubDateDatetimeString/normal	2	08904e1a30086b120819b244310501e07820002a1e080c10800118ffffffffffffffffff012003283f320662696e617279400038001a3508051203312e3520002a2808fd01100018ffffffffffffffffff0120ffffffffffffffffff01282e3207757466386d6234400038001a350805120344415920002a2808fd01100018ffffffffffffffffff0120ffffffffffffffffff01282e3207757466386d62344000380020d82f2a1e080c10800118ffffffffffffffffff012003283f320662696e61727940003800	value:323032342d30312d30312030333a30343a30352e313233		1
SubDateDatetimeString/normal	1	08904e1a30086b120819b244310501e07820002a1e080c10800118ffffffffffffffffff012003283f320662696e617279400038001a3508051203312e3520002a2808fd01100018ffffffffffffffffff0120ffffffffffffffffff01282e3207757466386d6234400038001a350805120344415920002a2808fd01100018ffffffffffffffffff0120ffffffffffffffffff01282e3207757466386d62344000380020d82f2a1e080c10800118ffffffffffffffffff012003283f320662696e61727940003800	value:323032342d30312d30312030333a30343a30352e313233		0
SubDateDecimalDecimal/normal	0	08904e1a260866120608008134d6e620002a1608f601108001180a2002283f320662696e617279400038001a24086612040201810520002a1608f601108001180a2002283f320662696e617279400038001a350805120344415920002a2808fd01100018ffffffffffffffffff0120ffffffffffffffffff01282e3207757466386d62344000380020ff2f2a1e080c10800118ffffffffffffffffff012003283f320662696e61727940003800	value:323032332d31322d3331		0
SubDateDecimalDecimal/normal	2	08904e1a260866120608008134d6e620002a1608f601108001180a2002283f320662696e617279400038001a24086612040201810520002a1608f601108001180a2002283f320662696e617279400038001a350805120344415920002a2808fd01100018ffffffffffffffffff0120ffffffffffffffffff01282e3207757466386d62344000380020ff2f2a1e080c10800118ffffffffffffffffff012003283f320662696e61727940003800	value:323032332d31322d3331		0
SubDateDecimalDecimal/normal	1	08904e1a260866120608008134d6e620002a1608f601108001180a2002283f320662696e617279400038001a24086612040201810520002a1608f601108001180a2002283f320662696e617279400038001a350805120344415920002a2808fd01100018ffffffffffffffffff0120ffffffffffffffffff01282e3207757466386d62344000380020ff2f2a1e080c10800118ffffffffffffffffff012003283f320662696e61727940003800	value:323032332d31322d3331		0
SubDateDecimalInt/normal	0	08904e1a260866120608008134d6e620002a1608f601108001180a2002283f320662696e617279400038001a3008011208800000000000000120002a1e080810800118ffffffffffffffffff012000283f320662696e617279400038001a350805120344415920002a2808fd01100018ffffffffffffffffff0120ffffffffffffffffff01282e3207757466386d62344000380020fd2f2a1e080c10800118ffffffffffffffffff012003283f320662696e61727940003800	value:323032342d30312d3031		0
SubDateDecimalInt/normal	2	08904e1a260866120608008134d6e620002a1608f601108001180a2002283f320662696e617279400038001a3008011208800000000000000120002a1e080810800118ffffffffffffffffff012000283f320662696e617279400038001a350805120344415920002a2808fd01100018ffffffffffffffffff0120ffffffffffffffffff01282e3207757466386d62344000380020fd2f2a1e080c10800118ffffffffffffffffff012003283f320662696e61727940003800	value:323032342d30312d3031		0
SubDateDecimalInt/normal	1	08904e1a260866120608008134d6e620002a1608f601108001180a2002283f320662696e617279400038001a3008011208800000000000000120002a1e080810800118ffffffffffffffffff012000283f320662696e617279400038001a350805120344415920002a2808fd01100018ffffffffffffffffff0120ffffffffffffffffff01282e3207757466386d62344000380020fd2f2a1e080c10800118ffffffffffffffffff012003283f320662696e61727940003800	value:323032342d30312d3031		0
SubDateDecimalReal/normal	0	08904e1a260866120608008134d6e620002a1608f601108001180a2002283f320662696e617279400038001a3908041208bff800000000000020002a27080510800118ffffffffffffffffff0120ffffffffffffffffff01283f320662696e617279400038001a350805120344415920002a2808fd01100018ffffffffffffffffff0120ffffffffffffffffff01282e3207757466386d62344000380020fe2f2a1e080c10800118ffffffffffffffffff012003283f320662696e61727940003800	error	5b74797065733a313239325d5472756e636174656420696e636f727265637420312e352076616c75653a2027252173284d495353494e472927	0
SubDateDecimalReal/normal	2	08904e1a260866120608008134d6e620002a1608f601108001180a2002283f320662696e617279400038001a3908041208bff800000000000020002a27080510800118ffffffffffffffffff0120ffffffffffffffffff01283f320662696e617279400038001a350805120344415920002a2808fd01100018ffffffffffffffffff0120ffffffffffffffffff01282e3207757466386d62344000380020fe2f2a1e080c10800118ffffffffffffffffff012003283f320662696e61727940003800	value:323032332d31322d3331		1
SubDateDecimalReal/normal	1	08904e1a260866120608008134d6e620002a1608f601108001180a2002283f320662696e617279400038001a3908041208bff800000000000020002a27080510800118ffffffffffffffffff0120ffffffffffffffffff01283f320662696e617279400038001a350805120344415920002a2808fd01100018ffffffffffffffffff0120ffffffffffffffffff01282e3207757466386d62344000380020fe2f2a1e080c10800118ffffffffffffffffff012003283f320662696e61727940003800	value:323032332d31322d3331		0
SubDateDecimalString/normal	0	08904e1a260866120608008134d6e620002a1608f601108001180a2002283f320662696e617279400038001a3508051203312e3520002a2808fd01100018ffffffffffffffffff0120ffffffffffffffffff01282e3207757466386d6234400038001a350805120344415920002a2808fd01100018ffffffffffffffffff0120ffffffffffffffffff01282e3207757466386d62344000380020fc2f2a1e080c10800118ffffffffffffffffff012003283f320662696e61727940003800	error	5b74797065733a313239325d5472756e636174656420696e636f727265637420444543494d414c2076616c75653a2027312e3527	0
SubDateDecimalString/normal	2	08904e1a260866120608008134d6e620002a1608f601108001180a2002283f320662696e617279400038001a3508051203312e3520002a2808fd01100018ffffffffffffffffff0120ffffffffffffffffff01282e3207757466386d6234400038001a350805120344415920002a2808fd01100018ffffffffffffffffff0120ffffffffffffffffff01282e3207757466386d62344000380020fc2f2a1e080c10800118ffffffffffffffffff012003283f320662696e61727940003800	value:323032342d30312d3031		1
SubDateDecimalString/normal	1	08904e1a260866120608008134d6e620002a1608f601108001180a2002283f320662696e617279400038001a3508051203312e3520002a2808fd01100018ffffffffffffffffff0120ffffffffffffffffff01282e3207757466386d6234400038001a350805120344415920002a2808fd01100018ffffffffffffffffff0120ffffffffffffffffff01282e3207757466386d62344000380020fc2f2a1e080c10800118ffffffffffffffffff012003283f320662696e61727940003800	value:323032342d30312d3031		0
SubDateDurationDecimal/normal	0	08904e1a30086712088000000059682f0020002a1e080b10800118ffffffffffffffffff012003283f320662696e617279400038001a24086612040201810520002a1608f601108001180a2002283f320662696e617279400038001a38080512065345434f4e4420002a2808fd01100018ffffffffffffffffff0120ffffffffffffffffff01282e3207757466386d62344000380020e52f2a1e080c10800118ffffffffffffffffff012003283f320662696e61727940003800	value:30303a30303a30302e3030		0
SubDateDurationDecimal/normal	2	08904e1a30086712088000000059682f0020002a1e080b10800118ffffffffffffffffff012003283f320662696e617279400038001a24086612040201810520002a1608f601108001180a2002283f320662696e617279400038001a38080512065345434f4e4420002a2808fd01100018ffffffffffffffffff0120ffffffffffffffffff01282e3207757466386d62344000380020e52f2a1e080c10800118ffffffffffffffffff012003283f320662696e61727940003800	value:30303a30303a30302e3030		0
SubDateDurationDecimal/normal	1	08904e1a30086712088000000059682f0020002a1e080b10800118ffffffffffffffffff012003283f320662696e617279400038001a24086612040201810520002a1608f601108001180a2002283f320662696e617279400038001a38080512065345434f4e4420002a2808fd01100018ffffffffffffffffff0120ffffffffffffffffff01282e3207757466386d62344000380020e52f2a1e080c10800118ffffffffffffffffff012003283f320662696e61727940003800	value:30303a30303a30302e3030		0
SubDateDurationDecimalDatetime/normal	0	08904e1a30086712088000000059682f0020002a1e080b10800118ffffffffffffffffff012003283f320662696e617279400038001a24086612040201810520002a1608f601108001180a2002283f320662696e617279400038001a350805120344415920002a2808fd01100018ffffffffffffffffff0120ffffffffffffffffff01282e3207757466386d6234400038002087302a1e080c10800118ffffffffffffffffff012003283f320662696e61727940003800	value:323032362d30392d32362030303a30303a3031		0
SubDateDurationDecimalDatetime/normal	2	08904e1a30086712088000000059682f0020002a1e080b10800118ffffffffffffffffff012003283f320662696e617279400038001a24086612040201810520002a1608f601108001180a2002283f320662696e617279400038001a350805120344415920002a2808fd01100018ffffffffffffffffff0120ffffffffffffffffff01282e3207757466386d6234400038002087302a1e080c10800118ffffffffffffffffff012003283f320662696e61727940003800	value:323032362d30392d32362030303a30303a3031		0
SubDateDurationDecimalDatetime/normal	1	08904e1a30086712088000000059682f0020002a1e080b10800118ffffffffffffffffff012003283f320662696e617279400038001a24086612040201810520002a1608f601108001180a2002283f320662696e617279400038001a350805120344415920002a2808fd01100018ffffffffffffffffff0120ffffffffffffffffff01282e3207757466386d6234400038002087302a1e080c10800118ffffffffffffffffff012003283f320662696e61727940003800	value:323032362d30392d32362030303a30303a3031		0
SubDateDurationInt/normal	0	08904e1a30086712088000000059682f0020002a1e080b10800118ffffffffffffffffff012003283f320662696e617279400038001a3008011208800000000000000120002a1e080810800118ffffffffffffffffff012000283f320662696e617279400038001a38080512065345434f4e4420002a2808fd01100018ffffffffffffffffff0120ffffffffffffffffff01282e3207757466386d62344000380020e32f2a1e080c10800118ffffffffffffffffff012003283f320662696e61727940003800	value:30303a30303a3030		0
SubDateDurationInt/normal	2	08904e1a30086712088000000059682f0020002a1e080b10800118ffffffffffffffffff012003283f320662696e617279400038001a3008011208800000000000000120002a1e080810800118ffffffffffffffffff012000283f320662696e617279400038001a38080512065345434f4e4420002a2808fd01100018ffffffffffffffffff0120ffffffffffffffffff01282e3207757466386d62344000380020e32f2a1e080c10800118ffffffffffffffffff012003283f320662696e61727940003800	value:30303a30303a3030		0
SubDateDurationInt/normal	1	08904e1a30086712088000000059682f0020002a1e080b10800118ffffffffffffffffff012003283f320662696e617279400038001a3008011208800000000000000120002a1e080810800118ffffffffffffffffff012000283f320662696e617279400038001a38080512065345434f4e4420002a2808fd01100018ffffffffffffffffff0120ffffffffffffffffff01282e3207757466386d62344000380020e32f2a1e080c10800118ffffffffffffffffff012003283f320662696e61727940003800	value:30303a30303a3030		0
SubDateDurationIntDatetime/normal	0	08904e1a30086712088000000059682f0020002a1e080b10800118ffffffffffffffffff012003283f320662696e617279400038001a3008011208800000000000000120002a1e080810800118ffffffffffffffffff012000283f320662696e617279400038001a350805120344415920002a2808fd01100018ffffffffffffffffff0120ffffffffffffffffff01282e3207757466386d6234400038002085302a1e080c10800118ffffffffffffffffff012003283f320662696e61727940003800	value:323032362d30392d32372030303a30303a3031		0
SubDateDurationIntDatetime/normal	2	08904e1a30086712088000000059682f0020002a1e080b10800118ffffffffffffffffff012003283f320662696e617279400038001a3008011208800000000000000120002a1e080810800118ffffffffffffffffff012000283f320662696e617279400038001a350805120344415920002a2808fd01100018ffffffffffffffffff0120ffffffffffffffffff01282e3207757466386d6234400038002085302a1e080c10800118ffffffffffffffffff012003283f320662696e61727940003800	value:323032362d30392d32372030303a30303a3031		0
SubDateDurationIntDatetime/normal	1	08904e1a30086712088000000059682f0020002a1e080b10800118ffffffffffffffffff012003283f320662696e617279400038001a3008011208800000000000000120002a1e080810800118ffffffffffffffffff012000283f320662696e617279400038001a350805120344415920002a2808fd01100018ffffffffffffffffff0120ffffffffffffffffff01282e3207757466386d6234400038002085302a1e080c10800118ffffffffffffffffff012003283f320662696e61727940003800	value:323032362d30392d32372030303a30303a3031		0
SubDateDurationReal/normal	0	08904e1a30086712088000000059682f0020002a1e080b10800118ffffffffffffffffff012003283f320662696e617279400038001a3908041208bff800000000000020002a27080510800118ffffffffffffffffff0120ffffffffffffffffff01283f320662696e617279400038001a38080512065345434f4e4420002a2808fd01100018ffffffffffffffffff0120ffffffffffffffffff01282e3207757466386d62344000380020e42f2a1e080c10800118ffffffffffffffffff012003283f320662696e61727940003800	value:30303a30303a30302e303030303030		0
SubDateDurationReal/normal	2	08904e1a30086712088000000059682f0020002a1e080b10800118ffffffffffffffffff012003283f320662696e617279400038001a3908041208bff800000000000020002a27080510800118ffffffffffffffffff0120ffffffffffffffffff01283f320662696e617279400038001a38080512065345434f4e4420002a2808fd01100018ffffffffffffffffff0120ffffffffffffffffff01282e3207757466386d62344000380020e42f2a1e080c10800118ffffffffffffffffff012003283f320662696e61727940003800	value:30303a30303a30302e303030303030		0
SubDateDurationReal/normal	1	08904e1a30086712088000000059682f0020002a1e080b10800118ffffffffffffffffff012003283f320662696e617279400038001a3908041208bff800000000000020002a27080510800118ffffffffffffffffff0120ffffffffffffffffff01283f320662696e617279400038001a38080512065345434f4e4420002a2808fd01100018ffffffffffffffffff0120ffffffffffffffffff01282e3207757466386d62344000380020e42f2a1e080c10800118ffffffffffffffffff012003283f320662696e61727940003800	value:30303a30303a30302e303030303030		0
SubDateDurationRealDatetime/normal	0	08904e1a30086712088000000059682f0020002a1e080b10800118ffffffffffffffffff012003283f320662696e617279400038001a3908041208bff800000000000020002a27080510800118ffffffffffffffffff0120ffffffffffffffffff01283f320662696e617279400038001a350805120344415920002a2808fd01100018ffffffffffffffffff0120ffffffffffffffffff01282e3207757466386d6234400038002086302a1e080c10800118ffffffffffffffffff012003283f320662696e61727940003800	error	5b74797065733a313239325d5472756e636174656420696e636f727265637420312e352076616c75653a2027252173284d495353494e472927	0
SubDateDurationRealDatetime/normal	2	08904e1a30086712088000000059682f0020002a1e080b10800118ffffffffffffffffff012003283f320662696e617279400038001a3908041208bff800000000000020002a27080510800118ffffffffffffffffff0120ffffffffffffffffff01283f320662696e617279400038001a350805120344415920002a2808fd01100018ffffffffffffffffff0120ffffffffffffffffff01282e3207757466386d6234400038002086302a1e080c10800118ffffffffffffffffff012003283f320662696e61727940003800	value:323032362d30392d32362030303a30303a3031		1
SubDateDurationRealDatetime/normal	1	08904e1a30086712088000000059682f0020002a1e080b10800118ffffffffffffffffff012003283f320662696e617279400038001a3908041208bff800000000000020002a27080510800118ffffffffffffffffff0120ffffffffffffffffff01283f320662696e617279400038001a350805120344415920002a2808fd01100018ffffffffffffffffff0120ffffffffffffffffff01282e3207757466386d6234400038002086302a1e080c10800118ffffffffffffffffff012003283f320662696e61727940003800	value:323032362d30392d32362030303a30303a3031		0
SubDateDurationString/normal	0	08904e1a30086712088000000059682f0020002a1e080b10800118ffffffffffffffffff012003283f320662696e617279400038001a3508051203312e3520002a2808fd01100018ffffffffffffffffff0120ffffffffffffffffff01282e3207757466386d6234400038001a38080512065345434f4e4420002a2808fd01100018ffffffffffffffffff0120ffffffffffffffffff01282e3207757466386d62344000380020e22f2a1e080c10800118ffffffffffffffffff012003283f320662696e61727940003800	value:30303a30303a30302e303030303030		0
SubDateDurationString/normal	2	08904e1a30086712088000000059682f0020002a1e080b10800118ffffffffffffffffff012003283f320662696e617279400038001a3508051203312e3520002a2808fd01100018ffffffffffffffffff0120ffffffffffffffffff01282e3207757466386d6234400038001a38080512065345434f4e4420002a2808fd01100018ffffffffffffffffff0120ffffffffffffffffff01282e3207757466386d62344000380020e22f2a1e080c10800118ffffffffffffffffff012003283f320662696e61727940003800	value:30303a30303a30302e303030303030		0
SubDateDurationString/normal	1	08904e1a30086712088000000059682f0020002a1e080b10800118ffffffffffffffffff012003283f320662696e617279400038001a3508051203312e3520002a2808fd01100018ffffffffffffffffff0120ffffffffffffffffff01282e3207757466386d6234400038001a38080512065345434f4e4420002a2808fd01100018ffffffffffffffffff0120ffffffffffffffffff01282e3207757466386d62344000380020e22f2a1e080c10800118ffffffffffffffffff012003283f320662696e61727940003800	value:30303a30303a30302e303030303030		0
SubDateDurationStringDatetime/normal	0	08904e1a30086712088000000059682f0020002a1e080b10800118ffffffffffffffffff012003283f320662696e617279400038001a3508051203312e3520002a2808fd01100018ffffffffffffffffff0120ffffffffffffffffff01282e3207757466386d6234400038001a350805120344415920002a2808fd01100018ffffffffffffffffff0120ffffffffffffffffff01282e3207757466386d6234400038002084302a1e080c10800118ffffffffffffffffff012003283f320662696e61727940003800	error	5b74797065733a313239325d5472756e636174656420696e636f727265637420444543494d414c2076616c75653a2027312e3527	0
SubDateDurationStringDatetime/normal	2	08904e1a30086712088000000059682f0020002a1e080b10800118ffffffffffffffffff012003283f320662696e617279400038001a3508051203312e3520002a2808fd01100018ffffffffffffffffff0120ffffffffffffffffff01282e3207757466386d6234400038001a350805120344415920002a2808fd01100018ffffffffffffffffff0120ffffffffffffffffff01282e3207757466386d6234400038002084302a1e080c10800118ffffffffffffffffff012003283f320662696e61727940003800	value:323032362d30392d32372030303a30303a3031		1
SubDateDurationStringDatetime/normal	1	08904e1a30086712088000000059682f0020002a1e080b10800118ffffffffffffffffff012003283f320662696e617279400038001a3508051203312e3520002a2808fd01100018ffffffffffffffffff0120ffffffffffffffffff01282e3207757466386d6234400038001a350805120344415920002a2808fd01100018ffffffffffffffffff0120ffffffffffffffffff01282e3207757466386d6234400038002084302a1e080c10800118ffffffffffffffffff012003283f320662696e61727940003800	value:323032362d30392d32372030303a30303a3031		0
SubDateIntDecimal/normal	0	08904e1a3008011208800000000134d6e620002a1e080810800118ffffffffffffffffff012000283f320662696e617279400038001a24086612040201810520002a1608f601108001180a2002283f320662696e617279400038001a350805120344415920002a2808fd01100018ffffffffffffffffff0120ffffffffffffffffff01282e3207757466386d62344000380020df2f2a1e080c10800118ffffffffffffffffff012003283f320662696e61727940003800	value:323032332d31322d3331		0
SubDateIntDecimal/normal	2	08904e1a3008011208800000000134d6e620002a1e080810800118ffffffffffffffffff012000283f320662696e617279400038001a24086612040201810520002a1608f601108001180a2002283f320662696e617279400038001a350805120344415920002a2808fd01100018ffffffffffffffffff0120ffffffffffffffffff01282e3207757466386d62344000380020df2f2a1e080c10800118ffffffffffffffffff012003283f320662696e61727940003800	value:323032332d31322d3331		0
SubDateIntDecimal/normal	1	08904e1a3008011208800000000134d6e620002a1e080810800118ffffffffffffffffff012000283f320662696e617279400038001a24086612040201810520002a1608f601108001180a2002283f320662696e617279400038001a350805120344415920002a2808fd01100018ffffffffffffffffff0120ffffffffffffffffff01282e3207757466386d62344000380020df2f2a1e080c10800118ffffffffffffffffff012003283f320662696e61727940003800	value:323032332d31322d3331		0
SubDateIntInt/normal	0	08904e1a3008011208800000000134d6e620002a1e080810800118ffffffffffffffffff012000283f320662696e617279400038001a3008011208800000000000000120002a1e080810800118ffffffffffffffffff012000283f320662696e617279400038001a350805120344415920002a2808fd01100018ffffffffffffffffff0120ffffffffffffffffff01282e3207757466386d62344000380020d72f2a1e080c10800118ffffffffffffffffff012003283f320662696e61727940003800	value:323032342d30312d3031		0
SubDateIntInt/normal	2	08904e1a3008011208800000000134d6e620002a1e080810800118ffffffffffffffffff012000283f320662696e617279400038001a3008011208800000000000000120002a1e080810800118ffffffffffffffffff012000283f320662696e617279400038001a350805120344415920002a2808fd01100018ffffffffffffffffff0120ffffffffffffffffff01282e3207757466386d62344000380020d72f2a1e080c10800118ffffffffffffffffff012003283f320662696e61727940003800	value:323032342d30312d3031		0
SubDateIntInt/normal	1	08904e1a3008011208800000000134d6e620002a1e080810800118ffffffffffffffffff012000283f320662696e617279400038001a3008011208800000000000000120002a1e080810800118ffffffffffffffffff012000283f320662696e617279400038001a350805120344415920002a2808fd01100018ffffffffffffffffff0120ffffffffffffffffff01282e3207757466386d62344000380020d72f2a1e080c10800118ffffffffffffffffff012003283f320662696e61727940003800	value:323032342d30312d3031		0
SubDateIntReal/normal	0	08904e1a3008011208800000000134d6e620002a1e080810800118ffffffffffffffffff012000283f320662696e617279400038001a3908041208bff800000000000020002a27080510800118ffffffffffffffffff0120ffffffffffffffffff01283f320662696e617279400038001a350805120344415920002a2808fd01100018ffffffffffffffffff0120ffffffffffffffffff01282e3207757466386d62344000380020de2f2a1e080c10800118ffffffffffffffffff012003283f320662696e61727940003800	error	5b74797065733a313239325d5472756e636174656420696e636f727265637420312e352076616c75653a2027252173284d495353494e472927	0
SubDateIntReal/normal	2	08904e1a3008011208800000000134d6e620002a1e080810800118ffffffffffffffffff012000283f320662696e617279400038001a3908041208bff800000000000020002a27080510800118ffffffffffffffffff0120ffffffffffffffffff01283f320662696e617279400038001a350805120344415920002a2808fd01100018ffffffffffffffffff0120ffffffffffffffffff01282e3207757466386d62344000380020de2f2a1e080c10800118ffffffffffffffffff012003283f320662696e61727940003800	value:323032332d31322d3331		1
SubDateIntReal/normal	1	08904e1a3008011208800000000134d6e620002a1e080810800118ffffffffffffffffff012000283f320662696e617279400038001a3908041208bff800000000000020002a27080510800118ffffffffffffffffff0120ffffffffffffffffff01283f320662696e617279400038001a350805120344415920002a2808fd01100018ffffffffffffffffff0120ffffffffffffffffff01282e3207757466386d62344000380020de2f2a1e080c10800118ffffffffffffffffff012003283f320662696e61727940003800	value:323032332d31322d3331		0
SubDateIntString/normal	0	08904e1a3008011208800000000134d6e620002a1e080810800118ffffffffffffffffff012000283f320662696e617279400038001a3508051203312e3520002a2808fd01100018ffffffffffffffffff0120ffffffffffffffffff01282e3207757466386d6234400038001a350805120344415920002a2808fd01100018ffffffffffffffffff0120ffffffffffffffffff01282e3207757466386d62344000380020d62f2a1e080c10800118ffffffffffffffffff012003283f320662696e61727940003800	error	5b74797065733a313239325d5472756e636174656420696e636f727265637420444543494d414c2076616c75653a2027312e3527	0
SubDateIntString/normal	2	08904e1a3008011208800000000134d6e620002a1e080810800118ffffffffffffffffff012000283f320662696e617279400038001a3508051203312e3520002a2808fd01100018ffffffffffffffffff0120ffffffffffffffffff01282e3207757466386d6234400038001a350805120344415920002a2808fd01100018ffffffffffffffffff0120ffffffffffffffffff01282e3207757466386d62344000380020d62f2a1e080c10800118ffffffffffffffffff012003283f320662696e61727940003800	value:323032342d30312d3031		1
SubDateIntString/normal	1	08904e1a3008011208800000000134d6e620002a1e080810800118ffffffffffffffffff012000283f320662696e617279400038001a3508051203312e3520002a2808fd01100018ffffffffffffffffff0120ffffffffffffffffff01282e3207757466386d6234400038001a350805120344415920002a2808fd01100018ffffffffffffffffff0120ffffffffffffffffff01282e3207757466386d62344000380020d62f2a1e080c10800118ffffffffffffffffff012003283f320662696e61727940003800	value:323032342d30312d3031		0
SubDateRealDecimal/normal	0	08904e1a3908041208c1734d6e6000000020002a27080510800118ffffffffffffffffff0120ffffffffffffffffff01283f320662696e617279400038001a24086612040201810520002a1608f601108001180a2002283f320662696e617279400038001a350805120344415920002a2808fd01100018ffffffffffffffffff0120ffffffffffffffffff01282e3207757466386d62344000380020fb2f2a1e080c10800118ffffffffffffffffff012003283f320662696e61727940003800	value:323032332d31322d3331		0
SubDateRealDecimal/normal	2	08904e1a3908041208c1734d6e6000000020002a27080510800118ffffffffffffffffff0120ffffffffffffffffff01283f320662696e617279400038001a24086612040201810520002a1608f601108001180a2002283f320662696e617279400038001a350805120344415920002a2808fd01100018ffffffffffffffffff0120ffffffffffffffffff01282e3207757466386d62344000380020fb2f2a1e080c10800118ffffffffffffffffff012003283f320662696e61727940003800	value:323032332d31322d3331		0
SubDateRealDecimal/normal	1	08904e1a3908041208c1734d6e6000000020002a27080510800118ffffffffffffffffff0120ffffffffffffffffff01283f320662696e617279400038001a24086612040201810520002a1608f601108001180a2002283f320662696e617279400038001a350805120344415920002a2808fd01100018ffffffffffffffffff0120ffffffffffffffffff01282e3207757466386d62344000380020fb2f2a1e080c10800118ffffffffffffffffff012003283f320662696e61727940003800	value:323032332d31322d3331		0
SubDateRealInt/normal	0	08904e1a3908041208c1734d6e6000000020002a27080510800118ffffffffffffffffff0120ffffffffffffffffff01283f320662696e617279400038001a3008011208800000000000000120002a1e080810800118ffffffffffffffffff012000283f320662696e617279400038001a350805120344415920002a2808fd01100018ffffffffffffffffff0120ffffffffffffffffff01282e3207757466386d62344000380020f92f2a1e080c10800118ffffffffffffffffff012003283f320662696e61727940003800	value:323032342d30312d3031		0
SubDateRealInt/normal	2	08904e1a3908041208c1734d6e6000000020002a27080510800118ffffffffffffffffff0120ffffffffffffffffff01283f320662696e617279400038001a3008011208800000000000000120002a1e080810800118ffffffffffffffffff012000283f320662696e617279400038001a350805120344415920002a2808fd01100018ffffffffffffffffff0120ffffffffffffffffff01282e3207757466386d62344000380020f92f2a1e080c10800118ffffffffffffffffff012003283f320662696e61727940003800	value:323032342d30312d3031		0
SubDateRealInt/normal	1	08904e1a3908041208c1734d6e6000000020002a27080510800118ffffffffffffffffff0120ffffffffffffffffff01283f320662696e617279400038001a3008011208800000000000000120002a1e080810800118ffffffffffffffffff012000283f320662696e617279400038001a350805120344415920002a2808fd01100018ffffffffffffffffff0120ffffffffffffffffff01282e3207757466386d62344000380020f92f2a1e080c10800118ffffffffffffffffff012003283f320662696e61727940003800	value:323032342d30312d3031		0
SubDateRealReal/normal	0	08904e1a3908041208c1734d6e6000000020002a27080510800118ffffffffffffffffff0120ffffffffffffffffff01283f320662696e617279400038001a3908041208bff800000000000020002a27080510800118ffffffffffffffffff0120ffffffffffffffffff01283f320662696e617279400038001a350805120344415920002a2808fd01100018ffffffffffffffffff0120ffffffffffffffffff01282e3207757466386d62344000380020fa2f2a1e080c10800118ffffffffffffffffff012003283f320662696e61727940003800	error	5b74797065733a313239325d5472756e636174656420696e636f727265637420312e352076616c75653a2027252173284d495353494e472927	0
SubDateRealReal/normal	2	08904e1a3908041208c1734d6e6000000020002a27080510800118ffffffffffffffffff0120ffffffffffffffffff01283f320662696e617279400038001a3908041208bff800000000000020002a27080510800118ffffffffffffffffff0120ffffffffffffffffff01283f320662696e617279400038001a350805120344415920002a2808fd01100018ffffffffffffffffff0120ffffffffffffffffff01282e3207757466386d62344000380020fa2f2a1e080c10800118ffffffffffffffffff012003283f320662696e61727940003800	value:323032332d31322d3331		1
SubDateRealReal/normal	1	08904e1a3908041208c1734d6e6000000020002a27080510800118ffffffffffffffffff0120ffffffffffffffffff01283f320662696e617279400038001a3908041208bff800000000000020002a27080510800118ffffffffffffffffff0120ffffffffffffffffff01283f320662696e617279400038001a350805120344415920002a2808fd01100018ffffffffffffffffff0120ffffffffffffffffff01282e3207757466386d62344000380020fa2f2a1e080c10800118ffffffffffffffffff012003283f320662696e61727940003800	value:323032332d31322d3331		0
SubDateRealString/normal	0	08904e1a3908041208c1734d6e6000000020002a27080510800118ffffffffffffffffff0120ffffffffffffffffff01283f320662696e617279400038001a3508051203312e3520002a2808fd01100018ffffffffffffffffff0120ffffffffffffffffff01282e3207757466386d6234400038001a350805120344415920002a2808fd01100018ffffffffffffffffff0120ffffffffffffffffff01282e3207757466386d62344000380020f82f2a1e080c10800118ffffffffffffffffff012003283f320662696e61727940003800	error	5b74797065733a313239325d5472756e636174656420696e636f727265637420444543494d414c2076616c75653a2027312e3527	0
SubDateRealString/normal	2	08904e1a3908041208c1734d6e6000000020002a27080510800118ffffffffffffffffff0120ffffffffffffffffff01283f320662696e617279400038001a3508051203312e3520002a2808fd01100018ffffffffffffffffff0120ffffffffffffffffff01282e3207757466386d6234400038001a350805120344415920002a2808fd01100018ffffffffffffffffff0120ffffffffffffffffff01282e3207757466386d62344000380020f82f2a1e080c10800118ffffffffffffffffff012003283f320662696e61727940003800	value:323032342d30312d3031		1
SubDateRealString/normal	1	08904e1a3908041208c1734d6e6000000020002a27080510800118ffffffffffffffffff0120ffffffffffffffffff01283f320662696e617279400038001a3508051203312e3520002a2808fd01100018ffffffffffffffffff0120ffffffffffffffffff01282e3207757466386d6234400038001a350805120344415920002a2808fd01100018ffffffffffffffffff0120ffffffffffffffffff01282e3207757466386d62344000380020f82f2a1e080c10800118ffffffffffffffffff012003283f320662696e61727940003800	value:323032342d30312d3031		0
SubDateStringDecimal/normal	0	08904e1a3c0805120a323032342d30312d303220002a2808fd01100018ffffffffffffffffff0120ffffffffffffffffff01282e3207757466386d6234400038001a24086612040201810520002a1608f601108001180a2002283f320662696e617279400038001a350805120344415920002a2808fd01100018ffffffffffffffffff0120ffffffffffffffffff01282e3207757466386d62344000380020d52f2a1e080c10800118ffffffffffffffffff012003283f320662696e61727940003800	value:323032332d31322d3331		0
SubDateStringDecimal/normal	2	08904e1a3c0805120a323032342d30312d303220002a2808fd01100018ffffffffffffffffff0120ffffffffffffffffff01282e3207757466386d6234400038001a24086612040201810520002a1608f601108001180a2002283f320662696e617279400038001a350805120344415920002a2808fd01100018ffffffffffffffffff0120ffffffffffffffffff01282e3207757466386d62344000380020d52f2a1e080c10800118ffffffffffffffffff012003283f320662696e61727940003800	value:323032332d31322d3331		0
SubDateStringDecimal/normal	1	08904e1a3c0805120a323032342d30312d303220002a2808fd01100018ffffffffffffffffff0120ffffffffffffffffff01282e3207757466386d6234400038001a24086612040201810520002a1608f601108001180a2002283f320662696e617279400038001a350805120344415920002a2808fd01100018ffffffffffffffffff0120ffffffffffffffffff01282e3207757466386d62344000380020d52f2a1e080c10800118ffffffffffffffffff012003283f320662696e61727940003800	value:323032332d31322d3331		0
SubDateStringInt/normal	0	08904e1a3c0805120a323032342d30312d303220002a2808fd01100018ffffffffffffffffff0120ffffffffffffffffff01282e3207757466386d6234400038001a3008011208800000000000000120002a1e080810800118ffffffffffffffffff012000283f320662696e617279400038001a350805120344415920002a2808fd01100018ffffffffffffffffff0120ffffffffffffffffff01282e3207757466386d62344000380020d42f2a1e080c10800118ffffffffffffffffff012003283f320662696e61727940003800	value:323032342d30312d3031		0
SubDateStringInt/normal	2	08904e1a3c0805120a323032342d30312d303220002a2808fd01100018ffffffffffffffffff0120ffffffffffffffffff01282e3207757466386d6234400038001a3008011208800000000000000120002a1e080810800118ffffffffffffffffff012000283f320662696e617279400038001a350805120344415920002a2808fd01100018ffffffffffffffffff0120ffffffffffffffffff01282e3207757466386d62344000380020d42f2a1e080c10800118ffffffffffffffffff012003283f320662696e61727940003800	value:323032342d30312d3031		0
SubDateStringInt/normal	1	08904e1a3c0805120a323032342d30312d303220002a2808fd01100018ffffffffffffffffff0120ffffffffffffffffff01282e3207757466386d6234400038001a3008011208800000000000000120002a1e080810800118ffffffffffffffffff012000283f320662696e617279400038001a350805120344415920002a2808fd01100018ffffffffffffffffff0120ffffffffffffffffff01282e3207757466386d62344000380020d42f2a1e080c10800118ffffffffffffffffff012003283f320662696e61727940003800	value:323032342d30312d3031		0
SubDateStringReal/normal	0	08904e1a3c0805120a323032342d30312d303220002a2808fd01100018ffffffffffffffffff0120ffffffffffffffffff01282e3207757466386d6234400038001a3908041208bff800000000000020002a27080510800118ffffffffffffffffff0120ffffffffffffffffff01283f320662696e617279400038001a350805120344415920002a2808fd01100018ffffffffffffffffff0120ffffffffffffffffff01282e3207757466386d62344000380020dd2f2a1e080c10800118ffffffffffffffffff012003283f320662696e61727940003800	error	5b74797065733a313239325d5472756e636174656420696e636f727265637420312e352076616c75653a2027252173284d495353494e472927	0
SubDateStringReal/normal	2	08904e1a3c0805120a323032342d30312d303220002a2808fd01100018ffffffffffffffffff0120ffffffffffffffffff01282e3207757466386d6234400038001a3908041208bff800000000000020002a27080510800118ffffffffffffffffff0120ffffffffffffffffff01283f320662696e617279400038001a350805120344415920002a2808fd01100018ffffffffffffffffff0120ffffffffffffffffff01282e3207757466386d62344000380020dd2f2a1e080c10800118ffffffffffffffffff012003283f320662696e61727940003800	value:323032332d31322d3331		1
SubDateStringReal/normal	1	08904e1a3c0805120a323032342d30312d303220002a2808fd01100018ffffffffffffffffff0120ffffffffffffffffff01282e3207757466386d6234400038001a3908041208bff800000000000020002a27080510800118ffffffffffffffffff0120ffffffffffffffffff01283f320662696e617279400038001a350805120344415920002a2808fd01100018ffffffffffffffffff0120ffffffffffffffffff01282e3207757466386d62344000380020dd2f2a1e080c10800118ffffffffffffffffff012003283f320662696e61727940003800	value:323032332d31322d3331		0
SubDateStringString/normal	0	08904e1a3c0805120a323032342d30312d303220002a2808fd01100018ffffffffffffffffff0120ffffffffffffffffff01282e3207757466386d6234400038001a3508051203312e3520002a2808fd01100018ffffffffffffffffff0120ffffffffffffffffff01282e3207757466386d6234400038001a350805120344415920002a2808fd01100018ffffffffffffffffff0120ffffffffffffffffff01282e3207757466386d62344000380020d32f2a1e080c10800118ffffffffffffffffff012003283f320662696e61727940003800	error	5b74797065733a313239325d5472756e636174656420696e636f727265637420444543494d414c2076616c75653a2027312e3527	0
SubDateStringString/normal	2	08904e1a3c0805120a323032342d30312d303220002a2808fd01100018ffffffffffffffffff0120ffffffffffffffffff01282e3207757466386d6234400038001a3508051203312e3520002a2808fd01100018ffffffffffffffffff0120ffffffffffffffffff01282e3207757466386d6234400038001a350805120344415920002a2808fd01100018ffffffffffffffffff0120ffffffffffffffffff01282e3207757466386d62344000380020d32f2a1e080c10800118ffffffffffffffffff012003283f320662696e61727940003800	value:323032342d30312d3031		1
SubDateStringString/normal	1	08904e1a3c0805120a323032342d30312d303220002a2808fd01100018ffffffffffffffffff0120ffffffffffffffffff01282e3207757466386d6234400038001a3508051203312e3520002a2808fd01100018ffffffffffffffffff0120ffffffffffffffffff01282e3207757466386d6234400038001a350805120344415920002a2808fd01100018ffffffffffffffffff0120ffffffffffffffffff01282e3207757466386d62344000380020d32f2a1e080c10800118ffffffffffffffffff012003283f320662696e61727940003800	value:323032342d30312d3031		0
DateDiff/normal	0	08904e1a30086b120819b244310501e07820002a1e080c10800118ffffffffffffffffff012003283f320662696e617279400038001a30086b120819b244310501e07820002a1e080c10800118ffffffffffffffffff012003283f320662696e6172794000380020f32e2a1e080810800118ffffffffffffffffff012000283f320662696e61727940003800	value:30		0
DateDiff/normal	2	08904e1a30086b120819b244310501e07820002a1e080c10800118ffffffffffffffffff012003283f320662696e617279400038001a30086b120819b244310501e07820002a1e080c10800118ffffffffffffffffff012003283f320662696e6172794000380020f32e2a1e080810800118ffffffffffffffffff012000283f320662696e61727940003800	value:30		0
DateDiff/normal	1	08904e1a30086b120819b244310501e07820002a1e080c10800118ffffffffffffffffff012003283f320662696e617279400038001a30086b120819b244310501e07820002a1e080c10800118ffffffffffffffffff012003283f320662696e6172794000380020f32e2a1e080810800118ffffffffffffffffff012000283f320662696e61727940003800	value:30		0
VectorFloat32IsNull/ordinary	0	08904e1a250879120c020000000000803f0000004020002a0f08e101100018002000280032004000380020a3282a1e080810800118ffffffffffffffffff012000283f320662696e61727940003800	value:30		0
VectorFloat32IsNull/ordinary	2	08904e1a250879120c020000000000803f0000004020002a0f08e101100018002000280032004000380020a3282a1e080810800118ffffffffffffffffff012000283f320662696e61727940003800	value:30		0
VectorFloat32IsNull/ordinary	1	08904e1a250879120c020000000000803f0000004020002a0f08e101100018002000280032004000380020a3282a1e080810800118ffffffffffffffffff012000283f320662696e61727940003800	value:30		0
