drop table if exists shard_t;
create table shard_t (a int) shard_row_id_bits = 15;
set @@tidb_shard_allocate_step=3;
insert into shard_t values (1), (2), (3), (4), (5), (6), (7), (8), (9), (10), (11);
select count(distinct(_tidb_rowid>>48)) from shard_t;
count(distinct(_tidb_rowid>>48))
4
set @@tidb_shard_allocate_step=default;
drop table if exists t;
create table t(a bit(32) default b'1100010001001110011000100100111');
insert into t values ();
select hex(a) from t;
hex(a)
62273127
